Player,Team,Pos,Rookie Season,Career Games,Age,Est. Retirement Age,Years Remaining,+1,+2,+3,+4,+5,+6,+7,+8,+9,+10,+11,+12,+13,+14,+15
Victor Wembanyama,San Antonio Spurs,F-C,2024,267,22.4,35.4,13.0,100.0,100.0,100.0,100.0,100.0,100.0,100.0,96.6,96.2,96.0,93.8,77.4,66.7,66.7,66.7
Cooper Flagg,Dallas Mavericks,F,2026,82,19.3,31.2,11.9,100.0,100.0,99.2,98.3,97.5,96.3,92.1,88.9,82.3,76.5,76.5,72.3,63.2,58.7,49.7
Dylan Harper,San Antonio Spurs,G,2026,103,20.3,32.2,11.9,100.0,100.0,99.2,98.3,97.5,96.3,92.1,88.9,82.3,76.5,75.8,72.3,63.2,53.7,42.1
Shai Gilgeous-Alexander,Oklahoma City Thunder,G,2019,701,28.0,39.8,11.8,100.0,99.8,99.8,98.8,97.5,96.3,92.1,88.9,82.3,75.2,63.8,54.4,45.7,36.1,23.6
Stephon Castle,San Antonio Spurs,G,2025,185,21.6,32.7,11.1,100.0,100.0,99.2,98.3,97.5,96.3,92.1,88.9,82.3,75.2,69.5,54.4,45.7,38.7,29.5
Kon Knueppel,Charlotte Hornets,F,2026,84,20.7,31.7,11.0,100.0,100.0,99.2,98.3,96.8,94.2,92.1,87.5,82.3,72.6,63.8,54.4,45.7,38.7,29.5
Collin Murray-Boyles,Toronto Raptors,F,2026,89,20.9,31.3,10.4,100.0,99.8,99.2,97.8,96.0,94.2,88.5,81.3,76.5,69.3,63.8,54.4,45.7,36.1,27.4
VJ Edgecombe,Philadelphia 76ers,G,2026,94,20.8,31.2,10.4,100.0,99.8,99.2,97.8,95.2,91.6,88.2,80.0,70.1,69.3,63.8,54.4,45.7,34.5,27.4
Cade Cunningham,Detroit Pistons,G,2022,430,24.8,34.8,9.9,100.0,99.6,99.2,97.8,95.2,91.6,88.2,81.0,70.1,60.8,52.4,42.9,28.7,20.0,12.7
Amen Thompson,Houston Rockets,G-F,2024,260,23.5,33.2,9.8,100.0,99.6,99.2,97.8,93.8,91.6,85.5,77.9,67.3,56.0,45.5,33.6,22.6,14.0,8.6
Chet Holmgren,Oklahoma City Thunder,C-F,2023,380,24.2,34.0,9.8,100.0,99.6,99.2,97.8,95.2,91.6,85.5,78.7,68.4,57.3,45.5,33.6,23.1,14.9,10.2
Derik Queen,New Orleans Pelicans,C,2026,82,21.3,31.0,9.8,100.0,99.6,99.2,97.8,94.4,91.6,85.5,77.9,67.3,57.3,45.6,42.9,28.7,18.3,12.7
Kasparas Jakučionis,Miami Heat,G,2026,83,19.9,29.6,9.8,100.0,99.6,99.2,96.6,91.7,87.1,80.4,72.7,66.8,56.0,45.6,42.9,28.7,18.3,18.3
Scottie Barnes,Toronto Raptors,F,2022,425,25.0,34.7,9.8,99.9,99.6,99.2,97.8,93.8,91.6,85.5,77.9,67.3,56.0,45.5,29.0,20.6,14.0,8.6
Anthony Edwards,Minnesota Timberwolves,G,2021,540,25.0,34.2,9.3,99.9,99.5,99.2,96.6,91.7,87.1,85.5,77.9,67.3,56.0,45.5,29.0,20.6,14.0,8.6
Cason Wallace,Oklahoma City Thunder,G,2024,296,22.7,31.9,9.2,100.0,99.6,99.2,96.6,91.7,85.6,80.4,72.7,60.4,48.9,45.5,29.0,20.6,14.0,8.6
Cedric Coward,Memphis Grizzlies,G,2026,82,22.6,31.8,9.2,100.0,99.6,99.2,96.6,91.7,87.1,80.4,72.7,67.2,56.0,45.5,29.0,20.6,14.0,8.6
Hugo González,Boston Celtics,G,2026,89,20.2,29.5,9.2,100.0,99.6,99.2,96.6,91.2,85.2,75.4,68.4,60.4,48.9,45.5,33.6,24.4,16.7,12.7
Nikola Jokic,Denver Nuggets,C-F,2016,984,31.4,40.4,9.0,100.0,99.6,99.2,97.8,95.2,91.6,85.5,78.7,70.1,60.8,50.0,34.1,24.4,16.7,10.2
Jalen Duren,Detroit Pistons,C,2023,349,22.7,31.6,8.9,99.9,99.6,98.4,94.4,88.6,81.1,75.4,68.4,60.4,47.4,41.2,29.0,19.9,10.8,8.4
Jeremiah Fears,New Orleans Pelicans,PG,2026,82,19.5,28.4,8.9,100.0,99.6,99.2,94.4,88.6,81.1,71.7,61.1,50.4,46.5,41.2,29.0,23.1,16.7,12.7
Julian Champagnie,San Antonio Spurs,F,2023,345,24.9,33.9,8.9,99.9,99.6,99.2,96.6,91.7,87.1,80.4,72.7,58.3,46.5,33.2,23.2,16.4,10.8,6.5
Luka Doncic,Los Angeles Lakers,G,2019,710,27.4,36.1,8.7,99.9,99.6,99.2,97.8,95.2,91.6,85.5,77.9,67.2,48.9,41.2,29.0,19.9,10.8,7.2
Carter Bryant,San Antonio Spurs,F,2026,103,20.5,29.0,8.5,99.9,99.6,97.0,92.9,88.1,80.2,71.7,60.3,50.4,41.5,35.1,29.0,20.6,14.0,8.6
Donovan Clingan,Portland Trail Blazers,C,2025,171,22.4,30.9,8.5,100.0,99.6,99.2,95.1,91.2,85.2,75.4,65.5,58.3,46.5,33.2,23.5,18.3,10.8,7.2
Egor Dëmin,Brooklyn Nets,G,2026,82,20.1,28.4,8.3,99.9,99.0,95.2,90.3,85.9,79.0,70.3,58.7,48.6,40.3,33.2,25.5,20.6,14.0,8.6
Ausar Thompson,Detroit Pistons,G-F,2024,267,23.5,31.7,8.2,99.9,99.6,98.2,94.4,88.6,81.1,71.7,61.1,48.6,38.4,26.3,17.0,9.4,5.8,4.1
LaMelo Ball,Charlotte Hornets,G,2021,486,24.9,33.1,8.2,99.9,98.6,95.8,92.3,88.1,80.2,71.7,61.1,50.4,39.8,26.3,19.5,11.0,7.3,4.8
Alperen Sengun,Houston Rockets,C,2022,424,24.0,31.8,7.8,99.9,98.6,95.0,90.3,85.9,79.0,70.3,58.7,48.6,38.4,26.3,17.0,10.3,5.8,4.8
Joan Beringer,Minnesota Timberwolves,F,2026,94,19.5,27.3,7.8,99.9,98.5,94.7,88.3,79.9,70.6,62.1,56.3,43.2,38.4,31.1,23.2,19.9,14.0,8.6
Ryan Kalkbrenner,Charlotte Hornets,C,2026,84,24.2,32.0,7.8,99.9,98.6,95.0,90.3,85.9,79.0,70.3,56.3,43.2,32.4,21.4,14.1,7.5,4.9,3.0
Tyrese Maxey,Philadelphia 76ers,G,2021,537,25.7,33.4,7.7,99.9,99.0,98.2,94.4,88.6,81.1,71.7,61.1,50.4,40.3,26.3,19.5,14.5,9.2,5.1
Khaman Maluach,Phoenix Suns,C,2026,88,19.6,27.3,7.6,99.9,98.6,94.7,88.3,77.5,64.9,58.6,50.1,43.2,37.3,26.3,23.2,16.4,10.8,7.4
Evan Mobley,Cleveland Cavaliers,C,2022,457,25.1,32.6,7.5,99.9,98.6,97.0,92.9,88.1,80.2,71.7,61.1,50.4,40.3,26.3,19.5,11.0,9.0,4.8
Devin Vassell,San Antonio Spurs,G-F,2021,505,25.8,33.3,7.5,99.9,99.5,97.0,94.4,88.6,81.1,71.7,58.7,43.2,32.4,21.4,14.1,7.5,4.2,2.6
Jalen Brunson,New York Knicks,G,2019,715,29.8,37.2,7.5,99.9,99.6,99.2,94.4,88.6,81.1,70.3,56.3,43.2,31.7,19.6,10.8,6.7,4.1,2.6
OG Anunoby,New York Knicks,F,2018,818,28.9,36.4,7.5,99.9,99.3,98.2,94.4,88.6,80.2,70.3,56.3,41.9,29.1,17.7,10.8,6.7,4.0,1.4
Danny Wolf,Brooklyn Nets,F,2026,82,21.9,29.2,7.2,99.8,98.0,90.4,81.3,72.0,62.4,51.4,44.8,40.9,31.7,21.4,14.1,9.4,5.8,4.1
Yanic Konan Niederhäuser,Los Angeles Clippers,C,2026,83,23.1,30.3,7.2,99.8,98.0,90.4,82.7,72.0,64.0,55.6,50.1,40.9,31.7,21.4,14.1,7.5,4.9,3.0
Karl-Anthony Towns,New York Knicks,C-F,2016,944,30.6,37.6,7.0,99.9,99.0,98.2,92.9,88.1,79.0,62.2,50.1,37.3,22.7,16.0,10.3,5.0,2.7,1.4
De'Aaron Fox,San Antonio Spurs,G,2018,750,28.5,35.4,7.0,99.9,98.6,97.0,92.3,85.9,72.4,58.6,44.8,29.5,22.7,14.6,9.0,4.3,2.0,1.2
Donovan Mitchell,Cleveland Cavaliers,G,2018,803,29.9,36.9,7.0,99.9,98.6,95.8,91.8,85.9,72.4,58.6,49.8,35.2,22.7,14.6,9.0,5.0,2.7,1.4
Tre Johnson,Washington Wizards,G,2026,82,20.1,26.9,6.8,99.9,98.1,90.4,81.3,72.0,62.4,51.1,41.4,35.2,29.0,21.4,14.1,10.3,8.7,5.3
Brandon Miller,Charlotte Hornets,F,2024,249,23.7,30.2,6.6,99.9,98.6,94.7,85.2,77.5,64.9,54.7,41.4,31.4,22.7,14.6,9.0,5.0,3.2,1.4
Jamal Murray,Denver Nuggets,G,2017,902,29.4,35.8,6.4,99.9,98.1,95.0,88.3,77.5,64.0,51.1,37.9,26.9,17.3,10.8,5.9,2.8,2.0,0.5
Jayson Tatum,Boston Celtics,F,2018,851,28.4,34.8,6.4,99.8,98.0,95.0,88.3,79.0,64.9,51.4,41.4,29.5,22.7,14.6,9.0,5.0,2.4,1.2
Ace Bailey,Utah Jazz,G,2026,82,19.7,26.0,6.3,99.8,98.1,90.4,81.0,71.6,58.2,48.5,37.9,28.2,22.7,19.6,14.1,9.4,5.8,4.8
Will Riley,Washington Wizards,G,2026,82,20.2,26.5,6.3,99.8,98.1,90.4,81.0,71.6,58.2,48.5,37.9,28.2,22.7,19.6,14.1,9.4,5.8,4.1
Asa Newell,Atlanta Hawks,F,2026,88,20.6,26.8,6.3,98.6,95.0,87.6,78.1,63.9,49.3,42.1,36.4,28.2,22.7,18.8,14.1,7.5,5.8,4.8
Ben Saraf,Brooklyn Nets,PG,2026,82,20.0,26.3,6.3,99.8,98.0,90.4,80.3,69.7,58.2,45.8,36.8,28.2,22.7,17.7,14.1,7.5,5.8,4.1
Dyson Daniels,Atlanta Hawks,G,2023,343,23.4,29.6,6.3,99.9,98.6,90.4,81.3,72.0,62.4,48.5,37.9,28.2,17.3,14.0,9.0,4.3,2.4,1.2
Jase Richardson,Orlando Magic,G,2026,91,20.5,26.8,6.3,99.2,96.0,88.8,78.4,65.7,49.3,43.7,36.8,28.2,22.7,19.6,14.1,9.4,5.8,4.8
Javon Small,Memphis Grizzlies,G,2026,82,23.3,29.6,6.3,99.5,97.0,89.8,80.3,69.7,58.2,48.5,37.9,31.4,22.7,16.0,10.3,6.7,4.2,2.6
Maxime Raynaud,Sacramento Kings,C,2026,82,23.0,29.3,6.3,99.8,98.0,90.4,81.0,69.7,58.2,48.5,37.9,28.2,22.7,14.6,10.3,6.7,3.2,2.6
Nolan Traore,Brooklyn Nets,G,2026,82,19.9,26.2,6.3,99.5,97.0,88.8,78.1,63.9,49.3,41.8,33.3,26.2,22.7,16.0,14.1,7.5,5.8,4.1
Paolo Banchero,Orlando Magic,F,2023,351,23.7,30.0,6.3,99.9,99.5,92.8,85.2,77.5,64.0,48.5,36.8,26.2,17.3,9.1,5.4,2.6,0.9,0.5
Reed Sheppard,Houston Rockets,G,2025,178,22.1,28.4,6.3,99.9,99.6,92.8,85.2,77.5,64.9,48.5,36.4,26.2,17.3,10.8,5.9,4.3,2.0,1.2
Isaiah Hartenstein,Oklahoma City Thunder,F-C,2019,705,28.2,34.4,6.2,99.5,97.1,92.8,85.2,72.0,58.2,48.5,36.4,26.2,17.3,10.5,5.4,2.8,2.0,0.5
Jarrett Allen,Cleveland Cavaliers,C,2018,775,28.3,34.5,6.2,99.5,97.0,92.8,85.2,72.0,58.2,48.5,36.8,26.2,17.3,10.5,5.9,2.8,2.0,0.5
Drake Powell,Brooklyn Nets,G,2026,82,20.6,26.6,6.0,99.5,97.0,88.8,78.1,63.9,49.3,41.8,31.4,26.2,22.7,16.0,10.8,6.7,4.9,3.0
Sion James,Charlotte Hornets,G,2026,84,23.4,29.4,6.0,99.5,97.0,88.8,78.4,67.4,49.6,43.7,36.4,26.2,17.3,14.6,9.0,5.0,2.7,1.4
Deni Avdija,Portland Trail Blazers,F,2021,495,25.6,31.5,5.9,99.5,97.0,88.8,80.1,68.5,57.2,43.4,31.0,21.4,13.6,9.1,5.4,2.6,0.9,0.5
Jalen Suggs,Orlando Magic,G,2022,433,25.1,31.0,5.9,99.5,97.0,88.8,80.1,68.5,57.2,43.4,31.0,21.4,13.6,9.1,5.4,2.6,0.9,0.5
Mikal Bridges,New York Knicks,F-G,2019,713,29.8,35.7,5.9,99.8,98.0,92.8,82.7,71.6,58.2,43.4,29.2,19.9,11.9,6.8,3.3,1.6,0.8,0.4
Miles McBride,New York Knicks,G,2022,469,25.7,31.6,5.9,99.2,96.0,88.8,80.3,69.7,57.2,43.7,33.3,26.2,17.3,10.5,5.4,2.8,2.0,1.2
Mitchell Robinson,New York Knicks,C,2019,694,28.2,34.1,5.9,99.5,97.1,92.8,85.2,72.0,58.2,43.7,33.3,21.4,13.6,9.1,5.4,2.2,0.9,0.5
Onyeka Okongwu,Atlanta Hawks,F-C,2021,524,25.6,31.5,5.9,99.5,97.0,88.8,80.1,68.5,49.6,41.8,31.0,21.4,13.6,9.1,3.6,2.2,0.9,0.5
Ajay Mitchell,Oklahoma City Thunder,G,2025,204,24.1,29.8,5.7,99.8,98.0,88.8,80.1,67.4,49.6,41.8,31.0,21.4,13.6,9.1,5.4,2.2,0.9,0.5
Anthony Black,Orlando Magic,G,2024,269,22.5,28.2,5.7,99.9,98.6,88.8,80.1,67.4,49.3,35.3,23.6,15.2,11.9,6.8,3.3,1.6,0.9,0.5
Brandin Podziemski,Golden State Warriors,G,2024,263,23.4,29.1,5.7,99.9,98.1,89.8,80.1,67.4,49.6,41.8,29.0,21.4,13.3,9.0,3.6,2.2,0.9,0.5
Dylan Cardwell,Sacramento Kings,C,2026,82,24.3,30.0,5.7,98.1,91.5,81.5,69.7,60.9,49.3,41.8,31.4,26.2,17.3,13.7,9.0,5.0,2.7,1.4
Liam McNeeley,Charlotte Hornets,F,2026,84,20.5,26.2,5.7,98.1,91.5,81.5,69.7,57.3,47.0,35.3,31.0,26.2,22.7,16.0,10.9,7.5,4.9,3.0
Walter Clayton Jr.,Memphis Grizzlies,G,2026,85,23.1,28.8,5.7,98.6,95.0,81.5,69.7,57.3,47.0,35.3,29.0,21.4,17.3,10.5,7.5,4.3,2.4,1.2
Franz Wagner,Orlando Magic,F,2022,433,24.9,30.3,5.4,98.1,90.3,79.5,69.7,56.1,47.0,35.3,25.9,21.4,13.6,9.1,5.4,2.8,2.0,1.2
Nique Clifford,Sacramento Kings,G,2026,82,24.2,29.5,5.4,98.6,95.0,81.5,69.7,57.3,47.0,35.3,25.9,21.4,13.6,9.1,5.4,2.6,2.0,0.5
Ryan Rollins,Milwaukee Bucks,G,2023,328,24.1,29.4,5.4,99.2,96.0,84.1,74.2,57.8,47.0,35.3,25.9,19.9,13.3,9.0,5.4,2.6,0.9,0.5
Giannis Antetokounmpo,Milwaukee Bucks,F-G,2014,1144,31.6,36.9,5.3,98.1,91.5,81.5,69.7,56.1,41.5,32.4,21.1,14.5,8.9,5.3,2.9,1.4,0.6,0.4
Austin Reaves,Los Angeles Lakers,G,2022,450,28.2,33.4,5.3,99.5,97.1,90.4,80.3,67.4,49.3,35.3,20.9,12.4,7.0,3.4,1.9,0.9,0.3,0.0
Bam Adebayo,Miami Heat,C-F,2018,807,29.0,34.3,5.3,99.2,96.0,89.8,80.3,67.4,49.3,37.1,25.9,18.1,11.9,6.8,3.3,1.6,0.9,0.4
Jaylen Brown,Boston Celtics,F,2017,950,29.8,35.0,5.3,99.5,97.0,90.4,80.1,67.4,49.3,35.3,23.6,14.6,8.9,5.3,2.9,1.4,0.6,0.4
Keldon Johnson,San Antonio Spurs,F,2020,576,26.7,31.9,5.3,98.6,95.0,87.6,78.1,63.9,49.3,35.3,23.6,15.2,11.9,5.7,3.3,1.6,0.9,0.5
Devin Booker,Phoenix Suns,G,2016,940,29.7,35.0,5.3,99.5,96.0,88.8,78.4,63.9,47.0,33.0,20.9,14.5,7.5,4.4,2.3,0.9,0.6,0.0
Ja'Kobe Walter,Toronto Raptors,G,2025,168,21.9,27.1,5.2,99.9,98.6,88.8,74.7,57.3,47.0,30.1,20.1,14.5,8.0,5.3,2.9,1.6,0.8,0.4
Jalen Johnson,Atlanta Hawks,F,2022,434,24.6,29.8,5.2,99.2,96.0,81.5,69.7,57.3,47.0,33.0,23.6,14.5,8.0,5.3,2.9,1.4,0.6,0.4
Moussa Diabate,Charlotte Hornets,F,2023,328,24.5,29.7,5.2,98.1,92.3,80.7,69.7,57.3,47.0,35.3,23.6,16.7,11.9,6.8,3.3,2.2,0.9,0.5
Noa Essengue,Chicago Bulls,F,2026,82,19.3,24.5,5.2,97.1,89.2,76.4,63.2,51.3,38.4,30.1,23.6,17.1,13.6,12.5,9.0,6.7,4.2,3.0
Oso Ighodaro,Phoenix Suns,F,2025,171,24.0,29.2,5.2,99.5,97.0,84.1,69.7,57.3,47.0,35.3,23.6,14.6,10.4,5.3,2.9,1.6,0.8,0.4
Rasheer Fleming,Phoenix Suns,F,2026,88,21.8,27.0,5.2,98.1,91.5,79.1,63.8,51.3,41.5,30.1,23.6,18.1,13.6,10.5,7.5,4.3,2.7,1.4
Thomas Sorber,Oklahoma City Thunder,C,2026,97,20.4,25.6,5.2,97.1,88.0,71.9,61.5,51.3,38.4,30.1,23.6,18.1,17.3,14.6,10.3,6.7,4.2,3.0
Josh Hart,New York Knicks,G,2018,775,31.3,36.2,4.9,98.1,91.5,80.7,69.7,51.3,38.4,27.5,17.3,10.5,5.4,3.1,0.8,0.5,0.1,0.0
Jalen Williams,Oklahoma City Thunder,G-F,2023,380,25.3,30.2,4.9,98.6,95.0,81.5,69.7,57.3,47.0,35.3,23.6,14.6,10.4,5.3,2.9,1.6,0.8,0.4
Desmond Bane,Orlando Magic,G,2021,522,28.1,32.9,4.9,99.5,97.0,88.8,74.7,57.3,43.4,28.7,17.3,10.5,5.4,2.8,0.8,0.5,0.1,0.0
Kel'el Ware,Miami Heat,C,2025,172,22.3,27.1,4.8,99.5,97.3,80.7,63.8,51.3,38.9,27.5,17.3,10.5,5.4,3.1,1.9,0.9,0.6,0.4
Moussa Cisse,Dallas Mavericks,C,2026,82,23.6,28.4,4.8,97.1,88.0,71.9,58.9,51.3,38.4,30.1,23.6,17.1,13.6,9.1,5.4,3.6,2.0,1.2
Noah Penda,Orlando Magic,G-F,2026,91,21.3,26.2,4.8,97.1,88.0,71.9,58.9,51.3,38.4,28.7,20.2,15.2,13.6,10.5,9.0,5.0,3.2,2.6
Will Richard,Golden State Warriors,G,2026,84,23.3,28.2,4.8,97.1,90.3,76.4,63.2,51.3,38.4,30.1,23.6,15.2,11.9,9.0,5.4,2.8,2.0,1.2
Jabari Smith Jr.,Houston Rockets,F,2023,342,23.2,28.0,4.8,99.8,98.1,80.7,63.8,51.3,38.4,21.3,13.6,7.6,3.9,1.5,0.8,0.3,0.0,0.0
Yang Hansen,Portland Trail Blazers,C,2026,88,20.8,25.5,4.7,95.0,84.7,70.5,53.4,42.1,32.4,27.5,17.3,14.5,11.9,9.1,7.5,5.0,3.2,2.6
Darius Garland,Los Angeles Clippers,G,2020,579,26.5,31.1,4.6,98.1,92.3,80.7,69.7,56.1,41.5,30.1,17.3,10.5,7.0,3.1,1.9,0.9,0.3,0.0
Neemias Queta,Boston Celtics,C,2022,448,27.0,31.6,4.6,98.1,91.5,81.5,69.7,56.1,41.5,30.1,17.3,10.5,5.4,3.1,1.9,0.9,0.3,0.0
Tari Eason,Houston Rockets,F,2023,341,25.2,29.8,4.6,99.5,97.0,81.5,69.7,51.3,41.5,28.7,17.3,10.5,5.4,2.1,0.8,0.5,0.1,0.0
Zion Williamson,New Orleans Pelicans,F,2020,570,26.1,30.7,4.6,98.1,91.5,79.5,63.8,51.3,41.5,30.1,20.1,14.5,8.0,5.3,2.9,1.4,0.6,0.4
Luke Kornet,San Antonio Spurs,F-C,2018,763,30.9,35.4,4.5,98.1,91.5,80.7,63.8,51.3,38.4,27.5,17.3,10.5,5.4,3.1,0.8,0.5,0.1,0.0
Jose Alvarado,New York Knicks,G,2022,443,28.1,32.6,4.4,98.1,90.3,79.5,63.8,51.3,38.4,27.5,17.3,10.5,5.4,3.1,1.9,0.7,0.3,0.0
RJ Barrett,Toronto Raptors,F-G,2020,572,26.1,30.6,4.4,98.6,93.2,79.5,63.8,51.3,38.4,27.5,14.0,9.5,5.4,2.1,0.8,0.3,0.1,0.0
Immanuel Quickley,Toronto Raptors,G,2021,506,27.1,31.5,4.4,97.1,90.3,76.4,63.2,45.5,32.4,20.8,14.0,7.8,4.0,2.1,0.8,0.3,0.1,0.0
Naz Reid,Minnesota Timberwolves,C,2020,604,26.9,31.4,4.4,98.6,93.7,79.5,63.2,45.5,32.4,20.8,11.0,6.5,2.6,0.5,0.2,0.1,0.0,0.0
Nickeil Alexander-Walker,Atlanta Hawks,G,2020,603,27.9,32.3,4.4,98.1,91.5,79.5,63.2,43.7,30.9,20.8,12.4,7.6,2.9,0.9,0.2,0.1,0.0,0.0
Tyrese Haliburton,Indiana Pacers,G,2021,524,26.4,30.8,4.4,94.9,81.4,70.5,57.5,45.5,38.4,27.5,17.3,10.7,8.0,5.3,2.9,1.6,0.9,0.4
Chaney Johnson,Brooklyn Nets,F,2026,54,23.8,28.2,4.4,93.5,79.1,64.8,51.6,40.1,30.9,27.5,17.3,14.5,10.4,6.8,3.6,2.6,2.0,1.2
Jamir Watkins,Washington Wizards,F,2026,82,24.8,29.1,4.4,95.0,84.7,70.5,53.4,42.1,32.4,27.5,17.3,10.5,7.0,4.4,2.9,1.4,0.8,0.4
Kobe Sanders,Los Angeles Clippers,G,2026,83,23.9,28.2,4.4,94.9,84.7,69.0,53.4,40.1,30.9,23.2,17.3,10.5,7.5,5.3,2.9,1.6,0.9,0.5
Pacôme Dadiet,New York Knicks,F,2025,199,20.9,25.0,4.1,93.5,79.1,62.3,49.2,39.0,28.7,20.8,17.3,10.7,10.4,9.1,5.4,4.3,3.2,1.4
Ryan Nembhard,Dallas Mavericks,PG,2026,82,23.1,27.2,4.1,94.9,81.4,64.8,51.6,40.1,28.8,23.2,17.3,10.7,8.9,5.7,3.3,2.2,0.9,0.5
Bez Mbeng,Utah Jazz,PG,2026,16,22.9,26.9,4.0,94.1,79.1,62.3,49.2,39.0,28.7,20.8,17.3,10.5,8.0,5.3,3.3,2.2,0.9,0.5
Josh Giddey,Chicago Bulls,G,2022,424,23.8,27.7,4.0,98.1,91.5,71.1,53.4,40.1,28.8,20.8,13.3,7.6,4.0,1.5,0.8,0.3,0.1,0.0
Mohamed Diawara,New York Knicks,F,2026,99,21.1,25.1,4.0,94.9,81.4,64.8,51.0,39.0,28.2,20.8,15.3,10.5,8.9,6.8,5.4,2.8,2.0,1.2
Christian Braun,Denver Nuggets,G,2023,381,25.3,29.2,3.9,98.1,91.5,76.4,57.5,42.1,30.9,20.8,12.4,7.6,2.9,0.9,0.2,0.1,0.0,0.0
Collin Gillespie,Phoenix Suns,G,2023,335,27.1,31.0,3.9,97.1,88.0,71.9,57.5,42.6,28.8,20.8,12.7,7.6,3.1,1.5,0.8,0.3,0.0,0.0
Payton Pritchard,Boston Celtics,G,2021,570,28.5,32.4,3.9,98.1,92.3,79.1,58.9,42.1,27.9,14.3,8.0,4.2,0.9,0.5,0.2,0.0,0.0,0.0
Sandro Mamukelashvili,Toronto Raptors,F-C,2022,416,27.2,31.1,3.9,96.3,84.7,70.5,57.5,42.1,28.8,20.8,13.3,7.6,4.0,2.1,0.8,0.3,0.1,0.0
Day'Ron Sharpe,Brooklyn Nets,F,2022,420,24.7,28.6,3.9,93.3,79.1,59.1,44.7,35.4,27.9,20.8,13.3,7.8,5.4,3.1,1.9,0.7,0.3,0.0
Jalen Green,Phoenix Suns,G,2022,424,24.5,28.4,3.9,98.1,90.3,64.8,44.7,34.3,23.7,13.6,8.0,4.2,0.9,0.5,0.2,0.0,0.0,0.0
Jeremy Sochan,New York Knicks,F,2023,343,23.0,26.9,3.9,92.0,74.6,57.7,44.2,34.3,25.4,17.8,13.6,10.5,5.4,4.4,2.9,1.6,0.9,0.5
Myron Gardner,Miami Heat,F,2026,83,24.9,28.8,3.9,90.2,73.5,59.1,44.7,36.7,27.9,20.8,14.0,10.5,7.0,4.4,2.9,1.6,0.9,0.5
Derrick White,Boston Celtics,G,2018,811,32.1,35.9,3.9,97.1,84.7,70.0,51.6,35.4,23.7,13.6,8.0,4.2,0.9,0.5,0.2,0.0,0.0,0.0
Kawhi Leonard,Los Angeles Clippers,F,2012,1368,35.1,38.9,3.8,99.5,97.0,88.8,78.1,60.9,47.0,30.1,17.3,10.5,5.4,3.1,0.8,0.5,0.1,0.0
Tyler Herro,Miami Heat,G,2020,637,26.5,30.3,3.7,97.1,88.0,70.5,53.4,40.1,27.9,17.8,9.8,7.6,2.9,1.5,0.3,0.1,0.0,0.0
Jaylin Williams,Oklahoma City Thunder,F,2023,380,24.1,27.8,3.7,97.1,88.0,64.8,44.7,34.3,20.2,13.6,8.4,4.2,2.6,0.5,0.2,0.1,0.0,0.0
Julian Reese,Washington Wizards,F,2026,23,22.8,26.5,3.7,90.2,73.3,56.6,43.1,30.1,25.4,17.8,13.6,10.5,7.0,4.4,2.9,1.6,0.9,0.5
Kyle Filipowski,Utah Jazz,C,2025,165,22.7,26.4,3.7,97.1,88.0,62.3,44.2,27.8,20.2,13.6,8.4,5.4,2.9,1.5,0.8,0.3,0.1,0.0
Matas Buzelis,Chicago Bulls,F,2025,166,21.8,25.5,3.7,99.8,98.0,70.5,44.7,27.8,20.2,8.2,3.7,1.3,0.9,0.2,0.0,0.0,0.0,0.0
Malachi Smith,Brooklyn Nets,F,2026,16,26.3,30.0,3.7,93.3,79.1,62.3,51.0,39.0,28.2,20.8,14.0,9.5,5.4,3.1,1.9,0.9,0.6,0.3
Michael Porter Jr.,Brooklyn Nets,F,2019,732,28.1,31.8,3.7,95.0,84.7,70.5,53.4,40.1,27.9,17.7,11.0,7.6,2.9,1.5,0.4,0.1,0.0,0.0
Robert Williams III,Portland Trail Blazers,F,2019,719,28.8,32.5,3.7,94.9,84.7,70.5,53.4,39.0,27.9,17.8,12.4,7.6,3.9,1.5,0.8,0.3,0.0,0.0
Donte DiVincenzo,Minnesota Timberwolves,G,2019,738,29.5,33.2,3.7,97.1,88.0,70.5,53.4,39.0,26.0,14.3,8.4,4.2,2.6,0.5,0.2,0.1,0.0,0.0
Jaden McDaniels,Minnesota Timberwolves,F,2021,540,25.8,29.5,3.7,98.1,91.5,70.5,51.6,39.0,27.9,14.3,8.4,4.2,0.9,0.5,0.2,0.0,0.0,0.0
Jaren Jackson Jr.,Utah Jazz,F,2019,667,26.9,30.5,3.7,94.1,79.1,64.8,51.6,39.0,27.9,20.1,12.4,7.6,3.9,1.5,0.8,0.3,0.1,0.0
Landry Shamet,New York Knicks,G,2019,697,29.2,32.9,3.7,96.3,84.7,70.5,53.4,39.0,27.7,14.3,9.6,6.5,2.9,0.9,0.2,0.1,0.0,0.0
Ty Jerome,Memphis Grizzlies,G,2020,578,29.0,32.7,3.7,94.9,84.7,70.0,51.6,39.0,26.0,16.0,9.8,7.6,2.9,1.5,0.4,0.1,0.0,0.0
Toumani Camara,Portland Trail Blazers,F,2024,253,26.2,29.8,3.6,97.1,88.0,64.8,51.0,35.4,26.0,13.6,8.0,4.2,0.9,0.5,0.2,0.0,0.0,0.0
Adou Thiero,Los Angeles Lakers,G,2026,92,22.0,25.6,3.6,89.9,73.3,52.3,37.3,27.5,20.2,14.3,12.7,9.5,5.4,4.4,2.9,1.6,0.9,0.5
Ariel Hukporti,New York Knicks,C,2025,199,24.1,27.7,3.6,89.9,69.0,52.3,37.3,27.5,20.2,14.3,12.4,7.8,5.4,3.1,1.9,0.9,0.6,0.4
Caleb Love,Portland Trail Blazers,G,2026,82,24.5,28.1,3.6,89.9,69.0,52.3,37.3,27.5,20.2,14.3,12.4,7.6,5.4,3.1,1.9,0.9,0.6,0.4
Jahmai Mashack,Memphis Grizzlies,PG,2026,68,23.4,27.0,3.6,89.9,73.3,56.3,37.3,27.8,20.2,16.0,12.7,9.5,5.4,3.1,1.9,1.4,0.6,0.4
Lachlan Olbrich,Chicago Bulls,C,2026,82,22.3,25.9,3.6,87.9,66.9,52.3,35.1,26.1,20.2,14.3,12.4,9.5,5.4,3.4,2.9,1.6,0.9,0.5
Mouhamed Gueye,Atlanta Hawks,F,2024,256,23.7,27.3,3.6,93.3,79.1,57.7,43.1,27.5,20.2,14.3,10.4,7.6,4.0,2.1,0.8,0.5,0.3,0.0
Ronald Holland II,Detroit Pistons,F,2025,185,21.1,24.6,3.6,98.1,91.5,59.1,37.0,21.8,14.2,8.2,3.7,1.9,0.9,0.5,0.2,0.0,0.0,0.0
Joel Embiid,Philadelphia 76ers,C-F,2015,1045,32.4,35.8,3.4,94.9,81.4,64.8,47.1,34.9,20.2,13.6,8.0,4.2,0.9,0.5,0.2,0.1,0.0,0.0
Derrick Jones Jr.,Los Angeles Clippers,F,2017,856,29.4,32.9,3.4,94.9,79.1,62.3,44.7,34.3,20.2,10.9,8.0,4.2,1.6,0.5,0.2,0.1,0.0,0.0
Trey Murphy III,New Orleans Pelicans,F,2022,426,26.1,29.5,3.4,97.1,88.0,64.8,44.7,34.9,20.2,10.6,6.2,1.9,0.9,0.5,0.2,0.0,0.0,0.0
Tyler Kolek,New York Knicks,G,2025,199,25.2,28.6,3.4,90.2,74.6,57.7,44.2,35.4,27.9,20.8,13.6,9.5,5.4,3.1,1.9,0.9,0.6,0.4
James Harden,Cleveland Cavaliers,G,2010,1547,36.9,40.3,3.4,90.2,73.3,44.9,29.4,17.8,8.2,3.8,2.3,0.3,0.1,0.0,0.0,0.0,0.0,0.0
Kevin Durant,Houston Rockets,F-G,2008,1702,37.8,41.2,3.4,94.1,79.1,56.6,35.1,21.8,10.9,5.0,2.3,1.0,0.1,0.0,0.0,0.0,0.0,0.0
Jaime Jaquez Jr.,Miami Heat,G,2024,261,25.4,28.8,3.4,98.1,91.5,64.8,44.2,27.5,16.6,8.2,3.7,1.3,0.1,0.0,0.0,0.0,0.0,0.0
Wendell Carter Jr.,Orlando Magic,F,2019,651,27.3,30.7,3.4,95.0,84.7,64.8,44.7,30.1,18.4,10.0,6.0,1.9,0.9,0.5,0.2,0.0,0.0,0.0
Alex Caruso,Oklahoma City Thunder,G,2018,793,32.4,35.8,3.3,94.9,79.2,62.3,44.2,27.8,16.6,10.0,6.2,1.9,0.9,0.5,0.2,0.0,0.0,0.0
Jakob Poeltl,Toronto Raptors,C,2017,836,30.8,34.1,3.3,94.9,79.1,59.1,44.2,27.5,16.6,10.0,6.2,4.1,0.9,0.5,0.2,0.0,0.0,0.0
Rudy Gobert,Minnesota Timberwolves,C,2014,1147,34.1,37.4,3.3,94.9,79.2,61.4,43.1,26.1,14.2,8.2,3.7,1.9,0.9,0.2,0.1,0.0,0.0,0.0
Gui Santos,Golden State Warriors,F,2024,255,24.1,27.3,3.2,93.3,79.1,56.3,35.1,21.8,14.2,10.0,6.2,4.2,0.9,0.5,0.2,0.1,0.0,0.0
Blake Hinson,Utah Jazz,F,2026,28,26.3,29.4,3.1,87.9,66.9,52.3,37.3,27.5,20.2,14.3,9.8,7.6,3.9,1.5,0.8,0.5,0.1,0.0
Brandon Ingram,Toronto Raptors,F,2017,822,28.9,32.0,3.1,97.1,88.0,64.8,44.2,27.5,14.2,8.2,3.7,1.9,0.9,0.2,0.0,0.0,0.0,0.0
Isaiah Joe,Oklahoma City Thunder,G,2021,558,27.1,30.2,3.1,94.9,81.4,59.1,43.1,26.1,14.2,8.2,3.7,1.9,0.9,0.2,0.1,0.0,0.0,0.0
Jordan McLaughlin,San Antonio Spurs,G,2020,599,30.2,33.3,3.1,90.2,73.3,52.3,35.1,21.8,14.2,8.4,6.0,1.9,0.9,0.5,0.2,0.0,0.0,0.0
Aaron Gordon,Denver Nuggets,F,2015,1043,30.9,33.8,2.9,89.9,69.0,52.3,31.2,21.8,11.9,8.2,3.7,1.9,0.9,0.5,0.2,0.0,0.0,0.0
Cameron Johnson,Denver Nuggets,F,2020,603,30.4,33.3,2.9,93.6,79.1,52.3,30.2,17.8,10.4,3.8,2.3,0.3,0.1,0.0,0.0,0.0,0.0,0.0
Pascal Siakam,Indiana Pacers,F,2017,904,32.3,35.3,2.9,92.0,73.3,52.3,30.2,18.4,10.9,5.0,2.3,1.0,0.1,0.0,0.0,0.0,0.0,0.0
Moses Moody,Golden State Warriors,G,2022,462,24.2,27.1,2.9,92.2,79.1,52.3,31.2,21.8,14.2,10.0,6.2,4.1,0.9,0.5,0.2,0.1,0.0,0.0
Tyrese Proctor,Cleveland Cavaliers,G,2026,100,22.1,25.0,2.9,87.9,66.9,44.9,32.2,23.5,18.4,13.6,9.8,7.6,5.4,3.1,2.9,1.6,0.9,0.5
Brooks Barnhizer,Oklahoma City Thunder,G,2026,82,24.1,26.9,2.8,83.1,61.0,41.1,29.4,21.8,14.2,10.0,8.4,6.5,3.1,1.5,0.8,0.5,0.3,0.0
John Poulakidas,Dallas Mavericks,G,2026,23,23.0,25.8,2.8,83.1,55.7,41.1,30.2,21.8,14.2,13.6,9.6,7.6,5.4,3.1,1.9,1.4,0.8,0.4
Josh Minott,Brooklyn Nets,F,2023,368,23.7,26.5,2.8,83.5,61.0,44.9,29.4,21.8,14.2,10.0,8.0,4.2,2.9,1.5,0.8,0.5,0.1,0.0
Micah Peavy,New Orleans Pelicans,F,2026,82,24.7,27.5,2.8,83.5,61.0,41.1,30.2,21.8,14.2,10.0,8.0,4.7,2.9,1.5,0.8,0.3,0.1,0.0
Ryan Dunn,Phoenix Suns,F,2025,171,23.5,26.4,2.8,93.3,79.1,44.9,25.3,14.8,10.4,4.6,2.3,1.3,0.1,0.1,0.1,0.0,0.0,0.0
Deandre Ayton,Los Angeles Lakers,F-C,2019,694,28.0,30.6,2.6,93.6,79.1,57.7,35.1,21.8,11.9,5.0,2.3,0.6,0.1,0.0,0.0,0.0,0.0,0.0
Ja Morant,Memphis Grizzlies,G,2020,587,27.0,29.6,2.6,89.9,69.0,52.3,35.1,23.5,14.2,10.0,6.2,2.3,0.9,0.5,0.2,0.1,0.0,0.0
Jordan Goodwin,Phoenix Suns,G,2022,293,27.8,30.4,2.6,92.0,74.6,56.3,35.1,21.8,13.3,8.2,3.7,1.9,0.9,0.2,0.1,0.0,0.0,0.0
Keon Ellis,Cleveland Cavaliers,G,2023,351,26.5,29.2,2.6,89.9,73.3,52.3,35.1,21.8,14.2,10.0,6.1,1.9,0.9,0.5,0.2,0.0,0.0,0.0
Lauri Markkanen,Utah Jazz,F,2018,714,29.2,31.8,2.6,90.2,73.5,56.6,37.3,23.5,14.2,10.0,6.2,2.9,0.9,0.5,0.2,0.1,0.0,0.0
Paul Reed,Detroit Pistons,F,2021,545,27.1,29.8,2.6,89.9,69.0,52.3,37.3,26.1,16.6,10.4,8.0,4.2,1.8,0.5,0.2,0.1,0.0,0.0
Sam Hauser,Boston Celtics,F,2022,492,28.6,31.3,2.6,94.9,81.4,59.1,37.3,21.8,13.3,6.3,3.1,1.0,0.1,0.0,0.0,0.0,0.0,0.0
Cormac Ryan,Milwaukee Bucks,G,2026,25,27.5,30.1,2.6,83.5,61.0,44.9,35.1,23.5,16.6,10.0,8.0,4.2,2.6,0.9,0.3,0.1,0.0,0.0
Ivica Zubac,Indiana Pacers,C,2017,857,29.4,32.0,2.6,89.9,73.3,52.3,31.2,21.8,13.3,8.2,3.7,1.9,0.9,0.5,0.2,0.0,0.0,0.0
Jalen Smith,Chicago Bulls,F-C,2021,522,26.4,29.0,2.6,89.9,69.0,52.3,32.2,21.8,14.2,10.0,6.2,3.2,0.9,0.5,0.2,0.1,0.0,0.0
Miles Bridges,Charlotte Hornets,F,2019,552,28.3,31.0,2.6,93.3,79.1,52.3,30.2,18.4,10.4,3.2,2.3,0.3,0.1,0.0,0.0,0.0,0.0,0.0
Jordan Walsh,Boston Celtics,G,2024,283,22.4,24.8,2.5,87.0,66.9,41.1,24.0,14.8,10.9,6.3,3.7,1.9,0.9,0.5,0.2,0.1,0.0,0.0
Scoot Henderson,Portland Trail Blazers,G,2024,253,22.5,24.9,2.4,95.0,84.7,41.1,19.2,9.1,4.9,1.6,0.4,0.3,0.0,0.0,0.0,0.0,0.0,0.0
Andrew Nembhard,Indiana Pacers,G-F,2023,370,26.5,28.9,2.4,93.3,79.1,44.9,25.3,14.8,8.0,3.2,0.5,0.3,0.0,0.0,0.0,0.0,0.0,0.0
LJ Cryer,Golden State Warriors,G,2026,61,24.5,26.9,2.4,72.7,48.3,35.2,22.4,18.4,13.3,10.0,7.5,4.2,2.9,1.5,0.8,0.5,0.3,0.0
Yves Missi,New Orleans Pelicans,C,2025,165,22.2,24.6,2.4,94.9,84.7,35.2,17.2,6.0,4.4,0.8,0.4,0.3,0.0,0.0,0.0,0.0,0.0,0.0
Davion Mitchell,Miami Heat,G,2022,429,27.9,30.2,2.3,93.3,79.1,44.9,24.0,12.4,4.9,1.6,0.4,0.3,0.0,0.0,0.0,0.0,0.0,0.0
Justin Champagnie,Washington Wizards,G-F,2022,332,25.1,27.4,2.3,83.5,61.0,41.1,26.0,18.4,13.3,8.2,5.0,1.9,0.9,0.5,0.2,0.1,0.0,0.0
Brice Sensabaugh,Utah Jazz,F,2024,247,22.7,25.1,2.3,90.2,73.5,35.2,19.2,9.1,4.9,2.1,0.5,0.3,0.1,0.0,0.0,0.0,0.0,0.0
Duncan Robinson,Detroit Pistons,G-F,2019,733,32.3,34.5,2.3,87.0,61.0,35.2,16.3,6.0,2.4,0.8,0.4,0.3,0.0,0.0,0.0,0.0,0.0,0.0
Harrison Barnes,San Antonio Spurs,F,2013,1221,34.0,36.3,2.3,83.1,53.9,35.2,19.2,9.1,4.9,2.6,0.5,0.3,0.0,0.0,0.0,0.0,0.0,0.0
Kristaps Porzingis,Golden State Warriors,F-C,2016,933,31.0,33.3,2.3,83.5,61.0,35.2,22.4,12.4,6.8,3.2,2.3,0.3,0.1,0.0,0.0,0.0,0.0,0.0
Marcus Smart,Los Angeles Lakers,G,2015,1097,32.4,34.7,2.3,83.5,61.0,35.2,17.2,8.0,4.4,1.6,0.4,0.3,0.0,0.0,0.0,0.0,0.0,0.0
Ayo Dosunmu,Minnesota Timberwolves,G,2022,433,26.5,28.6,2.1,93.3,79.1,41.1,20.4,9.1,4.4,1.6,0.4,0.3,0.0,0.0,0.0,0.0,0.0,0.0
Baylor Scheierman,Boston Celtics,G,2025,183,25.8,27.9,2.1,90.2,73.5,35.2,17.2,9.1,4.4,1.6,0.4,0.3,0.0,0.0,0.0,0.0,0.0,0.0
Dean Wade,Cleveland Cavaliers,F,2020,594,29.7,31.7,2.1,87.9,66.9,41.1,24.0,14.0,6.8,3.2,1.8,0.3,0.1,0.0,0.0,0.0,0.0,0.0
Goga Bitadze,Orlando Magic,C,2020,582,27.0,29.1,2.1,83.5,61.0,35.2,29.4,18.4,10.9,6.3,3.7,1.9,0.9,0.5,0.2,0.0,0.0,0.0
Kevin Porter Jr.,Milwaukee Bucks,G,2020,474,26.2,28.3,2.1,83.5,61.0,35.2,22.4,14.0,8.0,3.8,2.3,1.0,0.1,0.0,0.0,0.0,0.0,0.0
Scotty Pippen Jr.,Memphis Grizzlies,G,2023,295,25.7,27.8,2.1,87.9,66.9,35.2,22.4,14.0,8.0,3.2,2.3,0.3,0.1,0.0,0.0,0.0,0.0,0.0
Tre Jones,Chicago Bulls,G,2021,482,26.5,28.6,2.1,89.9,69.0,35.2,20.4,10.8,4.9,2.1,0.5,0.3,0.0,0.0,0.0,0.0,0.0,0.0
Tristan da Silva,Orlando Magic,F,2025,180,25.2,27.3,2.1,93.3,79.1,35.2,13.2,5.4,2.4,0.8,0.4,0.3,0.0,0.0,0.0,0.0,0.0,0.0
Stephen Curry,Golden State Warriors,G,2010,1529,38.4,40.4,2.0,65.4,37.9,16.7,7.5,3.1,1.7,0.5,0.4,0.1,0.0,0.0,0.0,0.0,0.0,0.0
Herbert Jones,New Orleans Pelicans,F,2022,426,27.8,29.8,2.0,79.4,53.9,35.2,22.4,14.0,8.0,3.8,2.3,1.0,0.1,0.0,0.0,0.0,0.0,0.0
Jaxson Hayes,Los Angeles Lakers,C,2020,586,26.2,28.2,2.0,83.5,61.0,35.2,19.2,10.8,6.8,3.2,0.5,0.3,0.1,0.0,0.0,0.0,0.0,0.0
John Collins,Los Angeles Clippers,F-C,2018,747,28.8,30.8,2.0,83.5,61.0,35.2,19.2,9.1,4.4,1.6,0.5,0.3,0.0,0.0,0.0,0.0,0.0,0.0
Keyonte George,Utah Jazz,G,2024,247,22.7,24.6,1.9,93.5,79.1,31.5,11.9,5.4,1.8,0.7,0.4,0.1,0.0,0.0,0.0,0.0,0.0,0.0
Anthony Davis,Washington Wizards,F-C,2013,1194,33.4,35.2,1.9,67.9,43.5,25.3,13.2,5.4,2.4,1.6,0.4,0.3,0.0,0.0,0.0,0.0,0.0,0.0
Sam Merrill,Cleveland Cavaliers,G,2021,440,30.2,32.1,1.9,83.1,53.6,24.4,8.0,2.9,1.2,0.5,0.4,0.0,0.0,0.0,0.0,0.0,0.0,0.0
Amari Williams,Boston Celtics,F-C,2026,89,24.3,26.1,1.9,71.6,47.2,29.2,20.4,14.8,11.9,8.2,6.2,4.2,2.6,1.5,0.8,0.3,0.1,0.0
Bilal Coulibaly,Washington Wizards,G,2024,247,22.0,23.8,1.9,93.3,79.1,27.2,9.2,3.1,1.7,0.5,0.4,0.1,0.0,0.0,0.0,0.0,0.0,0.0
David Jones,San Antonio Spurs,F,2026,85,24.5,26.4,1.9,65.4,43.5,27.2,20.4,14.8,11.9,8.2,6.2,4.2,2.9,1.5,0.8,0.5,0.3,0.0
Dillon Jones,New York Knicks,F,2025,146,24.6,26.5,1.9,67.9,43.5,28.6,20.4,14.8,11.9,8.2,6.2,4.2,2.6,1.5,0.8,0.5,0.1,0.0
Jared McCain,Oklahoma City Thunder,G,2025,178,22.4,24.3,1.9,94.9,81.4,27.2,8.0,2.9,1.2,0.5,0.4,0.0,0.0,0.0,0.0,0.0,0.0,0.0
Jaylon Tyson,Cleveland Cavaliers,G-F,2025,192,23.6,25.5,1.9,93.3,79.1,25.3,5.6,1.9,1.0,0.5,0.0,0.0,0.0,0.0,0.0,0.0,0.0,0.0
Kam Jones,Indiana Pacers,G,2026,82,24.1,26.0,1.9,72.7,48.3,29.2,20.4,14.0,10.9,8.2,6.0,4.1,1.6,0.9,0.4,0.3,0.1,0.0
Tristan Enaruna,Cleveland Cavaliers,F,2026,35,24.8,26.7,1.9,67.9,43.5,29.2,20.4,14.8,11.9,8.2,6.2,4.2,2.6,1.5,0.8,0.3,0.1,0.0
Zach Edey,Memphis Grizzlies,C,2025,171,24.2,26.1,1.9,79.4,53.9,35.2,19.2,10.8,6.8,3.8,2.3,1.3,0.4,0.2,0.1,0.0,0.0,0.0
Jimmy Butler,Golden State Warriors,G-F,2012,1341,36.9,38.7,1.8,57.7,31.4,14.4,6.8,2.9,1.7,0.5,0.4,0.1,0.0,0.0,0.0,0.0,0.0,0.0
LeBron James,Los Angeles Lakers,F-G,2004,2156,41.6,43.4,1.8,65.4,35.8,13.6,4.7,1.9,0.7,0.5,0.0,0.0,0.0,0.0,0.0,0.0,0.0,0.0
Jalen Slawson,Indiana Pacers,F,2024,101,26.5,28.2,1.7,67.9,47.2,31.5,20.4,14.8,10.9,8.2,5.0,1.9,0.9,0.5,0.2,0.1,0.0,0.0
Luka Garza,Boston Celtics,C,2022,450,27.6,29.3,1.7,74.5,53.6,35.2,20.4,12.4,6.8,3.2,2.3,0.3,0.1,0.0,0.0,0.0,0.0,0.0
Alex Antetokounmpo,Milwaukee Bucks,F,2026,82,24.6,26.3,1.7,55.1,31.4,25.3,16.3,12.4,10.4,8.2,6.0,4.2,2.6,1.5,0.8,0.5,0.1,0.0
Alexandre Sarr,Washington Wizards,C,2025,165,21.2,22.9,1.7,89.9,73.3,10.4,3.7,1.4,0.7,0.0,0.0,0.0,0.0,0.0,0.0,0.0,0.0,0.0
Alijah Martin,Toronto Raptors,G,2026,83,24.3,26.0,1.7,65.4,43.5,27.2,19.2,14.0,10.9,8.2,6.1,4.2,2.6,1.5,0.8,0.3,0.1,0.0
Chaz Lanier,Detroit Pistons,G,2026,96,24.4,26.1,1.7,67.9,43.5,27.2,19.2,14.0,10.9,8.2,6.0,4.1,1.8,0.9,0.4,0.3,0.1,0.0
Chris Mañon,Los Angeles Lakers,G,2026,82,24.3,26.0,1.7,62.1,39.1,27.2,19.2,14.0,10.9,8.2,6.2,4.2,2.9,1.5,0.8,0.5,0.3,0.0
Chris Youngblood,Portland Trail Blazers,G,2026,72,24.2,25.8,1.7,57.7,34.2,25.3,15.1,10.8,8.0,6.3,5.0,3.2,1.8,0.9,0.8,0.3,0.1,0.0
Curtis Jones,Denver Nuggets,G,2026,82,24.5,26.2,1.7,57.7,35.8,26.3,15.1,12.4,8.2,6.3,5.0,3.0,1.6,0.9,0.4,0.3,0.1,0.0
Dereck Lively II,Dallas Mavericks,C,2024,271,22.5,24.1,1.7,74.5,51.1,27.2,17.2,10.8,6.8,4.6,3.1,1.9,0.9,0.5,0.2,0.1,0.0,0.0
Dominick Barlow,Philadelphia 76ers,F,2023,343,23.2,24.8,1.7,83.5,61.0,29.2,13.2,6.0,4.4,2.1,0.5,0.3,0.1,0.0,0.0,0.0,0.0,0.0
Jarace Walker,Indiana Pacers,F,2024,288,22.9,24.6,1.7,86.0,64.8,13.6,4.7,1.4,0.7,0.0,0.0,0.0,0.0,0.0,0.0,0.0,0.0,0.0
Keshon Gilbert,Atlanta Hawks,G,2026,23,22.8,24.5,1.7,57.7,35.8,26.3,15.1,12.4,8.2,6.3,5.0,4.2,2.6,1.5,0.8,0.5,0.3,0.3
Norchad Omier,Los Angeles Clippers,F,2026,27,24.6,26.3,1.7,57.7,35.8,26.3,16.3,12.4,8.2,6.3,5.0,2.9,1.6,0.6,0.4,0.3,0.1,0.0
Rocco Zikarsky,Minnesota Timberwolves,C,2026,82,19.8,21.4,1.7,67.9,43.5,27.2,19.2,12.4,10.4,6.3,5.0,4.2,2.9,1.5,1.5,1.3,0.8,0.5
Shaedon Sharpe,Portland Trail Blazers,G,2023,335,23.2,24.8,1.7,83.5,61.0,27.2,13.2,5.8,4.4,2.1,0.5,0.3,0.1,0.0,0.0,0.0,0.0,0.0
Taelon Peter,Indiana Pacers,G,2026,82,24.1,25.8,1.7,67.9,43.5,27.2,19.2,14.0,10.9,8.2,5.0,4.1,1.8,0.9,0.4,0.3,0.1,0.0
Coby White,Charlotte Hornets,G,2020,560,26.4,28.1,1.6,79.4,53.6,27.2,15.1,8.0,4.4,1.6,0.5,0.3,0.0,0.0,0.0,0.0,0.0,0.0
Collin Sexton,Chicago Bulls,G,2019,632,27.6,29.2,1.6,83.1,61.0,29.2,13.2,5.4,2.4,0.8,0.4,0.3,0.0,0.0,0.0,0.0,0.0,0.0
Santi Aldama,Memphis Grizzlies,F-C,2022,435,25.5,27.2,1.6,83.1,55.7,27.2,13.2,6.0,4.4,1.6,0.5,0.3,0.0,0.0,0.0,0.0,0.0,0.0
Trae Young,Washington Wizards,G,2019,670,27.9,29.5,1.6,72.7,51.1,29.2,19.2,10.8,4.9,3.2,1.8,0.3,0.1,0.0,0.0,0.0,0.0,0.0
Paul George,Philadelphia 76ers,F,2011,1409,36.2,37.8,1.6,55.1,29.4,13.6,4.7,1.9,1.0,0.5,0.4,0.0,0.0,0.0,0.0,0.0,0.0,0.0
CJ McCollum,Atlanta Hawks,G,2014,1131,34.9,36.4,1.5,72.7,43.5,18.0,8.0,3.1,1.7,0.5,0.4,0.0,0.0,0.0,0.0,0.0,0.0,0.0
Julius Randle,Minnesota Timberwolves,F,2015,1015,31.7,33.2,1.5,71.4,43.5,13.6,4.7,1.9,0.7,0.5,0.0,0.0,0.0,0.0,0.0,0.0,0.0,0.0
Myles Turner,Milwaukee Bucks,C-F,2016,953,30.3,31.8,1.5,67.9,43.5,16.7,6.8,2.9,1.2,0.5,0.4,0.0,0.0,0.0,0.0,0.0,0.0,0.0
Dillon Brooks,Phoenix Suns,F,2018,759,30.5,31.9,1.4,67.9,43.5,13.6,4.7,1.9,0.7,0.5,0.0,0.0,0.0,0.0,0.0,0.0,0.0,0.0
Jordan Clarkson,New York Knicks,G,2015,1027,34.0,35.4,1.4,62.1,34.2,16.7,8.0,5.4,1.8,0.7,0.4,0.3,0.0,0.0,0.0,0.0,0.0,0.0
Luke Kennard,Los Angeles Lakers,G,2018,767,30.1,31.5,1.4,67.9,43.5,13.6,4.7,1.9,0.7,0.5,0.0,0.0,0.0,0.0,0.0,0.0,0.0,0.0
Tobias Harris,Detroit Pistons,F,2012,1275,34.0,35.4,1.4,65.4,37.9,14.4,5.6,2.9,1.2,0.5,0.4,0.0,0.0,0.0,0.0,0.0,0.0,0.0
Jrue Holiday,Portland Trail Blazers,G,2010,1466,36.1,37.5,1.3,47.3,21.4,9.0,3.7,1.4,0.7,0.5,0.0,0.0,0.0,0.0,0.0,0.0,0.0,0.0
Clint Capela,Houston Rockets,F-C,2015,1060,32.2,33.5,1.3,57.7,31.4,14.4,6.8,2.9,1.7,0.5,0.4,0.1,0.0,0.0,0.0,0.0,0.0,0.0
Jay Huff,Indiana Pacers,C,2022,315,27.9,29.2,1.2,79.4,53.9,27.2,13.2,5.4,2.4,0.8,0.4,0.3,0.0,0.0,0.0,0.0,0.0,0.0
Kris Murray,Portland Trail Blazers,F,2024,253,25.9,27.2,1.2,72.7,48.3,27.2,15.1,9.1,4.9,3.2,1.8,0.3,0.1,0.0,0.0,0.0,0.0,0.0
Andrew Wiggins,Miami Heat,F-G,2015,1008,31.4,32.6,1.2,55.1,29.4,9.0,3.7,1.4,0.7,0.0,0.0,0.0,0.0,0.0,0.0,0.0,0.0,0.0
Fred VanVleet,Houston Rockets,G,2017,876,32.4,33.6,1.2,53.1,24.9,10.4,4.7,2.1,1.2,0.5,0.4,0.1,0.0,0.0,0.0,0.0,0.0,0.0
Grayson Allen,Phoenix Suns,G,2019,678,30.8,32.0,1.2,53.1,29.0,10.4,4.7,1.9,1.0,0.5,0.4,0.0,0.0,0.0,0.0,0.0,0.0,0.0
Kelly Oubre Jr.,Philadelphia 76ers,F,2016,925,30.6,31.9,1.2,55.1,29.4,9.0,4.7,1.9,0.7,0.5,0.0,0.0,0.0,0.0,0.0,0.0,0.0,0.0
Max Strus,Cleveland Cavaliers,G,2020,634,30.3,31.6,1.2,53.1,27.2,9.0,4.7,1.9,0.7,0.5,0.0,0.0,0.0,0.0,0.0,0.0,0.0,0.0
Norman Powell,Miami Heat,G,2016,984,33.2,34.4,1.2,53.1,27.2,9.0,4.7,1.9,0.7,0.5,0.0,0.0,0.0,0.0,0.0,0.0,0.0,0.0
Chucky Hepburn,Toronto Raptors,G,2026,83,23.2,24.4,1.2,55.1,31.4,21.1,14.8,10.8,8.0,6.3,5.0,4.1,2.6,1.5,0.8,0.5,0.3,0.0
Jake LaRavia,Los Angeles Lakers,F,2023,346,24.7,25.9,1.2,79.4,53.6,18.0,5.6,2.1,1.2,0.5,0.4,0.0,0.0,0.0,0.0,0.0,0.0,0.0
Jayson Kent,Portland Trail Blazers,F,2026,20,24.2,25.4,1.2,57.7,34.2,24.4,14.8,10.8,8.0,6.3,5.0,2.9,1.6,0.9,0.4,0.3,0.1,0.0
Koby Brea,Phoenix Suns,G,2026,82,23.4,24.6,1.2,57.7,34.2,24.4,14.8,10.8,6.8,6.3,3.7,1.9,1.6,0.9,0.8,0.3,0.1,0.0
Mark Williams,Phoenix Suns,C,2023,334,24.6,25.8,1.2,79.4,53.9,14.4,4.7,1.9,1.2,0.5,0.0,0.0,0.0,0.0,0.0,0.0,0.0,0.0
Sharife Cooper,Washington Wizards,G,2022,170,24.8,26.0,1.2,57.7,35.8,24.4,13.2,9.1,6.8,4.6,3.7,1.9,0.9,0.5,0.2,0.1,0.0,0.0
Taylor Hendricks,Memphis Grizzlies,F,2024,250,22.7,23.8,1.2,72.7,48.3,18.0,8.0,3.1,1.8,0.8,0.4,0.3,0.0,0.0,0.0,0.0,0.0,0.0
Daniel Gafford,Dallas Mavericks,F,2020,577,27.8,29.0,1.2,74.5,51.1,27.2,13.2,5.4,2.4,1.6,0.4,0.3,0.0,0.0,0.0,0.0,0.0,0.0
De'Anthony Melton,Golden State Warriors,G,2019,677,28.2,29.3,1.2,74.5,51.1,27.2,14.8,6.0,4.4,1.6,0.5,0.3,0.0,0.0,0.0,0.0,0.0,0.0
Grant Williams,Charlotte Hornets,F,2020,626,27.7,28.8,1.2,67.9,43.5,27.2,19.2,10.8,6.8,3.2,2.3,0.6,0.1,0.0,0.0,0.0,0.0,0.0
Jarred Vanderbilt,Los Angeles Lakers,F,2019,692,27.3,28.5,1.2,67.9,47.2,27.2,15.1,9.1,4.9,2.6,0.5,0.3,0.1,0.0,0.0,0.0,0.0,0.0
Leaky Black,Washington Wizards,F,2024,107,26.8,28.0,1.2,62.1,39.1,27.2,19.2,12.4,8.0,4.6,3.7,1.9,0.9,0.5,0.2,0.1,0.0,0.0
Lindy Waters III,San Antonio Spurs,F,2022,395,28.9,30.1,1.2,57.7,35.8,25.3,13.2,8.0,4.9,3.2,2.3,0.3,0.1,0.1,0.0,0.0,0.0,0.0
Nah'Shon Hyland,Minnesota Timberwolves,G,2022,430,25.9,27.0,1.2,74.5,51.1,26.3,13.2,5.4,4.4,1.6,0.5,0.3,0.0,0.0,0.0,0.0,0.0,0.0
Harrison Ingram,San Antonio Spurs,F,2025,167,23.5,24.7,1.2,53.1,29.4,18.0,13.2,8.0,6.8,4.6,3.7,1.9,0.9,0.5,0.2,0.2,0.1,0.0
Hayden Gray,Utah Jazz,G,2026,1,22.9,24.1,1.2,55.1,31.4,18.0,13.2,9.1,6.8,5.0,3.7,2.9,1.8,1.5,0.8,0.5,0.3,0.0
John Tonje,Boston Celtics,G,2026,82,25.0,26.1,1.2,53.1,31.4,18.0,13.2,9.1,6.8,4.6,3.7,1.9,0.9,0.5,0.2,0.1,0.0,0.0
Johni Broome,Philadelphia 76ers,F,2026,94,23.8,25.0,1.2,55.1,31.4,18.0,13.2,9.1,6.8,4.6,3.7,1.9,0.9,0.5,0.3,0.3,0.1,0.0
Max Shulga,Boston Celtics,G,2026,89,23.9,25.0,1.2,55.1,31.4,18.0,13.2,9.1,6.8,4.6,3.7,1.9,0.9,0.5,0.3,0.3,0.1,0.0
Olivier-Maxence Prosper,Memphis Grizzlies,F,2024,271,24.1,25.2,1.2,62.1,39.1,16.7,8.0,5.4,2.4,1.6,0.5,0.3,0.0,0.0,0.0,0.0,0.0,0.0
Payton Sandfort,Oklahoma City Thunder,F,2026,20,23.8,24.9,1.2,55.1,31.4,21.0,13.2,9.1,6.8,5.0,3.7,1.9,0.9,0.5,0.4,0.3,0.1,0.0
Peyton Watson,Denver Nuggets,G,2023,381,23.9,25.0,1.2,67.9,43.5,13.6,4.7,1.9,0.7,0.5,0.0,0.0,0.0,0.0,0.0,0.0,0.0,0.0
Sean Pedulla,Los Angeles Clippers,G,2026,27,23.5,24.7,1.2,53.1,31.4,18.0,13.2,9.1,6.8,4.6,3.7,1.9,0.9,0.9,0.4,0.3,0.1,0.0
Tristan Vukcevic,Washington Wizards,F,2024,177,23.4,24.5,1.2,65.4,43.5,18.0,9.8,5.4,4.4,2.1,1.4,0.3,0.1,0.0,0.0,0.0,0.0,0.0
Vladislav Goldin,Miami Heat,C,2026,83,24.9,26.1,1.2,53.1,31.4,18.0,13.2,9.1,6.8,5.0,3.7,1.9,0.9,0.5,0.2,0.1,0.0,0.0
Brandon Williams,Dallas Mavericks,G,2022,245,26.7,27.8,1.1,65.4,43.5,18.0,8.0,5.4,1.8,0.8,0.4,0.3,0.0,0.0,0.0,0.0,0.0,0.0
Cam Spencer,Memphis Grizzlies,G,2025,163,26.3,27.4,1.1,71.6,47.2,16.7,6.8,2.9,1.7,0.5,0.4,0.0,0.0,0.0,0.0,0.0,0.0,0.0
Jordan Miller,Los Angeles Clippers,G,2024,255,26.5,27.6,1.1,67.9,43.5,18.0,9.2,5.4,1.8,0.8,0.4,0.3,0.0,0.0,0.0,0.0,0.0,0.0
Josh Oduro,New Orleans Pelicans,F,2026,19,25.5,26.6,1.1,53.1,31.4,18.0,13.2,9.1,6.8,4.6,3.7,1.9,0.9,0.5,0.2,0.1,0.0,0.0
Rui Hachimura,Los Angeles Lakers,F,2020,600,28.5,29.6,1.1,73.2,51.1,13.6,4.7,1.9,0.7,0.0,0.0,0.0,0.0,0.0,0.0,0.0,0.0,0.0
Kelly Olynyk,San Antonio Spurs,C-F,2014,1125,35.1,36.2,1.1,38.8,16.1,9.0,3.7,1.4,0.7,0.5,0.0,0.0,0.0,0.0,0.0,0.0,0.0,0.0
Adem Bona,Philadelphia 76ers,F,2025,177,23.3,24.4,1.0,57.7,37.9,13.6,4.7,1.9,1.2,0.5,0.4,0.1,0.0,0.0,0.0,0.0,0.0,0.0
CJ Huntley,Phoenix Suns,F,2026,36,24.3,25.3,1.0,47.8,27.2,14.4,9.8,6.0,4.9,3.2,3.1,1.9,0.9,0.5,0.2,0.1,0.0,0.0
Kyshawn George,Washington Wizards,F,2025,165,22.6,23.7,1.0,65.4,43.5,10.4,4.7,1.9,0.7,0.5,0.0,0.0,0.0,0.0,0.0,0.0,0.0,0.0
Zaccharie Risacher,Atlanta Hawks,F,2025,173,21.3,22.3,1.0,65.4,39.2,9.0,3.4,1.4,0.7,0.0,0.0,0.0,0.0,0.0,0.0,0.0,0.0,0.0
Aaron Nesmith,Indiana Pacers,G-F,2021,554,26.8,27.8,1.0,61.8,39.1,14.4,7.5,3.1,1.7,0.5,0.4,0.1,0.0,0.0,0.0,0.0,0.0,0.0
Emanuel Miller,San Antonio Spurs,F,2025,130,26.0,27.0,1.0,53.1,29.4,18.0,13.2,9.1,6.8,4.6,3.7,1.9,0.9,0.5,0.2,0.1,0.0,0.0
Hunter Dickinson,New Orleans Pelicans,C,2026,82,25.4,26.4,1.0,53.1,29.4,18.0,13.2,9.1,6.8,4.6,3.7,1.9,0.9,0.5,0.2,0.1,0.0,0.0
Keegan Murray,Sacramento Kings,F,2023,339,25.9,26.9,1.0,67.9,43.5,16.7,7.5,3.1,1.7,0.7,0.4,0.1,0.0,0.0,0.0,0.0,0.0,0.0
Luguentz Dort,Oklahoma City Thunder,G,2020,613,27.3,28.3,1.0,62.1,39.1,14.4,6.8,2.9,1.2,0.5,0.4,0.0,0.0,0.0,0.0,0.0,0.0,0.0
John Konchar,Utah Jazz,G-F,2020,585,30.3,31.3,0.9,47.8,24.0,9.0,3.7,1.4,0.7,0.5,0.0,0.0,0.0,0.0,0.0,0.0,0.0,0.0
Steven Adams,Houston Rockets,C,2014,1138,33.0,33.9,0.9,47.3,21.4,9.0,4.7,1.9,1.0,0.5,0.4,0.0,0.0,0.0,0.0,0.0,0.0,0.0
Dejounte Murray,New Orleans Pelicans,G,2017,838,29.8,30.7,0.9,61.8,34.2,15.9,7.5,3.1,1.7,0.5,0.4,0.1,0.0,0.0,0.0,0.0,0.0,0.0
Kevin McCullar Jr.,New York Knicks,G,2025,163,25.2,26.1,0.9,47.8,27.2,14.4,9.8,6.0,4.9,3.2,2.3,1.3,0.9,0.5,0.2,0.1,0.0,0.0
Matisse Thybulle,Portland Trail Blazers,G-F,2020,588,29.4,30.3,0.9,55.1,31.4,14.4,8.0,3.1,1.8,0.8,0.4,0.3,0.0,0.0,0.0,0.0,0.0,0.0
Pelle Larsson,Miami Heat,G,2025,172,25.4,26.3,0.9,62.1,39.1,13.6,4.7,1.9,1.0,0.5,0.4,0.0,0.0,0.0,0.0,0.0,0.0,0.0
Precious Achiuwa,Sacramento Kings,F,2021,518,26.9,27.7,0.9,57.7,37.9,13.6,4.7,2.1,1.2,0.5,0.4,0.0,0.0,0.0,0.0,0.0,0.0,0.0
Saddiq Bey,New Orleans Pelicans,F,2021,491,27.3,28.2,0.9,57.7,34.2,14.4,5.6,2.9,1.2,0.5,0.4,0.0,0.0,0.0,0.0,0.0,0.0,0.0
Walker Kessler,Utah Jazz,C,2023,329,25.0,25.9,0.9,55.1,31.4,15.9,8.0,5.4,2.4,1.6,0.5,0.3,0.1,0.0,0.0,0.0,0.0,0.0
Alex Morales,Orlando Magic,G,2026,30,28.4,29.3,0.9,47.3,24.9,14.4,9.2,5.4,2.4,1.6,0.5,0.3,0.1,0.0,0.0,0.0,0.0,0.0
Brandon Clarke,Memphis Grizzlies,F,2020,587,29.8,30.7,0.9,53.1,27.2,13.6,5.6,3.1,1.7,0.7,0.4,0.3,0.0,0.0,0.0,0.0,0.0,0.0
Olivier Sarr,Cleveland Cavaliers,C,2022,176,27.2,28.0,0.9,47.3,24.0,13.6,8.0,5.4,3.4,2.1,0.5,0.3,0.1,0.0,0.0,0.0,0.0,0.0
Daniss Jenkins,Detroit Pistons,G,2025,179,24.9,25.8,0.8,57.7,37.9,9.0,3.4,1.4,0.7,0.0,0.0,0.0,0.0,0.0,0.0,0.0,0.0,0.0
Devin Carter,Sacramento Kings,G,2025,163,24.4,25.2,0.8,55.1,31.4,13.6,4.7,2.1,1.2,0.5,0.4,0.1,0.0,0.0,0.0,0.0,0.0,0.0
GG Jackson,Memphis Grizzlies,F,2024,253,21.6,22.4,0.8,57.7,34.2,10.4,4.7,1.9,0.7,0.5,0.4,0.0,0.0,0.0,0.0,0.0,0.0,0.0
Carlton Carrington,Washington Wizards,G,2025,165,21.0,21.8,0.8,57.7,34.2,5.4,2.2,0.0,0.0,0.0,0.0,0.0,0.0,0.0,0.0,0.0,0.0,0.0
Jamal Shead,Toronto Raptors,G,2025,172,24.0,24.8,0.8,55.1,31.4,9.0,4.7,1.9,0.7,0.5,0.4,0.0,0.0,0.0,0.0,0.0,0.0,0.0
Javonte Green,Detroit Pistons,G-F,2020,534,33.0,33.8,0.8,43.4,17.0,9.0,3.7,1.4,0.7,0.5,0.0,0.0,0.0,0.0,0.0,0.0,0.0,0.0
Kris Dunn,Los Angeles Clippers,G,2017,694,32.4,33.1,0.8,43.4,17.0,9.0,3.7,1.4,0.7,0.0,0.0,0.0,0.0,0.0,0.0,0.0,0.0,0.0
Mason Plumlee,San Antonio Spurs,C-F,2014,1137,36.3,37.0,0.8,34.9,16.1,6.1,3.4,1.4,0.7,0.0,0.0,0.0,0.0,0.0,0.0,0.0,0.0,0.0
Simone Fontecchio,Miami Heat,F,2023,338,30.6,31.3,0.7,38.8,17.0,9.0,3.7,1.4,0.7,0.5,0.0,0.0,0.0,0.0,0.0,0.0,0.0,0.0
Aaron Wiggins,Oklahoma City Thunder,G,2022,462,27.6,28.2,0.6,53.1,31.4,10.4,4.7,1.9,0.7,0.5,0.0,0.0,0.0,0.0,0.0,0.0,0.0,0.0
Isaiah Livers,Phoenix Suns,F,2022,324,27.7,28.3,0.6,43.4,21.4,13.6,7.5,5.4,2.4,1.6,0.5,0.3,0.1,0.0,0.0,0.0,0.0,0.0
Jonathan Isaac,Orlando Magic,F,2018,752,28.8,29.4,0.6,48.0,27.2,13.6,4.7,2.9,1.7,0.5,0.4,0.3,0.0,0.0,0.0,0.0,0.0,0.0
Kevin Huerter,Detroit Pistons,G,2019,681,27.9,28.5,0.6,53.1,29.4,10.4,4.7,1.9,0.7,0.5,0.0,0.0,0.0,0.0,0.0,0.0,0.0,0.0
Mouhamadou Gueye,Chicago Bulls,F,2024,25,27.8,28.4,0.6,43.4,21.4,13.6,8.0,5.4,2.4,1.6,0.5,0.3,0.1,0.0,0.0,0.0,0.0,0.0
Obi Toppin,Indiana Pacers,F,2021,540,28.4,29.0,0.6,47.3,24.9,9.0,4.7,1.9,0.7,0.5,0.0,0.0,0.0,0.0,0.0,0.0,0.0,0.0
Quentin Grimes,Philadelphia 76ers,G,2022,437,26.2,26.8,0.6,48.0,27.2,9.0,3.7,1.4,0.7,0.0,0.0,0.0,0.0,0.0,0.0,0.0,0.0,0.0
Trey Jemison,New York Knicks,C,2024,206,26.5,27.1,0.6,44.1,21.5,13.6,8.0,5.4,4.4,3.2,1.8,0.6,0.1,0.1,0.1,0.0,0.0,0.0
Draymond Green,Golden State Warriors,F,2013,1299,36.4,37.0,0.6,34.9,14.0,3.6,2.2,1.1,0.0,0.0,0.0,0.0,0.0,0.0,0.0,0.0,0.0,0.0
Dwight Powell,Dallas Mavericks,F-C,2015,1029,35.0,35.6,0.6,34.9,14.0,3.6,2.2,1.1,0.0,0.0,0.0,0.0,0.0,0.0,0.0,0.0,0.0,0.0
Bismack Biyombo,San Antonio Spurs,C-F,2012,1162,33.8,34.4,0.6,38.8,16.1,9.0,3.7,1.4,0.7,0.5,0.0,0.0,0.0,0.0,0.0,0.0,0.0,0.0
Kenrich Williams,Oklahoma City Thunder,G-F,2019,688,31.6,32.2,0.6,38.8,17.0,8.8,3.4,1.4,0.7,0.0,0.0,0.0,0.0,0.0,0.0,0.0,0.0,0.0
Josh Green,Charlotte Hornets,G,2021,532,25.7,26.2,0.5,43.7,21.4,9.0,4.7,2.1,1.7,0.5,0.4,0.3,0.0,0.0,0.0,0.0,0.0,0.0
Josh Okogie,Houston Rockets,G,2019,659,27.9,28.4,0.5,43.4,21.4,9.0,4.7,1.9,0.7,0.5,0.4,0.0,0.0,0.0,0.0,0.0,0.0,0.0
Thanasis Antetokounmpo,Milwaukee Bucks,F,2016,535,33.7,34.2,0.5,36.8,16.1,8.3,3.4,1.4,0.7,0.5,0.0,0.0,0.0,0.0,0.0,0.0,0.0,0.0
Bennedict Mathurin,Los Angeles Clippers,G-F,2023,372,24.1,24.5,0.4,51.0,27.2,8.3,2.6,1.1,0.0,0.0,0.0,0.0,0.0,0.0,0.0,0.0,0.0,0.0
Isaiah Collier,Utah Jazz,G,2025,162,21.8,22.2,0.4,53.1,27.2,8.3,2.6,1.1,0.0,0.0,0.0,0.0,0.0,0.0,0.0,0.0,0.0,0.0
Isaiah Jackson,Los Angeles Clippers,F,2022,454,24.5,25.0,0.4,47.8,25.7,9.0,4.7,1.9,1.2,0.5,0.4,0.1,0.0,0.0,0.0,0.0,0.0,0.0
Sidy Cissoko,Portland Trail Blazers,G,2024,248,22.3,22.7,0.4,43.4,21.4,9.0,4.7,1.9,1.0,0.5,0.4,0.1,0.0,0.0,0.0,0.0,0.0,0.0
Trevor Keels,Miami Heat,G,2023,104,22.6,23.1,0.4,39.2,17.0,9.0,4.7,3.1,2.4,1.6,1.4,1.0,0.9,0.5,0.2,0.1,0.0,0.0
Domantas Sabonis,Sacramento Kings,F,2017,834,30.2,30.6,0.4,36.4,16.1,3.9,2.2,1.1,0.0,0.0,0.0,0.0,0.0,0.0,0.0,0.0,0.0,0.0
Gary Payton II,Golden State Warriors,G,2017,598,33.6,34.0,0.4,34.9,14.0,3.6,2.2,1.1,0.0,0.0,0.0,0.0,0.0,0.0,0.0,0.0,0.0,0.0
Jerami Grant,Portland Trail Blazers,F,2015,1006,32.4,32.8,0.4,34.9,14.0,3.6,2.2,1.1,0.0,0.0,0.0,0.0,0.0,0.0,0.0,0.0,0.0,0.0
Kevon Looney,New Orleans Pelicans,F-C,2016,1011,30.5,30.9,0.4,34.9,14.0,3.6,2.2,1.1,0.0,0.0,0.0,0.0,0.0,0.0,0.0,0.0,0.0,0.0
Kyrie Irving,Dallas Mavericks,G,2012,1313,34.3,34.7,0.4,34.9,14.0,3.6,2.2,1.1,0.0,0.0,0.0,0.0,0.0,0.0,0.0,0.0,0.0,0.0
T.J. McConnell,Indiana Pacers,G,2016,953,34.3,34.7,0.4,34.9,14.0,3.6,2.2,1.1,0.0,0.0,0.0,0.0,0.0,0.0,0.0,0.0,0.0,0.0
Jock Landale,Atlanta Hawks,C,2022,432,30.8,31.1,0.4,34.9,14.0,3.6,2.2,0.0,0.0,0.0,0.0,0.0,0.0,0.0,0.0,0.0,0.0,0.0
Bobby Portis,Milwaukee Bucks,F,2016,935,31.5,31.8,0.4,34.9,14.0,3.6,2.2,0.0,0.0,0.0,0.0,0.0,0.0,0.0,0.0,0.0,0.0,0.0
Brook Lopez,Los Angeles Clippers,C,2009,1545,38.3,38.6,0.3,20.0,0.9,0.0,0.0,0.0,0.0,0.0,0.0,0.0,0.0,0.0,0.0,0.0,0.0,0.0
Damian Lillard,Portland Trail Blazers,G,2013,1211,36.0,36.3,0.3,20.0,7.7,0.0,0.0,0.0,0.0,0.0,0.0,0.0,0.0,0.0,0.0,0.0,0.0,0.0
Nikola Vucevic,Boston Celtics,C,2012,1237,35.8,36.1,0.3,20.0,0.0,0.0,0.0,0.0,0.0,0.0,0.0,0.0,0.0,0.0,0.0,0.0,0.0,0.0
Klay Thompson,Dallas Mavericks,G-F,2012,1352,36.5,36.7,0.3,18.9,0.0,0.0,0.0,0.0,0.0,0.0,0.0,0.0,0.0,0.0,0.0,0.0,0.0,0.0
DeMar DeRozan,Sacramento Kings,G,2010,1427,37.0,37.2,0.2,13.5,0.0,0.0,0.0,0.0,0.0,0.0,0.0,0.0,0.0,0.0,0.0,0.0,0.0,0.0
Andre Drummond,Philadelphia 76ers,C,2013,1155,33.0,33.1,0.1,20.0,7.8,0.0,0.0,0.0,0.0,0.0,0.0,0.0,0.0,0.0,0.0,0.0,0.0,0.0
Anthony Gill,Washington Wizards,F,2021,490,33.8,33.9,0.1,20.0,0.0,0.0,0.0,0.0,0.0,0.0,0.0,0.0,0.0,0.0,0.0,0.0,0.0,0.0
Bogdan Bogdanovic,Los Angeles Clippers,G,2018,760,33.9,34.0,0.1,20.0,0.0,0.0,0.0,0.0,0.0,0.0,0.0,0.0,0.0,0.0,0.0,0.0,0.0,0.0
Bradley Beal,Los Angeles Clippers,G,2013,1173,33.1,33.2,0.1,12.3,0.0,0.0,0.0,0.0,0.0,0.0,0.0,0.0,0.0,0.0,0.0,0.0,0.0,0.0
Buddy Hield,Atlanta Hawks,G,2017,829,33.6,33.7,0.1,20.0,0.0,0.0,0.0,0.0,0.0,0.0,0.0,0.0,0.0,0.0,0.0,0.0,0.0,0.0
Caleb Martin,Dallas Mavericks,F,2020,599,30.8,30.9,0.1,20.0,0.0,0.0,0.0,0.0,0.0,0.0,0.0,0.0,0.0,0.0,0.0,0.0,0.0,0.0
Caris LeVert,Detroit Pistons,G-F,2017,850,31.9,32.0,0.1,5.6,0.0,0.0,0.0,0.0,0.0,0.0,0.0,0.0,0.0,0.0,0.0,0.0,0.0,0.0
D'Angelo Russell,Washington Wizards,G,2016,916,30.4,30.5,0.1,20.0,0.0,0.0,0.0,0.0,0.0,0.0,0.0,0.0,0.0,0.0,0.0,0.0,0.0,0.0
Dennis Schroder,Cleveland Cavaliers,G,2014,1149,32.9,33.0,0.1,10.7,0.0,0.0,0.0,0.0,0.0,0.0,0.0,0.0,0.0,0.0,0.0,0.0,0.0,0.0
Dorian Finney-Smith,Houston Rockets,F,2017,853,33.2,33.3,0.1,20.0,0.0,0.0,0.0,0.0,0.0,0.0,0.0,0.0,0.0,0.0,0.0,0.0,0.0,0.0
Doug McDermott,Sacramento Kings,F,2015,1012,34.6,34.7,0.1,0.0,0.0,0.0,0.0,0.0,0.0,0.0,0.0,0.0,0.0,0.0,0.0,0.0,0.0,0.0
Gabe Vincent,Atlanta Hawks,G,2020,603,30.1,30.2,0.1,18.2,0.0,0.0,0.0,0.0,0.0,0.0,0.0,0.0,0.0,0.0,0.0,0.0,0.0,0.0
Gary Harris,Milwaukee Bucks,G,2015,1012,31.9,32.0,0.1,20.0,0.0,0.0,0.0,0.0,0.0,0.0,0.0,0.0,0.0,0.0,0.0,0.0,0.0,0.0
Guerschon Yabusele,Chicago Bulls,F,2018,358,30.6,30.7,0.1,20.0,0.0,0.0,0.0,0.0,0.0,0.0,0.0,0.0,0.0,0.0,0.0,0.0,0.0,0.0
Jae'Sean Tate,Houston Rockets,F,2021,496,30.7,30.9,0.1,20.0,0.0,0.0,0.0,0.0,0.0,0.0,0.0,0.0,0.0,0.0,0.0,0.0,0.0,0.0
Jevon Carter,Orlando Magic,G,2019,688,30.9,31.0,0.1,20.0,7.8,3.6,0.0,0.0,0.0,0.0,0.0,0.0,0.0,0.0,0.0,0.0,0.0,0.0
Jonas Valanciunas,Denver Nuggets,C,2013,1211,34.2,34.3,0.1,13.1,0.0,0.0,0.0,0.0,0.0,0.0,0.0,0.0,0.0,0.0,0.0,0.0,0.0,0.0
Jusuf Nurkic,Utah Jazz,C,2015,1009,31.9,32.0,0.1,22.7,7.8,3.6,2.2,0.0,0.0,0.0,0.0,0.0,0.0,0.0,0.0,0.0,0.0,0.0
Kentavious Caldwell-Pope,Memphis Grizzlies,G,2014,1116,33.4,33.5,0.1,20.0,0.0,0.0,0.0,0.0,0.0,0.0,0.0,0.0,0.0,0.0,0.0,0.0,0.0,0.0
Khris Middleton,Dallas Mavericks,F-G,2013,1219,35.0,35.1,0.1,18.2,0.0,0.0,0.0,0.0,0.0,0.0,0.0,0.0,0.0,0.0,0.0,0.0,0.0,0.0
Kyle Anderson,Minnesota Timberwolves,F-G,2015,1066,32.8,33.0,0.1,20.0,0.0,0.0,0.0,0.0,0.0,0.0,0.0,0.0,0.0,0.0,0.0,0.0,0.0,0.0
Kyle Kuzma,Milwaukee Bucks,F,2018,752,31.0,31.1,0.1,2.4,0.0,0.0,0.0,0.0,0.0,0.0,0.0,0.0,0.0,0.0,0.0,0.0,0.0,0.0
Larry Nance Jr.,Cleveland Cavaliers,F,2016,934,33.6,33.7,0.1,0.0,0.0,0.0,0.0,0.0,0.0,0.0,0.0,0.0,0.0,0.0,0.0,0.0,0.0,0.0
Maxi Kleber,Los Angeles Lakers,F,2018,792,34.5,34.6,0.1,20.0,0.0,0.0,0.0,0.0,0.0,0.0,0.0,0.0,0.0,0.0,0.0,0.0,0.0,0.0
Pat Connaughton,Charlotte Hornets,G,2016,980,33.6,33.7,0.1,0.0,0.0,0.0,0.0,0.0,0.0,0.0,0.0,0.0,0.0,0.0,0.0,0.0,0.0,0.0
Pat Spencer,Golden State Warriors,G,2024,209,30.1,30.2,0.1,17.8,0.0,0.0,0.0,0.0,0.0,0.0,0.0,0.0,0.0,0.0,0.0,0.0,0.0,0.0
Royce O'Neale,Phoenix Suns,F,2018,772,33.1,33.3,0.1,20.0,7.8,1.0,0.0,0.0,0.0,0.0,0.0,0.0,0.0,0.0,0.0,0.0,0.0,0.0
Taurean Prince,Milwaukee Bucks,F,2017,827,32.3,32.5,0.1,20.0,0.0,0.0,0.0,0.0,0.0,0.0,0.0,0.0,0.0,0.0,0.0,0.0,0.0,0.0
Tim Hardaway Jr.,Denver Nuggets,G,2014,1130,34.4,34.5,0.1,20.0,0.0,0.0,0.0,0.0,0.0,0.0,0.0,0.0,0.0,0.0,0.0,0.0,0.0,0.0
Tyus Jones,Denver Nuggets,G,2016,917,30.2,30.3,0.1,20.0,0.0,0.0,0.0,0.0,0.0,0.0,0.0,0.0,0.0,0.0,0.0,0.0,0.0,0.0
Zach LaVine,Sacramento Kings,G,2015,969,31.4,31.5,0.1,11.3,0.0,0.0,0.0,0.0,0.0,0.0,0.0,0.0,0.0,0.0,0.0,0.0,0.0,0.0
Al Horford,Golden State Warriors,C-F,2008,1736,40.1,40.2,0.0,0.6,0.0,0.0,0.0,0.0,0.0,0.0,0.0,0.0,0.0,0.0,0.0,0.0,0.0,0.0
A.J. Green,Milwaukee Bucks,G,2023,341,26.8,26.8,0.0,38.8,17.0,9.0,3.7,1.4,0.7,0.5,0.0,0.0,0.0,0.0,0.0,0.0,0.0,0.0
Aaron Holiday,Houston Rockets,G,2019,680,29.8,29.8,0.0,20.0,7.8,0.0,0.0,0.0,0.0,0.0,0.0,0.0,0.0,0.0,0.0,0.0,0.0,0.0
AJ Johnson,Dallas Mavericks,G,2025,164,21.6,21.6,0.0,0.0,0.0,0.0,0.0,0.0,0.0,0.0,0.0,0.0,0.0,0.0,0.0,0.0,0.0,0.0
AJ Lawson,Toronto Raptors,G,2023,309,26.0,26.0,0.0,6.7,0.0,0.0,0.0,0.0,0.0,0.0,0.0,0.0,0.0,0.0,0.0,0.0,0.0,0.0
Amir Coffey,Phoenix Suns,G,2020,610,29.1,29.1,0.0,20.0,0.0,0.0,0.0,0.0,0.0,0.0,0.0,0.0,0.0,0.0,0.0,0.0,0.0,0.0
Andre Jackson Jr.,Milwaukee Bucks,G,2024,259,24.7,24.7,0.0,20.0,0.0,0.0,0.0,0.0,0.0,0.0,0.0,0.0,0.0,0.0,0.0,0.0,0.0,0.0
Anfernee Simons,Chicago Bulls,G,2019,667,27.1,27.1,0.0,29.1,14.0,3.6,2.2,0.0,0.0,0.0,0.0,0.0,0.0,0.0,0.0,0.0,0.0,0.0
Antonio Reeves,Charlotte Hornets,G,2025,166,23.7,23.7,0.0,20.0,0.0,0.0,0.0,0.0,0.0,0.0,0.0,0.0,0.0,0.0,0.0,0.0,0.0,0.0
Ben Sheppard,Indiana Pacers,G,2024,288,25.0,25.0,0.0,34.9,14.0,3.6,2.2,1.1,0.0,0.0,0.0,0.0,0.0,0.0,0.0,0.0,0.0,0.0
Blake Wesley,Portland Trail Blazers,G,2023,335,23.4,23.4,0.0,0.0,0.0,0.0,0.0,0.0,0.0,0.0,0.0,0.0,0.0,0.0,0.0,0.0,0.0,0.0
Branden Carlson,Oklahoma City Thunder,C,2025,149,27.1,27.1,0.0,34.9,14.0,3.6,2.2,1.1,0.0,0.0,0.0,0.0,0.0,0.0,0.0,0.0,0.0,0.0
Bronny James,Los Angeles Lakers,G,2025,180,21.8,21.8,0.0,14.1,0.0,0.0,0.0,0.0,0.0,0.0,0.0,0.0,0.0,0.0,0.0,0.0,0.0,0.0
Bruce Brown,Denver Nuggets,G,2019,678,29.9,29.9,0.0,10.6,0.0,0.0,0.0,0.0,0.0,0.0,0.0,0.0,0.0,0.0,0.0,0.0,0.0,0.0
Bryce McGowens,New Orleans Pelicans,G,2023,329,23.7,23.7,0.0,20.0,0.0,0.0,0.0,0.0,0.0,0.0,0.0,0.0,0.0,0.0,0.0,0.0,0.0,0.0
Cam Christie,Los Angeles Clippers,G,2025,173,21.0,21.0,0.0,1.9,0.0,0.0,0.0,0.0,0.0,0.0,0.0,0.0,0.0,0.0,0.0,0.0,0.0,0.0
Cam Whitmore,Washington Wizards,F,2024,254,22.0,22.0,0.0,29.1,14.0,3.6,2.2,0.0,0.0,0.0,0.0,0.0,0.0,0.0,0.0,0.0,0.0,0.0
Charles Bassey,Golden State Warriors,C-F,2022,371,25.7,25.7,0.0,38.3,16.1,9.0,3.7,1.4,0.7,0.5,0.4,0.0,0.0,0.0,0.0,0.0,0.0,0.0
Christian Koloko,Atlanta Hawks,C,2023,273,26.1,26.1,0.0,0.0,0.0,0.0,0.0,0.0,0.0,0.0,0.0,0.0,0.0,0.0,0.0,0.0,0.0,0.0
Cody Williams,Utah Jazz,F,2025,165,21.7,21.7,0.0,34.9,16.1,3.6,0.0,0.0,0.0,0.0,0.0,0.0,0.0,0.0,0.0,0.0,0.0,0.0
Colin Castleton,Orlando Magic,C,2024,213,26.2,26.2,0.0,0.0,0.0,0.0,0.0,0.0,0.0,0.0,0.0,0.0,0.0,0.0,0.0,0.0,0.0,0.0
Corey Kispert,Atlanta Hawks,F,2022,414,27.4,27.4,0.0,20.0,0.0,0.0,0.0,0.0,0.0,0.0,0.0,0.0,0.0,0.0,0.0,0.0,0.0,0.0
Craig Porter,Cleveland Cavaliers,G,2024,282,26.4,26.4,0.0,38.8,17.0,9.0,3.4,1.4,0.7,0.5,0.0,0.0,0.0,0.0,0.0,0.0,0.0,0.0
Daeqwon Plowden,Sacramento Kings,G-F,2025,127,27.9,27.9,0.0,20.0,0.0,0.0,0.0,0.0,0.0,0.0,0.0,0.0,0.0,0.0,0.0,0.0,0.0,0.0
Dalano Banton,Boston Celtics,F,2022,353,26.7,26.7,0.0,16.0,0.0,0.0,0.0,0.0,0.0,0.0,0.0,0.0,0.0,0.0,0.0,0.0,0.0,0.0
Dalen Terry,Philadelphia 76ers,F,2023,344,24.0,24.0,0.0,34.9,14.0,3.6,2.2,1.1,0.0,0.0,0.0,0.0,0.0,0.0,0.0,0.0,0.0,0.0
Dalton Knecht,Los Angeles Lakers,F,2025,180,25.3,25.3,0.0,20.0,7.8,3.6,0.0,0.0,0.0,0.0,0.0,0.0,0.0,0.0,0.0,0.0,0.0,0.0
DaRon Holmes II,Denver Nuggets,F,2025,182,23.9,23.9,0.0,29.1,8.3,3.6,2.2,1.1,0.0,0.0,0.0,0.0,0.0,0.0,0.0,0.0,0.0,0.0
David Roddy,Denver Nuggets,F,2023,274,25.3,25.3,0.0,14.9,0.0,0.0,0.0,0.0,0.0,0.0,0.0,0.0,0.0,0.0,0.0,0.0,0.0,0.0
De'Andre Hunter,Sacramento Kings,F,2020,592,28.6,28.6,0.0,20.0,7.8,0.0,0.0,0.0,0.0,0.0,0.0,0.0,0.0,0.0,0.0,0.0,0.0,0.0
DeAndre Jordan,New Orleans Pelicans,C,2009,1559,38.0,38.0,0.0,0.0,0.0,0.0,0.0,0.0,0.0,0.0,0.0,0.0,0.0,0.0,0.0,0.0,0.0,0.0
Drew Eubanks,Sacramento Kings,F,2019,643,29.5,29.5,0.0,20.0,7.8,0.0,0.0,0.0,0.0,0.0,0.0,0.0,0.0,0.0,0.0,0.0,0.0,0.0
Drew Timme,Los Angeles Lakers,F,2025,76,25.9,25.9,0.0,0.0,0.0,0.0,0.0,0.0,0.0,0.0,0.0,0.0,0.0,0.0,0.0,0.0,0.0,0.0
Dru Smith,Miami Heat,G,2023,292,28.6,28.6,0.0,36.8,16.1,6.1,3.4,1.4,0.7,0.0,0.0,0.0,0.0,0.0,0.0,0.0,0.0,0.0
E.J. Liddell,Brooklyn Nets,F,2023,336,25.6,25.6,0.0,20.0,7.8,3.6,0.0,0.0,0.0,0.0,0.0,0.0,0.0,0.0,0.0,0.0,0.0,0.0
Elijah Harkless,Utah Jazz,G,2025,128,26.5,26.5,0.0,20.0,0.0,0.0,0.0,0.0,0.0,0.0,0.0,0.0,0.0,0.0,0.0,0.0,0.0,0.0
Enrique Freeman,Minnesota Timberwolves,F,2025,165,26.0,26.0,0.0,5.5,0.0,0.0,0.0,0.0,0.0,0.0,0.0,0.0,0.0,0.0,0.0,0.0,0.0,0.0
Ethan Thompson,Indiana Pacers,G,2025,74,27.2,27.2,0.0,9.3,0.0,0.0,0.0,0.0,0.0,0.0,0.0,0.0,0.0,0.0,0.0,0.0,0.0,0.0
Garrett Temple,Toronto Raptors,G,2010,1234,40.2,40.2,0.0,0.0,0.0,0.0,0.0,0.0,0.0,0.0,0.0,0.0,0.0,0.0,0.0,0.0,0.0,0.0
Gary Trent Jr.,Milwaukee Bucks,G,2019,673,27.5,27.5,0.0,4.8,0.0,0.0,0.0,0.0,0.0,0.0,0.0,0.0,0.0,0.0,0.0,0.0,0.0,0.0
Gradey Dick,Toronto Raptors,G,2024,254,22.7,22.7,0.0,20.0,0.0,0.0,0.0,0.0,0.0,0.0,0.0,0.0,0.0,0.0,0.0,0.0,0.0,0.0
Haywood Highsmith,Phoenix Suns,F,2019,457,29.6,29.6,0.0,34.9,14.0,3.9,2.6,1.4,0.7,0.0,0.0,0.0,0.0,0.0,0.0,0.0,0.0,0.0
Isaac Jones,Detroit Pistons,F,2025,162,26.0,26.0,0.0,0.0,0.0,0.0,0.0,0.0,0.0,0.0,0.0,0.0,0.0,0.0,0.0,0.0,0.0,0.0
Isaac Okoro,Chicago Bulls,F-G,2021,511,25.5,25.5,0.0,34.9,14.0,3.6,2.2,1.1,0.0,0.0,0.0,0.0,0.0,0.0,0.0,0.0,0.0,0.0
Isaiah Crawford,Houston Rockets,F,2025,162,24.7,24.7,0.0,12.2,0.0,0.0,0.0,0.0,0.0,0.0,0.0,0.0,0.0,0.0,0.0,0.0,0.0,0.0
Isaiah Stevens,Sacramento Kings,G,2025,140,25.7,25.7,0.0,0.0,0.0,0.0,0.0,0.0,0.0,0.0,0.0,0.0,0.0,0.0,0.0,0.0,0.0,0.0
Isaiah Stewart,Detroit Pistons,F-C,2021,503,25.2,25.2,0.0,34.9,14.0,3.6,2.2,0.0,0.0,0.0,0.0,0.0,0.0,0.0,0.0,0.0,0.0,0.0
Jabari Walker,Philadelphia 76ers,F,2023,341,24.0,24.0,0.0,20.0,7.8,3.6,2.2,0.0,0.0,0.0,0.0,0.0,0.0,0.0,0.0,0.0,0.0,0.0
Jaden Hardy,Washington Wizards,G,2023,354,24.1,24.1,0.0,20.0,0.0,0.0,0.0,0.0,0.0,0.0,0.0,0.0,0.0,0.0,0.0,0.0,0.0,0.0
Jahmir Young,Miami Heat,G,2025,94,25.8,25.8,0.0,0.0,0.0,0.0,0.0,0.0,0.0,0.0,0.0,0.0,0.0,0.0,0.0,0.0,0.0,0.0
Jalen Pickett,Denver Nuggets,G,2024,279,26.8,26.8,0.0,1.2,0.0,0.0,0.0,0.0,0.0,0.0,0.0,0.0,0.0,0.0,0.0,0.0,0.0,0.0
Jalen Wilson,Brooklyn Nets,F,2024,242,25.7,25.7,0.0,5.4,0.0,0.0,0.0,0.0,0.0,0.0,0.0,0.0,0.0,0.0,0.0,0.0,0.0,0.0
Jamal Cain,Orlando Magic,F,2023,339,27.4,27.4,0.0,20.0,7.8,3.6,2.2,0.0,0.0,0.0,0.0,0.0,0.0,0.0,0.0,0.0,0.0,0.0
Jamaree Bouyea,Phoenix Suns,G,2023,136,27.1,27.1,0.0,20.0,7.8,3.6,0.0,0.0,0.0,0.0,0.0,0.0,0.0,0.0,0.0,0.0,0.0,0.0
Jamison Battle,Toronto Raptors,F,2025,172,25.2,25.2,0.0,7.2,0.0,0.0,0.0,0.0,0.0,0.0,0.0,0.0,0.0,0.0,0.0,0.0,0.0,0.0
Jaylen Clark,Minnesota Timberwolves,G,2024,270,24.8,24.8,0.0,38.8,17.0,9.0,3.7,1.4,0.7,0.5,0.0,0.0,0.0,0.0,0.0,0.0,0.0,0.0
Jaylen Wells,Memphis Grizzlies,F,2025,171,22.9,22.9,0.0,38.8,17.0,6.1,3.4,1.4,0.7,0.0,0.0,0.0,0.0,0.0,0.0,0.0,0.0,0.0
JD Davison,Houston Rockets,G,2023,344,23.8,23.8,0.0,20.0,7.8,3.6,0.0,0.0,0.0,0.0,0.0,0.0,0.0,0.0,0.0,0.0,0.0,0.0
Jeenathan Williams,Golden State Warriors,G,2023,204,27.5,27.5,0.0,4.9,0.0,0.0,0.0,0.0,0.0,0.0,0.0,0.0,0.0,0.0,0.0,0.0,0.0,0.0
Jeff Green,Houston Rockets,F,2008,1551,39.9,39.9,0.0,0.0,0.0,0.0,0.0,0.0,0.0,0.0,0.0,0.0,0.0,0.0,0.0,0.0,0.0,0.0
Jericho Sims,Milwaukee Bucks,C,2022,442,27.8,27.8,0.0,20.0,7.8,0.0,0.0,0.0,0.0,0.0,0.0,0.0,0.0,0.0,0.0,0.0,0.0,0.0
Jett Howard,Orlando Magic,G,2024,268,22.9,22.9,0.0,18.9,0.0,0.0,0.0,0.0,0.0,0.0,0.0,0.0,0.0,0.0,0.0,0.0,0.0,0.0
Joe Ingles,Minnesota Timberwolves,F-G,2015,1047,38.8,38.8,0.0,0.0,0.0,0.0,0.0,0.0,0.0,0.0,0.0,0.0,0.0,0.0,0.0,0.0,0.0,0.0
Johnny Furphy,Indiana Pacers,G,2025,188,21.6,21.6,0.0,34.9,16.1,3.9,2.2,1.1,0.7,0.0,0.0,0.0,0.0,0.0,0.0,0.0,0.0,0.0
Jonathan Kuminga,Atlanta Hawks,F,2022,464,23.8,23.8,0.0,39.2,17.0,8.3,3.4,1.4,0.7,0.0,0.0,0.0,0.0,0.0,0.0,0.0,0.0,0.0
Jonathan Mogbo,Toronto Raptors,F,2025,172,24.7,24.7,0.0,20.0,7.8,3.6,2.2,0.0,0.0,0.0,0.0,0.0,0.0,0.0,0.0,0.0,0.0,0.0
Jordan Hawkins,New Orleans Pelicans,G,2024,253,24.2,24.2,0.0,0.0,0.0,0.0,0.0,0.0,0.0,0.0,0.0,0.0,0.0,0.0,0.0,0.0,0.0,0.0
Jordan Poole,New Orleans Pelicans,G,2020,585,27.1,27.1,0.0,20.0,0.0,0.0,0.0,0.0,0.0,0.0,0.0,0.0,0.0,0.0,0.0,0.0,0.0,0.0
Julian Phillips,Minnesota Timberwolves,F,2024,262,22.7,22.7,0.0,20.0,7.8,3.6,2.0,0.0,0.0,0.0,0.0,0.0,0.0,0.0,0.0,0.0,0.0,0.0
Julian Strawther,Denver Nuggets,G,2024,279,24.3,24.3,0.0,20.0,7.8,3.6,0.0,0.0,0.0,0.0,0.0,0.0,0.0,0.0,0.0,0.0,0.0,0.0
Justin Edwards,Philadelphia 76ers,F,2025,177,22.6,22.6,0.0,30.9,14.0,3.6,2.2,0.0,0.0,0.0,0.0,0.0,0.0,0.0,0.0,0.0,0.0,0.0
Karlo Matkovic,New Orleans Pelicans,F-C,2025,165,25.3,25.3,0.0,34.9,16.1,3.9,2.2,1.1,0.7,0.0,0.0,0.0,0.0,0.0,0.0,0.0,0.0,0.0
Keaton Wallace,Atlanta Hawks,G,2025,172,27.4,27.4,0.0,6.8,0.0,0.0,0.0,0.0,0.0,0.0,0.0,0.0,0.0,0.0,0.0,0.0,0.0,0.0
Keshad Johnson,Miami Heat,F,2025,169,25.1,25.1,0.0,34.9,16.1,5.4,3.4,1.4,0.7,0.5,0.0,0.0,0.0,0.0,0.0,0.0,0.0,0.0
Kevin Love,Utah Jazz,F,2009,1557,37.9,37.9,0.0,0.0,0.0,0.0,0.0,0.0,0.0,0.0,0.0,0.0,0.0,0.0,0.0,0.0,0.0,0.0
Killian Hayes,Sacramento Kings,G,2021,317,25.0,25.0,0.0,15.8,0.0,0.0,0.0,0.0,0.0,0.0,0.0,0.0,0.0,0.0,0.0,0.0,0.0,0.0
KJ Simpson,Denver Nuggets,G,2025,162,24.0,24.0,0.0,1.4,0.0,0.0,0.0,0.0,0.0,0.0,0.0,0.0,0.0,0.0,0.0,0.0,0.0,0.0
Kobe Brown,Indiana Pacers,F,2024,259,26.6,26.6,0.0,38.8,17.0,8.3,3.4,1.4,0.7,0.0,0.0,0.0,0.0,0.0,0.0,0.0,0.0,0.0
Kyle Lowry,Philadelphia 76ers,G,2007,1766,40.3,40.3,0.0,0.0,0.0,0.0,0.0,0.0,0.0,0.0,0.0,0.0,0.0,0.0,0.0,0.0,0.0,0.0
Leonard Miller,Chicago Bulls,F,2024,277,22.7,22.7,0.0,34.9,14.0,3.6,2.2,1.1,0.7,0.0,0.0,0.0,0.0,0.0,0.0,0.0,0.0,0.0
Mac McClung,Chicago Bulls,G,2022,157,26.6,26.6,0.0,5.3,0.0,0.0,0.0,0.0,0.0,0.0,0.0,0.0,0.0,0.0,0.0,0.0,0.0,0.0
Malevy Leons,Golden State Warriors,F,2025,67,26.8,26.8,0.0,13.6,0.0,0.0,0.0,0.0,0.0,0.0,0.0,0.0,0.0,0.0,0.0,0.0,0.0,0.0
Malik Monk,Sacramento Kings,G,2018,723,28.5,28.5,0.0,34.9,16.1,3.9,2.2,1.1,0.0,0.0,0.0,0.0,0.0,0.0,0.0,0.0,0.0,0.0
Marcus Sasser,Detroit Pistons,G,2024,266,25.8,25.8,0.0,34.9,14.0,3.6,2.2,1.1,0.0,0.0,0.0,0.0,0.0,0.0,0.0,0.0,0.0,0.0
MarJon Beauchamp,Philadelphia 76ers,F,2023,311,25.8,25.8,0.0,20.0,0.0,0.0,0.0,0.0,0.0,0.0,0.0,0.0,0.0,0.0,0.0,0.0,0.0,0.0
Marvin Bagley III,Dallas Mavericks,F,2019,643,27.4,27.4,0.0,20.0,7.8,3.6,2.2,0.0,0.0,0.0,0.0,0.0,0.0,0.0,0.0,0.0,0.0,0.0
Max Christie,Dallas Mavericks,G,2023,353,23.5,23.5,0.0,39.2,17.0,8.3,3.4,1.4,0.7,0.0,0.0,0.0,0.0,0.0,0.0,0.0,0.0,0.0
Micah Potter,Indiana Pacers,C,2022,302,28.3,28.3,0.0,38.8,16.1,9.0,3.4,1.4,0.7,0.5,0.0,0.0,0.0,0.0,0.0,0.0,0.0,0.0
Mike Conley,Minnesota Timberwolves,G,2008,1653,38.8,38.8,0.0,0.0,0.0,0.0,0.0,0.0,0.0,0.0,0.0,0.0,0.0,0.0,0.0,0.0,0.0,0.0
Moritz Wagner,Orlando Magic,F,2019,653,29.2,29.2,0.0,20.0,7.8,0.0,0.0,0.0,0.0,0.0,0.0,0.0,0.0,0.0,0.0,0.0,0.0,0.0
Nae'Qwan Tomlin,Cleveland Cavaliers,F,2025,130,25.6,25.6,0.0,34.9,16.1,6.1,3.4,1.4,0.7,0.0,0.0,0.0,0.0,0.0,0.0,0.0,0.0,0.0
Naji Marshall,Dallas Mavericks,F,2021,500,28.5,28.5,0.0,39.2,17.0,8.3,3.4,1.4,0.0,0.0,0.0,0.0,0.0,0.0,0.0,0.0,0.0,0.0
Nick Richards,Chicago Bulls,C,2021,483,28.7,28.7,0.0,20.0,0.0,0.0,0.0,0.0,0.0,0.0,0.0,0.0,0.0,0.0,0.0,0.0,0.0,0.0
Nick Smith Jr.,Los Angeles Lakers,G,2024,256,22.3,22.3,0.0,11.9,0.0,0.0,0.0,0.0,0.0,0.0,0.0,0.0,0.0,0.0,0.0,0.0,0.0,0.0
Nicolas Batum,Los Angeles Clippers,F-G,2009,1517,37.6,37.6,0.0,0.0,0.0,0.0,0.0,0.0,0.0,0.0,0.0,0.0,0.0,0.0,0.0,0.0,0.0,0.0
Nicolas Claxton,Brooklyn Nets,F-C,2020,568,27.3,27.3,0.0,34.9,16.1,3.6,2.2,0.0,0.0,0.0,0.0,0.0,0.0,0.0,0.0,0.0,0.0,0.0
Nikola Jovic,Miami Heat,F,2023,368,23.1,23.1,0.0,20.0,7.8,0.0,0.0,0.0,0.0,0.0,0.0,0.0,0.0,0.0,0.0,0.0,0.0,0.0
Nikola Topić,Oklahoma City Thunder,G,2025,201,21.0,21.0,0.0,20.0,7.8,0.0,0.0,0.0,0.0,0.0,0.0,0.0,0.0,0.0,0.0,0.0,0.0,0.0
Noah Clowney,Brooklyn Nets,F,2024,245,22.0,22.0,0.0,34.9,14.0,3.6,2.2,0.0,0.0,0.0,0.0,0.0,0.0,0.0,0.0,0.0,0.0,0.0
Ochai Agbaji,Brooklyn Nets,G,2023,332,26.3,26.3,0.0,20.0,0.0,0.0,0.0,0.0,0.0,0.0,0.0,0.0,0.0,0.0,0.0,0.0,0.0,0.0
Oscar Tshiebwe,Utah Jazz,F-C,2024,244,26.7,26.7,0.0,34.9,16.1,6.1,3.4,1.4,0.7,0.5,0.0,0.0,0.0,0.0,0.0,0.0,0.0,0.0
Ousmane Dieng,Milwaukee Bucks,F,2023,368,23.2,23.2,0.0,20.0,0.0,0.0,0.0,0.0,0.0,0.0,0.0,0.0,0.0,0.0,0.0,0.0,0.0,0.0
P.J. Washington,Dallas Mavericks,F,2020,572,27.9,27.9,0.0,38.8,17.0,9.0,3.4,1.4,0.7,0.0,0.0,0.0,0.0,0.0,0.0,0.0,0.0,0.0
Patrick Baldwin Jr.,Sacramento Kings,F,2023,284,23.7,23.7,0.0,1.6,0.0,0.0,0.0,0.0,0.0,0.0,0.0,0.0,0.0,0.0,0.0,0.0,0.0,0.0
Patrick Williams,Chicago Bulls,F,2021,492,24.9,24.9,0.0,14.7,0.0,0.0,0.0,0.0,0.0,0.0,0.0,0.0,0.0,0.0,0.0,0.0,0.0,0.0
Pete Nance,Milwaukee Bucks,F,2024,171,26.4,26.4,0.0,20.0,7.8,0.0,0.0,0.0,0.0,0.0,0.0,0.0,0.0,0.0,0.0,0.0,0.0,0.0
PJ Hall,Charlotte Hornets,C,2025,147,24.4,24.4,0.0,4.4,0.0,0.0,0.0,0.0,0.0,0.0,0.0,0.0,0.0,0.0,0.0,0.0,0.0,0.0
Quenton Jackson,Indiana Pacers,G,2023,213,27.9,27.9,0.0,34.9,14.0,3.9,2.6,1.4,0.7,0.0,0.0,0.0,0.0,0.0,0.0,0.0,0.0,0.0
Quinten Post,Golden State Warriors,C,2025,177,26.3,26.3,0.0,34.9,16.1,6.1,3.4,1.4,0.7,0.0,0.0,0.0,0.0,0.0,0.0,0.0,0.0,0.0
Rayan Rupert,Memphis Grizzlies,G-F,2024,249,22.2,22.2,0.0,4.0,0.0,0.0,0.0,0.0,0.0,0.0,0.0,0.0,0.0,0.0,0.0,0.0,0.0,0.0
RayJ Dennis,Atlanta Hawks,G,2025,119,25.3,25.3,0.0,0.0,0.0,0.0,0.0,0.0,0.0,0.0,0.0,0.0,0.0,0.0,0.0,0.0,0.0,0.0
Riley Minix,Cleveland Cavaliers,F,2025,132,25.8,25.8,0.0,20.0,0.0,0.0,0.0,0.0,0.0,0.0,0.0,0.0,0.0,0.0,0.0,0.0,0.0,0.0
Rob Dillingham,Chicago Bulls,G,2025,180,21.6,21.6,0.0,20.0,7.8,0.0,0.0,0.0,0.0,0.0,0.0,0.0,0.0,0.0,0.0,0.0,0.0,0.0
Ron Harper Jr.,Boston Celtics,F,2023,241,26.3,26.3,0.0,20.0,7.8,0.0,0.0,0.0,0.0,0.0,0.0,0.0,0.0,0.0,0.0,0.0,0.0,0.0
Russell Westbrook,Sacramento Kings,G,2009,1590,37.7,37.7,0.0,0.0,0.0,0.0,0.0,0.0,0.0,0.0,0.0,0.0,0.0,0.0,0.0,0.0,0.0,0.0
Seth Curry,Golden State Warriors,G,2014,927,35.9,35.9,0.0,0.0,0.0,0.0,0.0,0.0,0.0,0.0,0.0,0.0,0.0,0.0,0.0,0.0,0.0,0.0
Spencer Jones,Denver Nuggets,F,2025,168,25.1,25.1,0.0,34.9,16.1,3.6,2.2,1.1,0.0,0.0,0.0,0.0,0.0,0.0,0.0,0.0,0.0,0.0
Svi Mykhailiuk,Utah Jazz,F,2019,660,29.1,29.1,0.0,20.0,7.8,3.6,2.2,0.0,0.0,0.0,0.0,0.0,0.0,0.0,0.0,0.0,0.0,0.0
Taj Gibson,Memphis Grizzlies,F,2010,1318,41.1,41.1,0.0,0.0,0.0,0.0,0.0,0.0,0.0,0.0,0.0,0.0,0.0,0.0,0.0,0.0,0.0,0.0
Terance Mann,Brooklyn Nets,G,2020,602,29.8,29.8,0.0,19.8,0.0,0.0,0.0,0.0,0.0,0.0,0.0,0.0,0.0,0.0,0.0,0.0,0.0,0.0
Terrence Shannon Jr.,Minnesota Timberwolves,G-F,2025,192,26.0,26.0,0.0,20.0,7.8,0.0,0.0,0.0,0.0,0.0,0.0,0.0,0.0,0.0,0.0,0.0,0.0,0.0
Thomas Bryant,Cleveland Cavaliers,C,2018,790,29.0,29.0,0.0,34.9,14.0,3.6,2.2,1.1,0.0,0.0,0.0,0.0,0.0,0.0,0.0,0.0,0.0,0.0
Tidjane Salaün,Charlotte Hornets,F,2025,167,21.0,21.0,0.0,20.0,7.8,3.6,0.0,0.0,0.0,0.0,0.0,0.0,0.0,0.0,0.0,0.0,0.0,0.0
Tolu Smith,Detroit Pistons,F,2025,139,26.0,26.0,0.0,20.0,0.0,0.0,0.0,0.0,0.0,0.0,0.0,0.0,0.0,0.0,0.0,0.0,0.0,0.0
Tony Bradley,Atlanta Hawks,C,2018,582,28.5,28.5,0.0,20.0,7.8,3.6,0.0,0.0,0.0,0.0,0.0,0.0,0.0,0.0,0.0,0.0,0.0,0.0
Tosan Evbuomwan,Charlotte Hornets,F,2024,154,25.4,25.4,0.0,0.0,0.0,0.0,0.0,0.0,0.0,0.0,0.0,0.0,0.0,0.0,0.0,0.0,0.0,0.0
Trayce Jackson-Davis,Toronto Raptors,F,2024,267,26.4,26.4,0.0,20.0,7.8,3.6,0.0,0.0,0.0,0.0,0.0,0.0,0.0,0.0,0.0,0.0,0.0,0.0
Tre Mann,Charlotte Hornets,G,2022,416,25.5,25.5,0.0,0.0,0.0,0.0,0.0,0.0,0.0,0.0,0.0,0.0,0.0,0.0,0.0,0.0,0.0,0.0
Trendon Watford,Philadelphia 76ers,F,2022,423,25.7,25.7,0.0,20.0,7.8,0.0,0.0,0.0,0.0,0.0,0.0,0.0,0.0,0.0,0.0,0.0,0.0,0.0
Trey Alexander,New Orleans Pelicans,G,2025,165,23.2,23.2,0.0,20.0,0.0,0.0,0.0,0.0,0.0,0.0,0.0,0.0,0.0,0.0,0.0,0.0,0.0,0.0
Tristen Newton,Houston Rockets,G,2025,131,25.2,25.2,0.0,8.3,0.0,0.0,0.0,0.0,0.0,0.0,0.0,0.0,0.0,0.0,0.0,0.0,0.0,0.0
Tyler Smith,Dallas Mavericks,F,2025,125,21.7,21.7,0.0,0.0,0.0,0.0,0.0,0.0,0.0,0.0,0.0,0.0,0.0,0.0,0.0,0.0,0.0,0.0
Tyrese Martin,Philadelphia 76ers,G,2023,251,27.4,27.4,0.0,9.1,0.0,0.0,0.0,0.0,0.0,0.0,0.0,0.0,0.0,0.0,0.0,0.0,0.0,0.0
Tyson Etienne,Brooklyn Nets,G,2025,92,26.9,26.9,0.0,4.6,0.0,0.0,0.0,0.0,0.0,0.0,0.0,0.0,0.0,0.0,0.0,0.0,0.0,0.0
TyTy Washington Jr.,Los Angeles Clippers,G,2023,299,24.7,24.7,0.0,16.3,0.0,0.0,0.0,0.0,0.0,0.0,0.0,0.0,0.0,0.0,0.0,0.0,0.0,0.0
Vit Krejci,Portland Trail Blazers,G,2022,401,26.1,26.1,0.0,34.9,16.1,5.4,3.4,1.4,0.7,0.0,0.0,0.0,0.0,0.0,0.0,0.0,0.0,0.0
Wendell Moore Jr.,Detroit Pistons,G,2023,340,24.9,24.9,0.0,20.0,7.8,3.6,2.2,0.0,0.0,0.0,0.0,0.0,0.0,0.0,0.0,0.0,0.0,0.0
Xavier Tillman,Charlotte Hornets,F,2021,539,27.5,27.5,0.0,20.0,7.8,3.6,2.2,0.0,0.0,0.0,0.0,0.0,0.0,0.0,0.0,0.0,0.0,0.0
Yuki Kawamura,Chicago Bulls,G,2025,131,25.2,25.2,0.0,20.0,7.8,3.6,0.0,0.0,0.0,0.0,0.0,0.0,0.0,0.0,0.0,0.0,0.0,0.0
Zach Collins,Chicago Bulls,C-F,2018,751,28.7,28.7,0.0,34.9,14.0,3.9,2.6,1.4,0.7,0.0,0.0,0.0,0.0,0.0,0.0,0.0,0.0,0.0
Zeke Nnaji,Denver Nuggets,F-C,2021,550,25.5,25.5,0.0,9.4,0.0,0.0,0.0,0.0,0.0,0.0,0.0,0.0,0.0,0.0,0.0,0.0,0.0,0.0
Ziaire Williams,Brooklyn Nets,F,2022,429,24.9,24.9,0.0,34.9,16.1,3.6,2.2,1.1,0.7,0.0,0.0,0.0,0.0,0.0,0.0,0.0,0.0,0.0
Zyon Pullin,Minnesota Timberwolves,G,2025,66,25.4,25.4,0.0,0.0,0.0,0.0,0.0,0.0,0.0,0.0,0.0,0.0,0.0,0.0,0.0,0.0,0.0,0.0