#,Player,Team,Pos,DPM,ODPM,DDPM,Box,On/Off DPM,MPG,Pace,Pts per 100,Ast per 100,FG%,3P%,FT%,$ Value,Salary,Surplus Value
1,Nikola Jokic,Denver Nuggets,C-F,+7,+5,+2,+5,+7,31.7,95.1,31.2,11.4,53.4%,33.9%,79.1%,$101.4M,$55.2M,+$46.2M
2,Victor Wembanyama,San Antonio Spurs,F-C,+6,+4,+2,+6,+6,35.0,94.3,35.0,4.2,49.2%,33.9%,82.7%,$82.8M,$13.4M,+$69.4M
3,Kawhi Leonard,Los Angeles Clippers,F,+6,+5,+0,+6,+6,31.0,94.1,34.3,4.5,47.0%,36.4%,84.3%,$73.2M,$50.0M,+$23.2M
4,Shai Gilgeous-Alexander,Oklahoma City Thunder,G,+6,+5,+1,+5,+6,30.0,94.9,35.2,8.7,49.9%,35.1%,82.9%,$82.5M,$38.3M,+$44.2M
5,Giannis Antetokounmpo,Milwaukee Bucks,F-G,+5,+3,+1,+4,+5,25.0,94.6,35.5,7.9,55.9%,27.3%,55.4%,$36.8M,$54.1M,-$17.3M
6,Luka Doncic,Los Angeles Lakers,G,+4,+4,-0,+3,+5,31.6,95.8,38.5,10.1,43.6%,33.0%,71.3%,$43.7M,$46.0M,-$2.3M
7,Donovan Mitchell,Cleveland Cavaliers,G,+4,+5,-1,+2,+4,25.5,95.6,33.2,5.2,43.7%,34.0%,80.6%,$66.2M,$46.4M,+$19.8M
8,Cade Cunningham,Detroit Pistons,G,+4,+3,+0,+2,+4,27.2,94.6,29.0,10.0,42.6%,34.1%,79.8%,$69.7M,$46.4M,+$23.3M
9,OG Anunoby,New York Knicks,F,+4,+2,+2,+3,+4,34.0,95.5,22.2,2.3,44.2%,38.2%,81.4%,$54.7M,$39.6M,+$15.2M
10,Anthony Edwards,Minnesota Timberwolves,G,+4,+4,-1,+3,+4,27.2,96.0,32.0,4.3,44.5%,35.0%,77.4%,$65.7M,$45.6M,+$20.2M
11,Karl-Anthony Towns,New York Knicks,C-F,+4,+2,+1,+3,+4,31.9,94.7,26.3,6.0,47.3%,36.1%,83.2%,$52.8M,$53.1M,-$0.3M
12,Jalen Brunson,New York Knicks,G,+3,+4,-1,+2,+4,37.8,96.0,33.4,8.1,43.2%,35.4%,82.8%,$59.1M,$34.9M,+$24.2M
13,Chet Holmgren,Oklahoma City Thunder,C-F,+3,+1,+2,+2,+4,21.1,93.0,21.9,2.1,53.0%,33.5%,76.2%,$52.9M,$13.7M,+$39.2M
14,Kevin Durant,Houston Rockets,F-G,+3,+3,+0,+3,+3,28.4,94.5,31.9,6.8,47.2%,37.4%,84.6%,$48.5M,$54.7M,-$6.3M
15,Jayson Tatum,Boston Celtics,F,+3,+3,-0,+3,+3,28.6,94.0,32.3,8.0,42.4%,33.2%,80.2%,$57.0M,$54.1M,+$2.9M
16,Mitchell Robinson,New York Knicks,C,+3,+0,+3,+2,+3,12.8,94.9,14.1,1.1,62.7%,10.0%,46.3%,$17.5M,$13.0M,+$4.5M
17,Scottie Barnes,Toronto Raptors,F,+3,+1,+1,+3,+3,25.4,94.3,25.2,8.6,47.5%,32.2%,77.0%,$54.5M,$38.7M,+$15.8M
18,LaMelo Ball,Charlotte Hornets,G,+3,+3,-1,+2,+3,27.9,93.9,33.0,10.0,39.3%,34.2%,85.7%,$46.5M,$38.0M,+$8.5M
19,Jamal Murray,Denver Nuggets,G,+3,+3,-1,+2,+3,32.2,94.2,29.1,7.3,44.1%,37.4%,87.2%,$57.8M,$46.4M,+$11.4M
20,Jarrett Allen,Cleveland Cavaliers,C,+3,+1,+2,+1,+3,19.9,94.8,21.7,2.3,63.0%,25.6%,65.0%,$44.7M,$20.0M,+$24.7M
21,Joel Embiid,Philadelphia 76ers,C-F,+2,+2,+1,+3,+2,24.7,94.5,33.2,6.0,46.6%,32.8%,82.1%,$53.4M,$55.2M,-$1.8M
22,Ty Jerome,Memphis Grizzlies,G,+2,+3,-0,+4,+2,25.3,94.1,32.7,9.8,44.0%,36.5%,82.3%,$32.6M,$8.8M,+$23.8M
23,James Harden,Cleveland Cavaliers,G,+2,+3,-0,+1,+3,27.4,94.1,24.4,7.9,40.6%,34.3%,83.2%,$52.9M,$39.2M,+$13.7M
24,Tyrese Haliburton,Indiana Pacers,G,+2,+2,+0,+3,+2,24.1,94.6,23.0,9.6,44.5%,34.4%,83.0%,$31.3M,$45.6M,-$14.2M
25,Isaiah Hartenstein,Oklahoma City Thunder,F-C,+2,-1,+3,+3,+2,13.3,93.9,17.6,5.6,57.1%,24.1%,63.0%,$32.2M,$28.5M,+$3.7M
26,Jakob Poeltl,Toronto Raptors,C,+2,-0,+2,+2,+2,14.1,94.1,18.4,3.3,62.6%,15.9%,57.8%,$25.6M,$19.5M,+$6.1M
27,De'Aaron Fox,San Antonio Spurs,G,+2,+2,+0,+0,+2,33.1,95.1,24.2,8.3,45.1%,32.8%,74.2%,$40.0M,$37.1M,+$2.9M
28,Bam Adebayo,Miami Heat,C-F,+2,+1,+1,+1,+2,27.3,95.6,29.4,5.1,43.7%,31.4%,75.2%,$46.2M,$37.1M,+$9.1M
29,Aaron Gordon,Denver Nuggets,F,+2,+2,+0,+0,+2,23.2,94.5,23.6,4.2,47.6%,33.9%,72.8%,$39.9M,$22.8M,+$17.0M
30,Stephen Curry,Golden State Warriors,G,+2,+4,-2,+1,+2,21.8,94.4,29.4,8.4,42.9%,34.9%,90.9%,$37.6M,$59.6M,-$22.1M
31,Robert Williams III,Portland Trail Blazers,F,+2,-0,+2,+3,+1,11.0,94.6,18.1,2.9,60.1%,30.7%,61.7%,$25.6M,$13.3M,+$12.3M
32,Stephon Castle,San Antonio Spurs,G,+2,+2,+0,+1,+2,33.9,94.5,25.5,9.7,44.6%,32.5%,74.7%,$39.7M,$9.6M,+$30.2M
33,Alex Caruso,Oklahoma City Thunder,G,+2,-0,+2,+3,+2,13.6,94.3,18.2,4.2,40.6%,34.7%,78.5%,$31.3M,$18.1M,+$13.2M
34,Julian Champagnie,San Antonio Spurs,F,+2,+1,+1,+1,+2,31.0,94.6,17.7,1.9,40.8%,37.7%,82.2%,$34.4M,$3.0M,+$31.4M
35,Tyrese Maxey,Philadelphia 76ers,G,+2,+3,-1,+2,+2,27.1,94.8,29.1,7.1,44.7%,34.7%,85.6%,$53.1M,$38.0M,+$15.2M
36,Rudy Gobert,Minnesota Timberwolves,C,+2,-2,+3,+1,+2,20.6,94.6,14.0,2.5,62.6%,23.1%,54.7%,$39.8M,$35.0M,+$4.8M
37,Evan Mobley,Cleveland Cavaliers,C,+2,+1,+1,+2,+2,20.8,96.1,23.7,4.9,51.2%,30.2%,60.3%,$46.0M,$46.4M,-$0.3M
38,Jalen Duren,Detroit Pistons,C,+2,+1,+1,+1,+2,20.4,94.1,22.8,3.6,63.1%,17.8%,67.9%,$33.7M,$6.5M,+$27.2M
39,Devin Booker,Phoenix Suns,G,+2,+3,-1,+0,+2,30.0,94.2,30.4,6.9,44.1%,34.2%,84.3%,$47.3M,$53.1M,-$5.8M
40,Jimmy Butler,Golden State Warriors,G-F,+2,+1,+1,+1,+2,23.7,94.5,27.0,7.2,47.0%,30.3%,82.0%,$25.3M,$54.1M,-$28.8M
41,Cason Wallace,Oklahoma City Thunder,G,+2,+0,+1,+3,+1,14.3,94.5,16.0,4.1,42.7%,35.7%,78.8%,$27.3M,$5.8M,+$21.5M
42,Dylan Harper,San Antonio Spurs,G,+2,+1,+0,+2,+2,24.6,95.4,22.4,5.4,49.3%,34.8%,78.7%,$23.1M,$12.4M,+$10.8M
43,Anthony Davis,Washington Wizards,F-C,+2,+0,+2,+2,+2,22.0,94.7,26.1,3.9,48.3%,29.3%,75.1%,$18.8M,$54.1M,-$35.3M
44,Lauri Markkanen,Utah Jazz,F,+2,+2,-0,+2,+1,27.9,95.3,30.6,3.0,43.6%,34.9%,86.0%,$21.6M,$46.4M,-$24.8M
45,Jaylen Brown,Boston Celtics,F,+1,+3,-1,+1,+2,29.2,94.4,34.1,5.8,44.7%,33.2%,74.5%,$46.2M,$53.1M,-$7.0M
46,Donte DiVincenzo,Minnesota Timberwolves,G,+1,+0,+1,+0,+2,22.8,95.6,21.1,5.4,37.9%,36.2%,71.7%,$22.5M,$12.0M,+$10.6M
47,Derrick White,Boston Celtics,G,+1,+1,+1,-1,+2,25.8,93.7,19.7,5.6,40.1%,33.5%,85.4%,$41.8M,$28.1M,+$13.7M
48,Franz Wagner,Orlando Magic,F,+1,+2,-0,-0,+2,23.0,95.0,29.8,5.7,46.6%,31.1%,81.2%,$29.3M,$38.7M,-$9.3M
49,Steven Adams,Houston Rockets,C,+1,-2,+3,+0,+2,14.9,94.0,15.1,2.8,49.3%,18.2%,51.0%,$12.4M,$14.1M,-$1.8M
50,Day'Ron Sharpe,Brooklyn Nets,F,+1,+0,+1,+2,+1,22.9,94.4,23.3,5.8,54.7%,27.9%,65.4%,$13.5M,$6.3M,+$7.3M
51,Sandro Mamukelashvili,Toronto Raptors,F-C,+1,+1,+0,+1,+1,9.9,94.6,21.1,3.2,47.8%,34.2%,70.3%,$19.3M,$2.5M,+$16.8M
52,Onyeka Okongwu,Atlanta Hawks,F-C,+1,+0,+1,+1,+1,21.6,96.7,18.2,3.5,48.5%,34.9%,73.0%,$37.5M,$15.0M,+$22.5M
53,Jaren Jackson Jr.,Utah Jazz,F,+1,+0,+1,+0,+2,27.7,95.4,28.4,3.3,44.1%,34.2%,76.8%,$23.5M,$35.0M,-$11.5M
54,Derrick Jones Jr.,Los Angeles Clippers,F,+1,+0,+1,-1,+2,19.3,94.2,16.0,2.1,47.2%,33.2%,71.3%,$24.4M,$10.0M,+$14.4M
55,Amen Thompson,Houston Rockets,G-F,+1,+1,+0,+1,+1,28.4,93.9,23.1,5.9,51.7%,26.9%,72.8%,$40.8M,$9.7M,+$31.1M
56,LeBron James,Los Angeles Lakers,F-G,+1,+2,-0,+1,+1,26.5,93.7,28.3,9.3,47.8%,31.7%,72.5%,$37.1M,$52.6M,-$15.5M
57,Kristaps Porzingis,Golden State Warriors,F-C,+1,+1,+1,+2,+1,14.2,94.3,26.0,3.7,43.3%,33.5%,78.5%,$26.5M,$30.7M,-$4.2M
58,Ryan Rollins,Milwaukee Bucks,G,+1,+1,+0,+2,+0,31.6,94.0,28.7,8.1,43.4%,36.7%,79.2%,$22.9M,$4.0M,+$18.9M
59,Josh Minott,Brooklyn Nets,F,+1,+0,+1,+2,-0,20.9,94.7,22.3,2.6,44.3%,35.2%,79.0%,$23.8M,$2.4M,+$21.4M
60,Paul Reed,Detroit Pistons,F,+1,-0,+1,+1,+1,4.5,94.4,25.3,3.6,55.3%,30.7%,66.7%,$11.4M,$5.3M,+$6.1M
61,Jalen Suggs,Orlando Magic,G,+1,-0,+1,-0,+2,22.8,94.9,18.8,7.2,40.7%,32.7%,81.4%,$36.3M,$35.0M,+$1.3M
62,Miles McBride,New York Knicks,G,+1,+1,+0,-1,+2,16.8,95.3,17.9,3.5,36.0%,37.0%,79.1%,$15.4M,$4.3M,+$11.1M
63,Moussa Diabate,Charlotte Hornets,F,+1,-0,+1,+1,+2,19.5,93.8,13.3,3.4,59.1%,25.1%,61.4%,$28.4M,$2.3M,+$26.2M
64,Michael Porter Jr.,Brooklyn Nets,F,+1,+2,-1,+1,+1,31.2,94.0,31.7,4.6,44.1%,35.0%,81.5%,$19.2M,$38.3M,-$19.2M
65,Brandon Clarke,Memphis Grizzlies,F,+1,-0,+1,+1,+1,14.9,94.2,19.3,2.7,52.5%,26.2%,68.1%,$14.7M,$12.5M,+$2.2M
66,Ivica Zubac,Indiana Pacers,C,+1,-0,+1,+1,+1,24.1,94.4,22.8,3.4,58.1%,19.3%,63.8%,$17.0M,$18.9M,-$1.9M
67,Devin Vassell,San Antonio Spurs,G-F,+1,+1,+1,-0,+2,32.8,95.5,18.2,3.1,41.5%,37.2%,79.9%,$31.5M,$27.0M,+$4.5M
68,Mouhamed Gueye,Atlanta Hawks,F,+1,-1,+2,+1,+1,3.0,94.9,13.8,2.6,41.0%,30.4%,66.7%,$6.4M,$2.2M,+$4.2M
69,Neemias Queta,Boston Celtics,C,+1,-0,+2,+0,+2,18.8,92.8,19.6,2.7,61.8%,17.7%,70.8%,$21.4M,$2.3M,+$19.0M
70,Alperen Sengun,Houston Rockets,C,+1,+1,+1,-0,+2,26.3,93.8,25.7,7.0,50.0%,26.7%,65.6%,$44.7M,$33.9M,+$10.8M
71,Jalen Smith,Chicago Bulls,F-C,+1,+0,+1,+0,+2,22.0,95.2,23.7,2.5,46.0%,34.6%,74.6%,$18.5M,$9.0M,+$9.5M
72,Donovan Clingan,Portland Trail Blazers,C,+1,-0,+1,+1,+1,20.4,94.3,19.5,3.6,47.6%,30.7%,63.1%,$22.5M,$7.2M,+$15.3M
73,Pascal Siakam,Indiana Pacers,F,+1,+2,-1,-0,+1,31.2,95.5,32.8,5.2,47.5%,33.0%,66.6%,$19.1M,$45.6M,-$26.4M
74,Deni Avdija,Portland Trail Blazers,F,+1,+2,-1,-1,+2,28.1,94.6,30.1,7.7,45.4%,31.9%,75.2%,$34.4M,$14.4M,+$20.0M
75,Darius Garland,Los Angeles Clippers,G,+1,+2,-1,+2,+1,25.2,94.2,28.0,8.8,43.3%,36.3%,84.5%,$27.7M,$39.4M,-$11.7M
76,Jalen Williams,Oklahoma City Thunder,G-F,+1,+1,-0,+0,+1,23.3,95.3,27.4,7.6,46.7%,33.4%,77.6%,$25.5M,$6.6M,+$18.9M
77,Grant Williams,Charlotte Hornets,F,+1,+0,+1,-0,+1,10.9,94.1,15.2,2.8,39.7%,35.8%,75.8%,$17.0M,$13.6M,+$3.3M
78,Austin Reaves,Los Angeles Lakers,G,+1,+2,-1,+0,+1,26.7,94.1,26.4,6.5,44.4%,34.6%,84.4%,$39.3M,$13.9M,+$25.4M
79,Marcus Smart,Los Angeles Lakers,G,+1,-0,+1,-1,+1,22.2,94.3,15.7,5.5,39.8%,33.6%,77.4%,$29.9M,$19.9M,+$10.0M
80,Ja Morant,Memphis Grizzlies,G,+1,+1,-1,-1,+2,25.5,95.3,28.3,10.6,43.4%,30.5%,81.2%,$19.5M,$39.4M,-$20.0M
81,Paul George,Philadelphia 76ers,F,+1,+0,+1,+1,+1,22.9,94.6,22.7,4.6,42.2%,36.4%,81.2%,$35.7M,$51.7M,-$15.9M
82,Zion Williamson,New Orleans Pelicans,F,+1,+2,-1,+1,+1,28.4,95.4,30.4,5.1,55.5%,27.1%,64.5%,$20.5M,$39.4M,-$18.9M
83,Ajay Mitchell,Oklahoma City Thunder,G,+1,+1,-0,+0,+1,21.2,95.1,25.5,6.8,44.5%,32.3%,82.3%,$26.6M,$3.0M,+$23.6M
84,CJ McCollum,Atlanta Hawks,G,+1,+1,-0,-0,+1,22.2,95.5,27.1,4.8,43.0%,34.8%,73.3%,$33.4M,$30.7M,+$2.7M
85,Immanuel Quickley,Toronto Raptors,G,+1,+1,-0,+1,+1,25.5,94.6,25.3,7.9,41.3%,34.5%,80.3%,$20.0M,$32.5M,-$12.5M
86,Goga Bitadze,Orlando Magic,C,+1,-1,+2,+1,+0,4.7,93.9,16.1,3.2,61.2%,26.6%,65.2%,$12.5M,$8.3M,+$4.2M
87,Ausar Thompson,Detroit Pistons,G-F,+1,-1,+2,+0,+1,18.5,94.0,15.1,4.8,52.3%,26.5%,54.8%,$24.7M,$8.8M,+$15.9M
88,Fred VanVleet,Houston Rockets,G,+1,-0,+1,-0,+1,23.4,93.5,20.3,6.7,36.4%,33.6%,82.6%,$13.1M,$25.0M,-$11.9M
89,Nickeil Alexander-Walker,Atlanta Hawks,G,+1,+1,-0,+1,+1,25.9,96.1,23.7,4.1,43.3%,37.8%,84.3%,$34.4M,$15.2M,+$19.2M
90,Dyson Daniels,Atlanta Hawks,G,+1,-0,+1,-0,+1,23.6,96.1,20.3,7.8,49.0%,28.1%,60.3%,$30.1M,$7.7M,+$22.4M
91,Oso Ighodaro,Phoenix Suns,F,+1,-1,+2,+1,+1,17.0,94.0,14.4,4.7,62.0%,12.7%,49.4%,$23.4M,$2.0M,+$21.5M
92,Clint Capela,Houston Rockets,F-C,+1,-2,+3,-0,+1,3.6,93.8,16.5,2.3,55.9%,24.7%,53.0%,$6.4M,$6.7M,-$0.3M
93,Collin Murray-Boyles,Toronto Raptors,F,+1,+0,+1,+1,-0,31.1,93.5,22.1,3.8,56.5%,30.1%,71.9%,$20.0M,$6.3M,+$13.6M
94,Matisse Thybulle,Portland Trail Blazers,G-F,+1,-1,+2,+0,+1,4.4,94.6,14.4,2.6,38.0%,34.4%,74.5%,$8.5M,$11.6M,-$3.1M
95,Luka Garza,Boston Celtics,C,+1,+1,-0,+1,-0,5.9,95.1,22.7,2.6,49.0%,33.7%,73.7%,$10.3M,$2.5M,+$7.9M
96,Collin Gillespie,Phoenix Suns,G,+1,+1,+0,+1,+1,17.3,93.9,19.0,6.0,39.5%,36.7%,82.7%,$19.9M,$2.3M,+$17.6M
97,Herbert Jones,New Orleans Pelicans,F,+1,-1,+1,-1,+2,22.0,94.8,17.2,4.7,39.2%,32.3%,79.4%,$17.2M,$13.9M,+$3.3M
98,Jonathan Isaac,Orlando Magic,F,+1,-2,+2,-0,+1,17.4,94.5,15.3,2.4,42.9%,31.7%,64.7%,$8.7M,$15.0M,-$6.3M
99,Keon Ellis,Cleveland Cavaliers,G,+1,-0,+1,+1,+1,4.7,94.9,15.0,2.5,41.4%,36.1%,75.3%,$4.9M,$2.3M,+$2.6M
100,Justin Champagnie,Washington Wizards,G-F,+1,+1,+0,+1,-0,9.3,95.8,20.3,2.7,46.6%,32.8%,76.6%,$12.7M,$2.3M,+$10.3M
101,Cameron Johnson,Denver Nuggets,F,+1,+1,-0,+0,+1,25.9,94.1,19.5,3.3,43.6%,37.4%,82.2%,$24.5M,$21.1M,+$3.5M
102,Desmond Bane,Orlando Magic,G,+1,+1,-0,+0,+1,25.7,94.7,25.2,4.4,44.5%,37.0%,87.3%,$28.4M,$36.7M,-$8.3M
103,Dean Wade,Cleveland Cavaliers,F,+1,-0,+1,-0,+1,8.4,93.8,11.2,2.3,40.5%,34.5%,63.0%,$18.3M,$6.6M,+$11.6M
104,Brandon Miller,Charlotte Hornets,F,+1,+1,-0,+1,+1,25.9,94.3,27.2,4.2,42.5%,35.8%,85.3%,$28.8M,$12.0M,+$16.8M
105,Tari Eason,Houston Rockets,F,+1,-1,+1,-0,+1,19.1,93.8,19.5,2.4,41.5%,34.0%,76.6%,$28.4M,$5.7M,+$22.7M
106,RJ Barrett,Toronto Raptors,F-G,+1,+1,-1,-2,+1,27.5,94.4,29.5,4.3,45.7%,34.1%,66.9%,$35.1M,$27.7M,+$7.4M
107,Ryan Kalkbrenner,Charlotte Hornets,C,+1,-0,+1,+1,-1,15.4,98.1,15.8,1.9,65.0%,22.7%,70.3%,$13.7M,$2.3M,+$11.4M
108,Walker Kessler,Utah Jazz,C,+1,-0,+1,+2,-0,16.4,94.4,18.6,3.3,54.7%,28.7%,54.7%,$13.6M,$4.9M,+$8.8M
109,Dereck Lively II,Dallas Mavericks,C,+1,-1,+2,+0,+1,13.6,94.6,17.0,3.7,53.9%,20.5%,64.2%,$11.7M,$5.3M,+$6.5M
110,Jordan Goodwin,Phoenix Suns,G,+1,-0,+1,+1,+1,22.3,94.0,20.2,4.1,40.8%,34.3%,69.1%,$19.1M,$2.3M,+$16.8M
111,Toumani Camara,Portland Trail Blazers,F,+1,-0,+1,+0,+1,24.6,94.5,17.5,2.6,41.8%,35.2%,72.1%,$30.4M,$2.2M,+$28.2M
112,Jarred Vanderbilt,Los Angeles Lakers,F,+1,-1,+2,-0,+1,1.8,95.0,12.7,3.1,45.2%,29.0%,59.0%,$8.0M,$11.6M,-$3.6M
113,Trae Young,Washington Wizards,G,+1,+2,-2,+1,+0,24.9,95.1,28.1,11.1,41.3%,33.4%,83.2%,$17.6M,$46.4M,-$28.8M
114,Moses Moody,Golden State Warriors,G,+1,+0,+0,+1,+0,26.0,95.3,23.1,3.2,41.3%,36.4%,76.5%,$18.2M,$11.6M,+$6.6M
115,Jordan Walsh,Boston Celtics,G,+1,-0,+1,+1,-0,3.4,94.4,13.4,2.3,42.6%,32.5%,71.9%,$13.7M,$2.2M,+$11.5M
116,Dwight Powell,Dallas Mavericks,F-C,+1,-2,+2,+1,+0,2.0,95.0,9.8,3.2,55.4%,26.4%,66.4%,$15.8M,$4.0M,+$11.8M
117,Brandon Ingram,Toronto Raptors,F,+1,+1,-0,+1,+0,26.2,94.2,29.3,4.9,44.7%,34.7%,79.8%,$22.2M,$38.1M,-$15.9M
118,Tyler Herro,Miami Heat,G,+1,+2,-1,+0,+1,27.3,94.7,26.8,6.2,43.1%,35.7%,86.6%,$24.3M,$31.0M,-$6.7M
119,Gui Santos,Golden State Warriors,F,+1,+0,+0,+0,+1,20.7,93.8,21.1,5.0,47.3%,33.1%,70.9%,$21.1M,$2.2M,+$18.9M
120,Wendell Carter Jr.,Orlando Magic,F,+1,-1,+2,+1,+0,21.9,94.5,17.1,2.9,49.1%,29.9%,73.6%,$27.5M,$10.8M,+$16.7M
121,Javonte Green,Detroit Pistons,G-F,+1,-1,+1,+1,+0,4.6,94.4,16.1,1.9,39.6%,33.9%,78.6%,$6.3M,$2.3M,+$4.0M
122,Brandin Podziemski,Golden State Warriors,G,+1,+0,+0,+1,+0,25.6,94.0,23.5,4.7,42.6%,34.3%,76.3%,$24.4M,$3.7M,+$20.7M
123,Christian Braun,Denver Nuggets,G,+1,+0,+0,-1,+1,21.3,94.4,15.9,2.8,49.3%,33.7%,75.7%,$26.3M,$4.9M,+$21.4M
124,De'Anthony Melton,Golden State Warriors,G,+1,-0,+1,-0,+1,16.7,94.3,20.6,4.9,39.8%,32.8%,80.0%,$16.3M,$3.1M,+$13.2M
125,Josh Hart,New York Knicks,G,+1,-0,+1,+1,+1,28.8,95.5,15.8,6.5,44.3%,34.6%,71.7%,$21.7M,$19.5M,+$2.2M
126,Payton Pritchard,Boston Celtics,G,+1,+2,-1,+1,+0,20.8,93.2,23.6,7.2,43.1%,37.0%,84.9%,$31.4M,$7.2M,+$24.2M
127,Landry Shamet,New York Knicks,G,+1,+0,+0,-0,+1,22.4,95.8,15.9,2.1,39.8%,38.5%,72.0%,$13.0M,$2.3M,+$10.8M
128,Duncan Robinson,Detroit Pistons,G-F,+1,+1,-0,+1,+0,15.2,94.0,19.5,3.2,40.6%,37.5%,75.4%,$22.0M,$16.8M,+$5.1M
129,Tristan Vukcevic,Washington Wizards,F,+1,+0,+0,+1,-2,19.2,94.8,29.2,3.9,43.3%,32.0%,75.0%,$16.0M,$1.4M,+$14.7M
130,Harrison Barnes,San Antonio Spurs,F,+0,+1,-0,-0,+1,9.3,92.8,15.0,1.5,41.5%,36.9%,77.4%,$6.7M,$19.0M,-$12.3M
131,Norman Powell,Miami Heat,G,+0,+1,-1,+1,+0,19.4,94.9,28.2,3.2,43.9%,35.7%,78.9%,$18.1M,$20.5M,-$2.4M
132,Mikal Bridges,New York Knicks,F-G,+0,+0,+0,+0,+0,30.8,95.2,18.7,3.7,45.3%,35.6%,81.9%,$24.4M,$24.9M,-$0.5M
133,Kris Murray,Portland Trail Blazers,F,+0,-1,+2,+1,+0,6.7,94.2,12.0,3.0,41.9%,28.4%,61.5%,$8.1M,$3.1M,+$5.0M
134,Kyle Filipowski,Utah Jazz,C,+0,+1,-0,+2,-1,26.7,95.6,24.9,5.3,46.0%,31.7%,72.3%,$17.8M,$3.0M,+$14.8M
135,Kevin Porter Jr.,Milwaukee Bucks,G,+0,-0,+1,+2,-0,28.8,94.4,25.7,10.1,44.8%,33.9%,80.3%,$16.8M,$5.1M,+$11.7M
136,Jalen Johnson,Atlanta Hawks,F,+0,+1,-0,+0,+0,26.0,96.5,26.0,8.3,44.9%,32.2%,76.0%,$30.7M,$30.0M,+$0.7M
137,Luke Kornet,San Antonio Spurs,F-C,+0,-1,+2,-0,+1,9.2,95.6,12.1,2.4,62.6%,19.6%,75.9%,$7.1M,$11.0M,-$3.9M
138,Grayson Allen,Phoenix Suns,G,+0,+1,-1,+1,+0,14.8,94.1,22.6,5.1,39.8%,37.6%,81.5%,$9.3M,$16.9M,-$7.5M
139,Tobias Harris,Detroit Pistons,F,+0,-0,+0,-0,+0,19.6,93.2,23.0,3.2,43.7%,35.6%,82.4%,$31.0M,$26.6M,+$4.4M
140,Dejounte Murray,New Orleans Pelicans,G,+0,+0,+0,+1,+0,26.4,94.4,27.0,9.7,42.9%,32.4%,81.0%,$21.3M,$30.8M,-$9.5M
141,Anthony Black,Orlando Magic,G,+0,-1,+1,+1,-0,15.5,94.4,19.8,4.5,41.7%,31.8%,70.2%,$19.8M,$8.0M,+$11.9M
142,Kyrie Irving,Dallas Mavericks,G,+0,+1,-1,-0,+0,21.7,93.6,26.0,5.8,44.0%,35.0%,89.9%,$12.6M,$36.6M,-$23.9M
143,Zach Edey,Memphis Grizzlies,C,+0,-1,+2,+0,+1,17.4,94.6,20.5,2.4,52.1%,28.9%,71.1%,$10.6M,$6.0M,+$4.6M
144,Isaiah Joe,Oklahoma City Thunder,G,+0,+1,-1,+0,+0,6.3,94.8,21.4,3.0,40.2%,36.8%,83.6%,$10.0M,$12.4M,-$2.3M
145,Jrue Holiday,Portland Trail Blazers,G,+0,+1,-0,-1,+0,25.5,94.5,23.1,7.9,42.2%,35.8%,82.4%,$27.5M,$32.4M,-$4.9M
146,Sam Hauser,Boston Celtics,F,+0,+1,-0,+0,+0,12.8,93.3,17.2,2.3,40.6%,37.9%,81.7%,$19.3M,$10.0M,+$9.3M
147,John Collins,Los Angeles Clippers,F-C,+0,-0,+0,+1,+0,17.7,93.8,23.3,1.9,48.9%,35.8%,76.6%,$14.9M,$26.6M,-$11.7M
148,Kris Dunn,Los Angeles Clippers,G,+0,-1,+1,-1,+1,21.0,94.0,11.6,6.3,43.7%,34.6%,69.9%,$18.5M,$5.4M,+$13.1M
149,Jose Alvarado,New York Knicks,G,+0,-0,+1,-1,+1,9.3,93.8,18.8,7.8,35.6%,33.2%,76.3%,$4.4M,$4.5M,-$0.1M
150,Joan Beringer,Minnesota Timberwolves,F,+0,-0,+1,+0,-1,1.6,99.1,22.7,1.4,55.8%,21.9%,68.6%,$3.4M,$4.2M,-$0.8M
151,Deandre Ayton,Los Angeles Lakers,F-C,+0,-1,+1,+1,+0,16.6,93.1,19.6,1.6,61.8%,26.1%,63.8%,$17.3M,$33.7M,-$16.4M
152,Josh Green,Charlotte Hornets,G,+0,-1,+1,-1,+1,6.0,93.3,12.3,2.1,40.6%,36.9%,75.2%,$6.8M,$13.7M,-$6.9M
153,Naz Reid,Minnesota Timberwolves,C,+0,-0,+1,-0,+0,17.5,96.3,21.4,3.0,43.7%,35.1%,71.4%,$23.1M,$21.6M,+$1.5M
154,Kasparas Jakučionis,Miami Heat,G,+0,-0,+0,+0,-0,15.1,99.9,15.3,6.4,41.2%,37.6%,82.9%,$12.6M,$3.7M,+$9.0M
155,Paolo Banchero,Orlando Magic,F,+0,+1,-1,-1,+0,26.6,94.5,29.4,7.0,43.3%,30.6%,71.1%,$25.6M,$15.3M,+$10.3M
156,Jaden McDaniels,Minnesota Timberwolves,F,+0,-1,+1,-1,+0,19.7,95.7,21.3,3.3,46.5%,35.5%,80.6%,$25.1M,$24.4M,+$0.7M
157,Coby White,Charlotte Hornets,G,+0,+1,-1,+1,-0,15.8,93.4,30.4,5.8,42.2%,34.9%,81.0%,$14.9M,$12.9M,+$2.0M
158,Jaylin Williams,Oklahoma City Thunder,F,+0,-0,+1,-0,+0,6.3,94.3,16.7,4.6,40.2%,35.9%,75.7%,$14.1M,$8.5M,+$5.7M
159,Jaxson Hayes,Los Angeles Lakers,C,+0,-1,+1,-0,+0,9.5,94.4,18.4,2.1,62.1%,22.2%,61.3%,$8.7M,$3.4M,+$5.3M
160,Josh Giddey,Chicago Bulls,G,+0,+1,-0,+1,-0,30.4,95.8,24.2,12.4,42.3%,33.2%,74.9%,$18.7M,$25.0M,-$6.3M
161,Charles Bassey,Golden State Warriors,C-F,+0,-1,+1,+1,-2,2.8,94.6,19.5,2.3,59.6%,23.9%,69.4%,$7.5M,$0.3M,+$7.3M
162,Miles Bridges,Charlotte Hornets,F,+0,+1,-1,-1,+0,24.9,94.0,24.2,3.8,43.7%,33.5%,81.1%,$25.0M,$25.0M,-$0.0M
163,Reed Sheppard,Houston Rockets,G,+0,-0,+0,+1,-0,18.8,94.0,22.8,5.6,39.7%,34.4%,79.9%,$25.8M,$10.6M,+$15.2M
164,Ja'Kobe Walter,Toronto Raptors,G,+0,-0,+0,+1,-1,15.3,94.8,17.7,2.6,40.3%,36.7%,78.7%,$20.6M,$3.6M,+$16.9M
165,Trey Murphy III,New Orleans Pelicans,F,+0,+1,-1,+1,-0,32.2,95.1,28.5,4.9,43.0%,34.3%,85.3%,$17.3M,$25.0M,-$7.7M
166,Scotty Pippen Jr.,Memphis Grizzlies,G,+0,-1,+1,+1,-1,23.2,94.7,22.5,8.5,44.3%,34.2%,74.9%,$11.0M,$2.3M,+$8.7M
167,Draymond Green,Golden State Warriors,F,+0,-2,+2,+1,-0,23.0,93.8,12.0,8.8,40.6%,31.4%,66.2%,$16.3M,$25.9M,-$9.6M
168,Shaedon Sharpe,Portland Trail Blazers,G,+0,+1,-1,-0,+0,11.1,94.9,27.1,4.1,43.3%,32.0%,74.4%,$11.8M,$8.4M,+$3.4M
169,Kon Knueppel,Charlotte Hornets,F,+0,+1,-1,-1,+1,32.7,98.2,25.8,4.3,45.0%,40.5%,83.8%,$24.5M,$10.0M,+$14.5M
170,Sidy Cissoko,Portland Trail Blazers,G,+0,-1,+1,+0,-1,3.3,94.9,13.4,3.4,39.4%,29.8%,64.8%,$2.3M,$0.7M,+$1.6M
171,Josh Okogie,Houston Rockets,G,+0,-1,+1,-1,+0,6.8,93.8,12.4,2.5,39.5%,33.1%,64.5%,$9.0M,$2.3M,+$6.7M
172,Nah'Shon Hyland,Minnesota Timberwolves,G,-0,+0,-0,-0,+0,5.7,95.1,23.0,6.2,39.2%,33.5%,78.3%,$4.5M,$2.3M,+$2.2M
173,Myles Turner,Milwaukee Bucks,C-F,-0,-1,+1,+1,-0,25.7,94.1,22.7,2.5,43.7%,34.5%,73.9%,$8.4M,$25.3M,-$16.9M
174,Jalen Green,Phoenix Suns,G,-0,+1,-1,-0,+0,22.8,94.1,29.7,4.4,41.6%,32.2%,77.2%,$21.8M,$33.6M,-$11.8M
175,Simone Fontecchio,Miami Heat,F,-0,+0,-0,+0,-0,6.9,94.9,20.2,3.1,39.1%,35.5%,80.9%,$11.6M,$8.3M,+$3.3M
176,Kel'el Ware,Miami Heat,C,-0,+0,-0,+1,-1,14.9,94.7,20.7,2.2,48.4%,34.2%,71.3%,$8.8M,$4.4M,+$4.4M
177,Brandon Williams,Dallas Mavericks,G,-0,+0,-0,-0,+0,30.6,95.8,27.5,8.0,45.6%,28.1%,76.4%,$15.5M,$2.3M,+$13.3M
178,Jabari Smith Jr.,Houston Rockets,F,-0,-0,+0,-1,+0,24.2,93.5,20.3,2.3,41.5%,35.0%,77.1%,$28.9M,$12.4M,+$16.6M
179,Gary Payton II,Golden State Warriors,G,-0,-0,+0,+0,-0,11.8,93.6,19.5,3.9,55.4%,31.9%,66.0%,$10.8M,$2.3M,+$8.5M
180,Sam Merrill,Cleveland Cavaliers,G,-0,+1,-1,+0,-0,8.6,94.4,19.0,2.8,40.5%,37.6%,82.1%,$14.4M,$8.5M,+$5.9M
181,Olivier-Maxence Prosper,Memphis Grizzlies,F,-0,+0,-0,+1,-1,15.0,94.6,23.4,2.4,47.5%,33.9%,70.0%,$12.7M,$1.0M,+$11.7M
182,Jordan Miller,Los Angeles Clippers,G,-0,+0,-0,+1,-2,13.2,94.0,19.5,4.4,49.3%,31.7%,75.2%,$11.9M,$0.7M,+$11.2M
183,Kenrich Williams,Oklahoma City Thunder,G-F,-0,-1,+1,-0,-0,0.7,95.3,18.5,3.7,41.3%,34.4%,64.3%,$8.2M,$7.2M,+$1.1M
184,Ryan Dunn,Phoenix Suns,F,-0,-1,+1,-0,+0,4.5,93.8,14.5,3.0,41.7%,32.2%,53.5%,$6.9M,$2.7M,+$4.2M
185,Daniel Gafford,Dallas Mavericks,F,-0,-1,+1,+0,-0,22.1,94.7,22.5,2.5,61.0%,18.5%,63.8%,$12.2M,$14.4M,-$2.2M
186,Isaiah Jackson,Los Angeles Clippers,F,-0,-1,+1,+0,-0,6.1,93.9,19.3,2.7,62.7%,24.0%,61.4%,$7.8M,$7.6M,+$0.2M
187,Aaron Nesmith,Indiana Pacers,G-F,-0,-0,-0,-1,+0,30.3,95.3,22.0,2.8,42.6%,36.9%,81.6%,$13.8M,$11.0M,+$2.8M
188,Cooper Flagg,Dallas Mavericks,F,-0,+1,-1,+0,-1,29.9,105.5,35.1,7.8,47.2%,31.4%,83.2%,$18.3M,$13.8M,+$4.4M
189,Andrew Nembhard,Indiana Pacers,G-F,-0,+1,-1,+1,-1,30.5,95.1,23.9,10.4,42.6%,33.5%,78.9%,$12.0M,$18.1M,-$6.1M
190,Jay Huff,Indiana Pacers,C,-0,-1,+0,+1,-1,14.8,94.8,20.9,3.2,46.2%,32.0%,80.7%,$11.9M,$2.3M,+$9.5M
191,Cormac Ryan,Milwaukee Bucks,G,-0,+0,-0,-0,-1,37.8,96.8,25.4,4.4,44.5%,38.0%,83.9%,$11.3M,$1.4M,+$9.9M
192,Obi Toppin,Indiana Pacers,F,-0,+1,-1,+1,-1,10.2,95.7,25.9,4.6,45.7%,34.6%,80.0%,$11.5M,$14.0M,-$2.5M
193,Keegan Murray,Sacramento Kings,F,-0,-0,+0,-1,+0,24.4,94.8,19.9,2.5,41.4%,33.5%,78.2%,$10.1M,$11.1M,-$1.1M
194,Haywood Highsmith,Phoenix Suns,F,-0,-1,+1,+0,-0,0.7,94.2,15.0,3.0,40.7%,34.0%,71.2%,$4.1M,$6.4M,-$2.3M
195,Zach Collins,Chicago Bulls,C-F,-0,-1,+1,-0,-0,14.9,94.6,20.3,4.1,47.4%,32.6%,78.5%,$8.8M,$18.1M,-$9.3M
196,Santi Aldama,Memphis Grizzlies,F-C,-0,+0,-1,+1,-1,21.7,95.4,21.6,4.6,44.3%,33.4%,67.2%,$12.8M,$18.5M,-$5.7M
197,Davion Mitchell,Miami Heat,G,-0,-0,+0,-1,-0,24.8,94.6,17.9,8.2,45.5%,34.6%,67.7%,$16.4M,$11.6M,+$4.8M
198,Kelly Oubre Jr.,Philadelphia 76ers,F,-0,-0,-0,-0,-0,20.4,94.5,19.7,2.1,44.7%,32.9%,75.0%,$17.4M,$8.4M,+$9.0M
199,Keldon Johnson,San Antonio Spurs,F,-0,+0,-0,-1,-0,13.9,95.3,24.1,1.9,44.8%,35.1%,74.8%,$9.0M,$17.5M,-$8.5M
200,Collin Sexton,Chicago Bulls,G,-0,+0,-1,-1,-0,21.4,95.5,27.4,4.6,45.8%,36.3%,82.4%,$15.0M,$19.0M,-$4.0M
201,Oscar Tshiebwe,Utah Jazz,F-C,-0,+0,-0,-0,-0,2.6,95.0,20.5,2.8,57.9%,18.1%,62.8%,$16.1M,$1.4M,+$14.8M
202,Dillon Brooks,Phoenix Suns,F,-0,+1,-1,-1,-0,23.8,93.9,27.4,2.7,42.3%,34.2%,81.4%,$17.1M,$21.1M,-$4.1M
203,Micah Potter,Indiana Pacers,C,-0,+0,-0,-0,-0,15.1,95.1,20.7,2.9,45.4%,37.1%,80.0%,$9.7M,$1.5M,+$8.1M
204,Cedric Coward,Memphis Grizzlies,G,-0,+1,-1,-1,+1,23.9,96.4,27.8,5.0,43.7%,33.5%,82.4%,$10.0M,$5.7M,+$4.3M
205,Tre Jones,Chicago Bulls,G,-0,+1,-1,+0,-1,21.4,96.2,22.9,7.4,50.1%,32.1%,81.3%,$13.1M,$8.0M,+$5.1M
206,Jaylen Clark,Minnesota Timberwolves,G,-0,-1,+1,-0,+0,1.4,95.0,14.7,2.3,40.7%,33.8%,67.5%,$3.1M,$2.2M,+$0.9M
207,Dominick Barlow,Philadelphia 76ers,F,-0,-1,+1,-1,+0,8.2,95.2,14.6,2.0,52.1%,27.5%,68.2%,$5.7M,$3.4M,+$2.3M
208,Kevin Huerter,Detroit Pistons,G,-0,-0,+0,+0,-0,7.0,94.7,17.4,4.8,40.7%,33.0%,75.0%,$6.0M,$18.0M,-$11.9M
209,John Konchar,Utah Jazz,G-F,-0,-2,+1,+0,-1,14.4,95.9,10.4,4.2,42.4%,30.1%,73.1%,$15.4M,$6.2M,+$9.2M
210,Max Strus,Cleveland Cavaliers,G,-0,+0,-0,-0,-0,10.9,95.0,17.2,3.9,40.0%,36.1%,82.3%,$15.9M,$15.9M,-$0.1M
211,Ronald Holland II,Detroit Pistons,F,-0,-1,+1,+0,-1,4.1,95.3,18.5,2.3,41.2%,30.5%,74.8%,$4.0M,$8.7M,-$4.7M
212,Taylor Hendricks,Memphis Grizzlies,F,-0,-0,+0,+0,-1,23.6,94.6,21.2,2.4,42.8%,32.8%,69.5%,$12.6M,$6.1M,+$6.5M
213,Kevon Looney,New Orleans Pelicans,F-C,-0,-1,+1,+1,-1,0.1,94.7,11.6,3.7,46.0%,22.1%,58.8%,$11.0M,$8.0M,+$3.0M
214,Devin Carter,Sacramento Kings,G,-0,-0,+0,-0,+0,13.3,93.9,21.4,6.5,41.1%,29.8%,67.8%,$14.5M,$4.9M,+$9.6M
215,Keshad Johnson,Miami Heat,F,-0,-0,+0,-0,-0,0.0,95.1,18.8,2.1,48.3%,30.3%,69.6%,$9.1M,$2.0M,+$7.1M
216,Saddiq Bey,New Orleans Pelicans,F,-0,+1,-1,+0,-1,30.0,95.0,28.2,3.6,41.8%,34.7%,82.3%,$13.4M,$6.1M,+$7.2M
217,Javon Small,Memphis Grizzlies,G,-0,-0,-0,-0,-1,20.1,96.3,22.4,7.9,42.9%,35.0%,79.5%,$12.0M,$1.4M,+$10.7M
218,Jalen Slawson,Indiana Pacers,F,-0,-1,+1,-0,-1,23.4,95.8,16.2,4.4,42.2%,33.7%,77.9%,$14.7M,$1.4M,+$13.3M
219,Quenton Jackson,Indiana Pacers,G,-0,+0,-0,-1,-0,12.6,95.7,20.8,7.2,44.7%,32.3%,79.8%,$8.6M,$1.4M,+$7.2M
220,Vit Krejci,Portland Trail Blazers,G,-0,-1,+0,-1,-0,3.3,95.1,16.2,3.4,41.4%,36.7%,72.7%,$2.1M,$2.3M,-$0.2M
221,Wendell Moore Jr.,Detroit Pistons,G,-0,-1,+0,-0,-0,0.0,94.9,14.3,3.4,44.6%,31.4%,77.5%,$5.6M,$1.4M,+$4.2M
222,Precious Achiuwa,Sacramento Kings,F,-0,-0,+0,-0,-1,25.3,93.8,21.7,2.6,48.9%,28.8%,57.0%,$9.5M,$2.1M,+$7.4M
223,Adem Bona,Philadelphia 76ers,F,-0,-1,+1,-0,-1,6.4,95.3,14.6,1.4,60.5%,23.6%,66.9%,$4.0M,$2.0M,+$2.0M
224,Jaime Jaquez Jr.,Miami Heat,G,-0,+0,-1,-0,-1,20.9,94.9,23.7,7.0,45.9%,31.7%,75.5%,$10.3M,$3.9M,+$6.4M
225,T.J. McConnell,Indiana Pacers,G,-0,-0,-0,+1,-1,22.7,94.9,22.3,12.7,49.3%,30.8%,78.1%,$7.6M,$10.2M,-$2.6M
226,Brice Sensabaugh,Utah Jazz,F,-0,+1,-1,+1,-2,21.0,95.5,28.7,3.8,42.2%,35.9%,80.7%,$9.5M,$2.7M,+$6.8M
227,A.J. Green,Milwaukee Bucks,G,-0,+0,-1,-2,+0,22.8,94.1,17.6,2.8,38.2%,39.8%,83.4%,$14.1M,$2.3M,+$11.8M
228,Jamir Watkins,Washington Wizards,F,-0,-1,+0,-0,-1,26.2,98.8,18.3,3.6,42.9%,32.7%,71.8%,$13.0M,$1.4M,+$11.6M
229,VJ Edgecombe,Philadelphia 76ers,G,-0,-0,-0,-1,+0,37.2,92.8,20.9,5.0,44.0%,33.7%,81.6%,$15.7M,$11.1M,+$4.6M
230,Luke Kennard,Los Angeles Lakers,G,-0,+0,-1,+1,-1,14.1,94.3,16.9,4.1,47.0%,39.1%,85.2%,$11.5M,$11.0M,+$0.5M
231,Damian Lillard,Portland Trail Blazers,G,-0,+0,-1,-1,-0,20.6,94.0,24.2,6.8,40.5%,34.8%,90.7%,$7.1M,$36.6M,-$29.5M
232,Luguentz Dort,Oklahoma City Thunder,G,-0,-1,+1,-2,-0,12.0,93.7,14.2,2.2,37.9%,34.6%,73.5%,$12.1M,$18.2M,-$6.1M
233,Dylan Cardwell,Sacramento Kings,C,-0,-2,+1,-0,-1,22.5,98.0,13.1,3.3,55.9%,24.0%,57.6%,$10.5M,$1.4M,+$9.1M
234,Andrew Wiggins,Miami Heat,F-G,-1,-0,-0,+0,-1,24.9,94.8,22.0,3.2,43.4%,36.8%,74.1%,$10.7M,$28.2M,-$17.5M
235,Jamal Shead,Toronto Raptors,G,-1,-1,+0,-1,+0,16.4,94.4,13.9,9.4,38.3%,31.8%,75.7%,$22.9M,$2.0M,+$21.0M
236,Derik Queen,New Orleans Pelicans,C,-1,-1,+0,+1,-3,32.1,102.8,22.3,6.5,46.4%,30.6%,78.4%,$4.3M,$5.2M,-$0.9M
237,Aaron Wiggins,Oklahoma City Thunder,G,-1,-1,+0,-2,+0,4.1,94.6,18.6,3.0,40.8%,33.7%,74.9%,$5.5M,$10.1M,-$4.6M
238,Asa Newell,Atlanta Hawks,F,-1,-1,+0,-0,-1,6.2,94.9,19.7,2.4,49.7%,32.1%,61.9%,$2.8M,$3.2M,-$0.4M
239,Quinten Post,Golden State Warriors,C,-1,-1,+0,-1,-0,18.0,94.5,21.3,3.6,41.8%,33.4%,76.5%,$6.1M,$2.0M,+$4.1M
240,Jusuf Nurkic,Utah Jazz,C,-1,-2,+2,+1,-1,16.0,95.5,21.0,8.0,47.4%,30.3%,56.5%,$4.8M,$19.4M,-$14.6M
241,Dru Smith,Miami Heat,G,-1,-1,+1,+0,-2,22.2,95.4,16.9,7.2,41.8%,31.5%,78.7%,$7.2M,$2.4M,+$4.8M
242,Jeremy Sochan,New York Knicks,F,-1,-1,+0,+0,-1,1.5,96.9,18.6,3.5,43.4%,28.5%,68.0%,$0.9M,$7.9M,-$7.0M
243,Will Richard,Golden State Warriors,G,-1,-1,+0,-0,-1,7.9,96.6,12.3,3.1,43.1%,32.9%,78.8%,$5.5M,$1.3M,+$4.2M
244,Svi Mykhailiuk,Utah Jazz,F,-1,+1,-1,-1,-0,5.5,95.3,19.0,3.7,40.5%,35.4%,80.2%,$6.1M,$3.7M,+$2.4M
245,GG Jackson,Memphis Grizzlies,F,-1,+0,-1,-1,-1,24.9,95.0,29.3,3.5,44.3%,31.9%,72.6%,$9.3M,$2.2M,+$7.1M
246,Cam Spencer,Memphis Grizzlies,G,-1,+0,-1,-1,-1,23.0,94.7,21.7,10.4,42.8%,36.1%,89.5%,$10.6M,$2.5M,+$8.1M
247,Julius Randle,Minnesota Timberwolves,F,-1,+0,-1,-2,-0,22.6,95.2,24.7,4.5,45.4%,30.6%,75.6%,$19.0M,$30.9M,-$11.9M
248,Nae'Qwan Tomlin,Cleveland Cavaliers,F,-1,-1,-0,-1,-1,0.0,95.8,16.5,2.5,46.8%,30.1%,74.5%,$1.6M,$0.7M,+$0.8M
249,Jerami Grant,Portland Trail Blazers,F,-1,-0,-0,-1,-1,17.5,94.8,24.3,2.3,41.5%,36.3%,79.9%,$9.2M,$32.0M,-$22.8M
250,Ayo Dosunmu,Minnesota Timberwolves,G,-1,+0,-1,+0,-1,16.4,94.9,21.3,6.0,47.9%,38.0%,84.4%,$13.7M,$7.5M,+$6.2M
251,Dalen Terry,Philadelphia 76ers,F,-1,-2,+1,-1,-0,0.0,95.8,17.0,4.9,41.8%,32.3%,60.0%,$2.2M,$5.4M,-$3.2M
252,Baylor Scheierman,Boston Celtics,G,-1,-1,-0,-1,-0,5.4,94.0,15.4,3.1,39.8%,36.4%,81.1%,$9.8M,$2.6M,+$7.2M
253,Jabari Walker,Philadelphia 76ers,F,-1,-1,+0,-2,+0,1.7,96.0,17.3,2.1,44.2%,32.3%,71.6%,$2.5M,$0.7M,+$1.8M
254,Pelle Larsson,Miami Heat,G,-1,-0,-0,-1,-1,20.5,95.0,19.1,4.7,46.6%,30.5%,75.7%,$11.8M,$2.0M,+$9.9M
255,Domantas Sabonis,Sacramento Kings,F,-1,-0,-1,-0,-1,20.5,94.6,23.6,7.0,52.8%,29.9%,69.8%,$7.2M,$42.3M,-$35.1M
256,Jock Landale,Atlanta Hawks,C,-1,-1,+0,+0,-1,21.0,94.1,21.1,3.5,48.1%,32.3%,63.4%,$6.6M,$2.3M,+$4.3M
257,Johnny Furphy,Indiana Pacers,G,-1,-1,+1,-1,+0,16.9,95.2,15.6,3.3,43.7%,29.8%,61.3%,$7.2M,$2.0M,+$5.2M
258,Jake LaRavia,Los Angeles Lakers,F,-1,-2,+1,-1,-1,9.0,93.6,13.9,2.8,42.0%,31.2%,73.1%,$5.4M,$6.0M,-$0.6M
259,Craig Porter,Cleveland Cavaliers,G,-1,-2,+1,-1,-1,0.3,95.4,12.4,7.7,43.1%,29.4%,64.5%,$1.7M,$2.2M,-$0.5M
260,Thomas Bryant,Cleveland Cavaliers,C,-1,-1,-0,-0,-1,2.3,95.3,22.7,2.0,44.9%,33.2%,78.8%,$1.8M,$2.3M,-$0.5M
261,Myron Gardner,Miami Heat,F,-1,-1,+0,-1,-0,2.9,99.1,16.9,4.4,43.8%,34.3%,72.3%,$7.2M,$0.4M,+$6.8M
262,Leonard Miller,Chicago Bulls,F,-1,-0,-1,-1,-1,8.9,96.0,20.8,2.4,51.0%,32.6%,75.0%,$11.6M,$2.2M,+$9.4M
263,Hugo González,Boston Celtics,G,-1,-2,+1,-1,+1,11.8,94.1,14.6,1.9,43.3%,33.2%,63.7%,$2.3M,$2.8M,-$0.5M
264,DaRon Holmes II,Denver Nuggets,F,-1,-0,-0,-1,-1,0.0,95.6,18.5,2.5,45.6%,32.0%,76.0%,$2.5M,$3.2M,-$0.7M
265,Peyton Watson,Denver Nuggets,G,-1,-1,-0,-1,-1,24.7,94.9,23.5,3.8,44.7%,35.1%,67.6%,$7.9M,$4.4M,+$3.6M
266,Ziaire Williams,Brooklyn Nets,F,-1,-1,+1,+0,-2,25.2,94.5,22.6,2.9,41.5%,33.6%,81.5%,$8.5M,$6.3M,+$2.3M
267,Bogdan Bogdanovic,Los Angeles Clippers,G,-1,-1,+0,-2,-1,3.4,94.1,18.8,4.7,38.8%,33.4%,81.3%,$2.3M,$16.0M,-$13.7M
268,Xavier Tillman,Charlotte Hornets,F,-1,-2,+1,-0,-1,0.0,94.0,12.9,2.9,44.5%,27.4%,61.7%,$2.0M,$2.5M,-$0.6M
269,Buddy Hield,Atlanta Hawks,G,-1,-1,-0,+1,-1,2.5,96.0,22.6,3.3,40.3%,35.9%,80.0%,$1.2M,$9.2M,-$8.0M
270,Branden Carlson,Oklahoma City Thunder,C,-1,-1,+0,-0,-3,0.0,95.1,21.4,2.2,44.6%,30.7%,68.4%,$9.1M,$1.4M,+$7.8M
271,Tristan da Silva,Orlando Magic,F,-1,-1,-0,-2,-0,10.1,94.1,17.4,2.8,41.5%,35.3%,82.0%,$8.4M,$3.8M,+$4.6M
272,Matas Buzelis,Chicago Bulls,F,-1,-0,-1,-0,-1,30.4,95.6,29.0,3.3,42.5%,33.8%,77.8%,$6.1M,$5.5M,+$0.7M
273,Scoot Henderson,Portland Trail Blazers,G,-1,-0,-1,-1,-0,15.1,94.4,23.0,5.1,40.9%,34.9%,78.7%,$14.1M,$10.7M,+$3.4M
274,Gary Harris,Milwaukee Bucks,G,-1,-1,+1,-0,-1,15.5,94.2,14.2,3.6,40.1%,34.3%,75.1%,$6.0M,$3.6M,+$2.3M
275,Moussa Cisse,Dallas Mavericks,C,-1,-2,+1,-1,-1,23.6,103.6,17.4,2.0,57.7%,21.5%,51.4%,$7.8M,$1.4M,+$6.4M
276,Jeremiah Fears,New Orleans Pelicans,PG,-1,-0,-1,-0,-2,36.0,102.1,29.0,7.8,43.0%,33.0%,78.9%,$7.3M,$7.5M,-$0.2M
277,Malik Monk,Sacramento Kings,G,-1,+0,-1,-1,-1,26.5,94.9,27.3,7.2,40.8%,33.7%,83.3%,$5.6M,$18.8M,-$13.2M
278,Karlo Matkovic,New Orleans Pelicans,F-C,-1,-1,+0,-1,-0,21.9,95.1,19.4,2.3,51.4%,33.5%,74.0%,$6.3M,$2.0M,+$4.3M
279,Noah Penda,Orlando Magic,G-F,-1,-1,+0,-1,-2,3.1,93.2,13.7,3.6,36.2%,30.1%,68.6%,$1.9M,$1.3M,+$0.6M
280,Jevon Carter,Orlando Magic,G,-1,-1,+0,-2,-0,2.1,94.1,15.5,4.4,36.9%,34.1%,73.7%,$1.8M,$7.7M,-$5.9M
281,E.J. Liddell,Brooklyn Nets,F,-1,-1,+0,-1,-0,0.8,94.0,19.3,2.9,44.0%,32.7%,80.2%,$6.8M,$0.7M,+$6.1M
282,Jaylen Wells,Memphis Grizzlies,F,-1,+0,-1,-1,-1,27.8,95.2,23.5,2.4,40.9%,34.6%,77.2%,$4.9M,$2.0M,+$3.0M
283,Yanic Konan Niederhäuser,Los Angeles Clippers,C,-1,-2,+1,-1,-2,12.9,97.3,21.1,2.1,57.5%,26.8%,71.0%,$5.3M,$2.7M,+$2.5M
284,Brook Lopez,Los Angeles Clippers,C,-1,-2,+1,-1,-1,20.1,93.5,19.6,2.4,43.9%,33.7%,78.1%,$8.8M,$8.8M,+$0.1M
285,Khaman Maluach,Phoenix Suns,C,-1,-3,+2,-1,-2,9.2,94.1,15.6,0.8,50.6%,26.5%,68.5%,$3.9M,$6.0M,-$2.2M
286,Tyler Kolek,New York Knicks,G,-1,-0,-0,-1,-1,1.4,96.4,19.1,9.8,35.7%,32.8%,74.1%,$1.3M,$2.2M,-$0.9M
287,Yves Missi,New Orleans Pelicans,C,-1,-2,+1,-1,-1,23.8,94.1,16.6,3.0,53.5%,17.4%,57.2%,$8.6M,$3.4M,+$5.2M
288,Kobe Brown,Indiana Pacers,F,-1,-0,-1,-1,-2,12.5,94.8,17.6,3.4,45.6%,34.0%,77.6%,$6.4M,$2.7M,+$3.7M
289,JD Davison,Houston Rockets,G,-1,-2,+1,-1,-2,0.0,94.6,16.3,6.1,38.9%,31.1%,72.1%,$2.3M,$2.3M,+$0.0M
290,Tim Hardaway Jr.,Denver Nuggets,G,-1,+1,-1,-1,-1,13.3,94.2,21.1,1.8,39.4%,35.7%,79.0%,$7.3M,$2.3M,+$5.0M
291,Chris Mañon,Los Angeles Lakers,G,-1,-2,+1,-1,-2,5.3,104.6,17.3,4.4,46.5%,27.8%,72.4%,$3.1M,$1.4M,+$1.7M
292,Julian Phillips,Minnesota Timberwolves,F,-1,-1,-0,-1,-0,0.0,95.0,15.9,2.2,40.3%,33.6%,75.5%,$1.8M,$2.2M,-$0.4M
293,Mark Williams,Phoenix Suns,C,-1,-0,-1,-0,-2,17.2,93.9,23.2,2.2,59.7%,23.7%,74.9%,$7.8M,$6.3M,+$1.5M
294,Malachi Smith,Brooklyn Nets,F,-1,-1,-0,-1,-2,36.7,95.8,17.0,6.3,44.0%,36.3%,82.4%,$5.4M,$0.1M,+$5.3M
295,Chaney Johnson,Brooklyn Nets,F,-1,-1,+0,-1,-2,11.2,96.5,18.3,4.5,49.5%,30.6%,75.7%,$6.5M,$1.4M,+$5.1M
296,Egor Dëmin,Brooklyn Nets,G,-1,-1,-0,-1,-2,22.3,95.4,20.6,6.1,40.1%,36.0%,77.1%,$6.3M,$6.9M,-$0.6M
297,P.J. Washington,Dallas Mavericks,F,-1,-1,+0,-2,-1,22.1,94.6,19.1,2.2,42.2%,33.7%,66.6%,$5.3M,$14.2M,-$8.9M
298,Yuki Kawamura,Chicago Bulls,G,-1,-1,-0,-1,-0,2.5,95.0,17.1,7.8,37.8%,33.6%,81.7%,$8.2M,$1.4M,+$6.8M
299,Kyshawn George,Washington Wizards,F,-1,-1,-0,-0,-2,25.4,95.4,23.6,6.7,40.4%,32.1%,78.5%,$3.0M,$3.0M,+$0.0M
300,Bobby Portis,Milwaukee Bucks,F,-1,-0,-1,-1,-1,26.9,94.0,28.2,3.2,43.9%,37.8%,73.9%,$7.1M,$13.4M,-$6.4M
301,Jamal Cain,Orlando Magic,F,-1,-0,-1,-1,-1,4.6,93.7,17.9,2.6,45.0%,33.5%,71.9%,$7.8M,$1.4M,+$6.4M
302,Jonathan Mogbo,Toronto Raptors,F,-1,-2,+1,-1,-2,0.0,95.0,14.3,4.6,46.4%,27.7%,70.4%,$1.3M,$2.0M,-$0.6M
303,Kentavious Caldwell-Pope,Memphis Grizzlies,G,-1,-1,-0,-1,-1,20.4,94.6,19.3,4.9,40.7%,34.3%,85.2%,$4.9M,$21.6M,-$16.7M
304,Marcus Sasser,Detroit Pistons,G,-1,-1,-1,-2,+0,0.0,95.1,19.4,5.8,38.6%,34.6%,80.2%,$2.7M,$2.9M,-$0.2M
305,Bilal Coulibaly,Washington Wizards,G,-1,-1,-0,+0,-2,28.2,95.6,23.6,4.6,41.6%,30.6%,73.3%,$1.3M,$7.3M,-$6.0M
306,Rui Hachimura,Los Angeles Lakers,F,-1,-0,-1,-2,-1,21.6,93.6,20.1,2.0,46.9%,40.0%,74.2%,$9.3M,$18.3M,-$8.9M
307,Keyonte George,Utah Jazz,G,-1,+1,-2,-1,-1,32.7,95.6,30.5,7.8,40.8%,33.8%,83.6%,$4.1M,$4.3M,-$0.1M
308,Tony Bradley,Atlanta Hawks,C,-1,-2,+1,-2,-0,2.3,94.5,15.9,2.6,52.1%,30.0%,70.0%,$0.8M,$3.2M,-$2.4M
309,Thomas Sorber,Oklahoma City Thunder,C,-1,-1,-0,-1,-2,9.2,96.6,20.3,2.9,44.2%,24.3%,69.2%,$2.2M,$4.7M,-$2.4M
310,Kobe Sanders,Los Angeles Clippers,G,-1,-1,-0,-1,-2,13.8,97.0,20.5,4.3,46.6%,37.9%,79.7%,$4.5M,$0.5M,+$4.0M
311,Andre Drummond,Philadelphia 76ers,C,-1,-2,+1,+2,-2,4.1,93.9,15.8,3.1,48.3%,31.5%,58.1%,$3.1M,$5.0M,-$1.9M
312,Thanasis Antetokounmpo,Milwaukee Bucks,F,-1,-3,+2,-0,-3,21.6,97.0,12.8,4.5,43.3%,22.4%,52.3%,$2.0M,$2.3M,-$0.3M
313,Dorian Finney-Smith,Houston Rockets,F,-1,-2,+1,-2,-1,1.8,93.7,10.5,2.5,37.8%,33.7%,71.0%,$3.2M,$12.7M,-$9.5M
314,Trey Alexander,New Orleans Pelicans,G,-1,-1,+0,-1,-3,0.0,95.7,18.3,2.9,42.6%,30.6%,71.5%,$-3.5M,$1.4M,-$4.8M
315,Blake Hinson,Utah Jazz,F,-1,+0,-1,-1,-1,30.7,100.0,24.6,3.2,45.5%,37.7%,76.0%,$1.2M,$1.4M,-$0.2M
316,Keshon Gilbert,Atlanta Hawks,G,-1,-2,+1,-1,-3,11.8,100.1,17.3,4.7,40.8%,29.8%,74.8%,$3.0M,$0.1M,+$2.9M
317,MarJon Beauchamp,Philadelphia 76ers,F,-1,-1,-0,-1,-1,3.6,94.9,19.4,2.9,41.5%,31.3%,69.5%,$1.5M,$1.4M,+$0.1M
318,Spencer Jones,Denver Nuggets,F,-1,-2,+0,-1,-2,8.7,93.4,12.0,1.6,45.2%,35.6%,63.6%,$7.0M,$0.6M,+$6.4M
319,Aaron Holiday,Houston Rockets,G,-1,-1,-0,-2,-1,2.9,93.8,15.7,3.6,38.9%,34.8%,79.8%,$4.2M,$2.3M,+$1.9M
320,Micah Peavy,New Orleans Pelicans,F,-1,-2,+0,-1,-1,34.9,102.5,14.3,3.3,42.6%,32.4%,74.7%,$4.9M,$1.3M,+$3.6M
321,David Jones,San Antonio Spurs,F,-1,-1,-0,-1,-1,13.4,93.1,17.5,5.1,42.7%,27.7%,68.9%,$3.2M,$1.4M,+$1.8M
322,Isaac Okoro,Chicago Bulls,F-G,-1,-1,-1,-1,-1,28.1,95.2,19.0,2.8,43.7%,33.7%,76.6%,$-0.3M,$11.0M,-$11.3M
323,Alex Antetokounmpo,Milwaukee Bucks,F,-1,-1,-0,-1,-2,22.2,99.8,19.5,3.2,40.5%,30.3%,67.5%,$1.2M,$1.4M,-$0.1M
324,Jamaree Bouyea,Phoenix Suns,G,-1,-2,+0,-1,-1,2.0,94.8,20.0,6.3,41.8%,29.8%,68.9%,$2.2M,$1.4M,+$0.9M
325,Quentin Grimes,Philadelphia 76ers,G,-1,-0,-1,-1,-1,11.5,95.0,18.8,4.0,42.8%,34.1%,78.5%,$6.6M,$8.7M,-$2.1M
326,Marvin Bagley III,Dallas Mavericks,F,-1,-1,-0,-1,-1,26.5,94.6,25.4,3.2,53.7%,32.7%,64.4%,$3.5M,$2.3M,+$1.2M
327,Jonathan Kuminga,Atlanta Hawks,F,-1,-1,-1,-1,-1,12.7,95.8,23.4,3.4,44.5%,32.3%,68.0%,$7.2M,$23.8M,-$16.6M
328,Taurean Prince,Milwaukee Bucks,F,-1,-1,-0,-0,-2,12.0,94.0,17.8,3.3,39.6%,37.8%,80.4%,$7.4M,$3.3M,+$4.1M
329,Justin Edwards,Philadelphia 76ers,F,-1,-1,-0,-1,-2,2.5,96.2,18.8,2.9,41.4%,33.2%,74.8%,$1.6M,$2.0M,-$0.4M
330,Maxi Kleber,Los Angeles Lakers,F,-1,-3,+1,-2,-1,0.0,95.7,9.0,2.7,40.0%,29.6%,58.6%,$0.8M,$11.0M,-$10.2M
331,Pete Nance,Milwaukee Bucks,F,-1,-1,-0,-2,+0,24.4,94.2,17.5,3.1,45.4%,33.6%,59.9%,$11.5M,$1.4M,+$10.1M
332,Lachlan Olbrich,Chicago Bulls,C,-1,-2,+1,-1,-1,29.7,105.2,16.3,4.5,48.9%,27.7%,44.6%,$4.1M,$1.4M,+$2.7M
333,D'Angelo Russell,Washington Wizards,G,-1,-1,-0,-1,-1,24.9,95.1,23.0,7.4,39.8%,33.3%,79.5%,$3.0M,$5.7M,-$2.7M
334,Royce O'Neale,Phoenix Suns,F,-1,-1,+0,-0,-1,12.3,94.0,14.9,3.7,38.7%,36.4%,73.3%,$3.5M,$10.1M,-$6.7M
335,Ron Harper Jr.,Boston Celtics,F,-1,-1,-1,-1,-1,0.0,95.4,18.7,3.1,39.5%,33.2%,75.6%,$3.1M,$1.4M,+$1.8M
336,Max Christie,Dallas Mavericks,G,-1,-0,-1,-2,-1,21.7,95.4,18.0,2.5,40.7%,37.5%,84.3%,$2.7M,$7.7M,-$5.0M
337,Antonio Reeves,Charlotte Hornets,G,-1,-1,-1,-2,+0,0.0,94.2,18.6,2.7,43.6%,32.9%,77.3%,$7.1M,$1.4M,+$5.7M
338,Ben Sheppard,Indiana Pacers,G,-1,-1,-1,-1,-2,23.6,94.9,17.8,3.6,42.3%,34.5%,78.1%,$5.1M,$2.8M,+$2.3M
339,Moritz Wagner,Orlando Magic,F,-1,-1,-1,-1,-2,3.5,94.6,24.5,2.7,45.5%,33.0%,76.7%,$0.9M,$5.0M,-$4.1M
340,Rocco Zikarsky,Minnesota Timberwolves,C,-1,-2,+0,-1,-2,12.5,99.4,19.3,1.9,55.2%,23.4%,59.0%,$2.1M,$1.4M,+$0.7M
341,Nikola Vucevic,Boston Celtics,C,-1,-1,+0,+0,-2,12.1,93.7,20.7,4.4,43.4%,34.4%,76.2%,$4.4M,$21.5M,-$17.1M
342,Danny Wolf,Brooklyn Nets,F,-1,-1,-0,-1,-3,21.3,94.2,23.0,5.4,41.5%,31.9%,74.4%,$4.5M,$2.8M,+$1.7M
343,Al Horford,Golden State Warriors,C-F,-1,-2,+0,-1,-1,10.5,93.4,17.6,4.6,40.6%,35.7%,79.6%,$5.1M,$5.7M,-$0.5M
344,Cam Whitmore,Washington Wizards,F,-1,-1,-1,-1,-2,19.6,95.3,23.4,2.5,46.5%,30.9%,72.9%,$0.8M,$3.5M,-$2.7M
345,Kyle Anderson,Minnesota Timberwolves,F-G,-1,-3,+1,-2,-1,3.3,94.9,12.7,7.2,46.9%,30.8%,64.4%,$1.9M,$9.2M,-$7.3M
346,Klay Thompson,Dallas Mavericks,G-F,-1,-1,-1,-0,-1,14.6,95.2,24.9,2.7,38.8%,35.8%,82.4%,$4.4M,$16.7M,-$12.3M
347,Naji Marshall,Dallas Mavericks,F,-1,-1,-1,-1,-2,29.3,95.2,26.0,5.0,45.8%,29.3%,74.8%,$3.6M,$9.0M,-$5.4M
348,Trayce Jackson-Davis,Toronto Raptors,F,-1,-1,+0,-1,-2,0.3,94.9,17.4,3.3,55.1%,17.5%,50.8%,$0.4M,$2.2M,-$1.9M
349,Anthony Gill,Washington Wizards,F,-1,-1,+0,-2,-1,14.1,94.4,14.6,2.8,53.6%,28.6%,70.9%,$4.0M,$2.3M,+$1.7M
350,Tyus Jones,Denver Nuggets,G,-1,-1,-1,-1,-2,0.2,94.0,13.8,7.6,39.3%,33.3%,78.1%,$1.2M,$7.0M,-$5.8M
351,Drew Eubanks,Sacramento Kings,F,-1,-2,+1,-2,-1,14.9,94.7,19.4,2.5,54.2%,24.8%,61.8%,$2.0M,$2.3M,-$0.3M
352,Tyrese Proctor,Cleveland Cavaliers,G,-1,-1,-1,-1,-2,5.6,92.6,24.5,6.0,39.7%,31.9%,79.9%,$0.7M,$1.3M,-$0.6M
353,Jared McCain,Oklahoma City Thunder,G,-1,-0,-1,-2,-1,7.5,94.4,24.9,2.5,40.5%,35.2%,82.0%,$4.6M,$4.2M,+$0.3M
354,Nikola Jovic,Miami Heat,F,-1,-1,-0,-2,-1,22.4,96.4,20.1,5.0,40.0%,32.2%,70.1%,$4.0M,$4.4M,-$0.4M
355,TyTy Washington Jr.,Los Angeles Clippers,G,-1,-2,+1,-1,-1,0.0,93.7,15.1,5.9,39.3%,27.9%,68.9%,$0.0M,$1.4M,-$1.4M
356,David Roddy,Denver Nuggets,F,-1,-1,-1,-2,-1,2.6,95.3,19.1,3.0,46.0%,31.5%,78.4%,$2.5M,$1.4M,+$1.2M
357,Taelon Peter,Indiana Pacers,G,-1,-1,-0,-1,-3,27.3,98.7,16.6,3.5,39.8%,34.3%,74.1%,$2.6M,$1.4M,+$1.2M
358,Tolu Smith,Detroit Pistons,F,-1,-2,+0,-1,-1,0.0,95.0,18.8,2.8,49.2%,21.8%,62.1%,$1.4M,$1.4M,+$0.0M
359,Dalton Knecht,Los Angeles Lakers,F,-1,-0,-1,-1,-3,0.3,93.8,20.0,2.8,42.0%,34.2%,72.9%,$0.4M,$4.0M,-$3.6M
360,Anfernee Simons,Chicago Bulls,G,-1,+0,-2,-1,-2,26.7,94.8,26.4,4.9,41.1%,34.7%,86.3%,$3.5M,$27.7M,-$24.2M
361,Bradley Beal,Los Angeles Clippers,G,-1,-1,-1,-1,-1,22.1,94.2,23.0,5.0,44.3%,35.1%,80.4%,$1.5M,$24.7M,-$23.3M
362,Jaylon Tyson,Cleveland Cavaliers,G-F,-1,-1,-1,-2,-1,7.4,94.6,20.5,4.0,42.4%,37.0%,71.0%,$1.9M,$3.5M,-$1.6M
363,John Poulakidas,Dallas Mavericks,G,-1,-1,-0,-1,-2,25.0,105.1,19.6,2.9,42.1%,35.5%,78.0%,$0.2M,$1.4M,-$1.2M
364,Julian Strawther,Denver Nuggets,G,-1,-0,-1,-1,-2,4.6,94.9,21.2,2.7,41.1%,34.5%,78.0%,$1.3M,$2.7M,-$1.4M
365,Bryce McGowens,New Orleans Pelicans,G,-1,-1,-0,-2,-1,22.4,95.4,18.1,3.0,43.7%,34.2%,75.5%,$3.2M,$0.7M,+$2.5M
366,Pacôme Dadiet,New York Knicks,F,-2,-0,-1,-1,-3,0.6,98.1,18.3,2.6,36.3%,29.6%,70.7%,$0.2M,$2.8M,-$2.6M
367,Amir Coffey,Phoenix Suns,G,-2,-1,-1,-2,-1,1.2,95.1,15.8,2.5,43.0%,34.5%,79.9%,$0.9M,$2.3M,-$1.4M
368,Sion James,Charlotte Hornets,G,-2,-2,+0,-2,-0,15.6,97.3,13.0,4.4,39.2%,34.4%,78.8%,$2.3M,$2.3M,+$0.0M
369,Andre Jackson Jr.,Milwaukee Bucks,G,-2,-2,+0,-2,-0,0.0,95.1,14.5,3.5,40.9%,30.9%,63.9%,$1.6M,$2.2M,-$0.6M
370,Mason Plumlee,San Antonio Spurs,C-F,-2,-3,+2,-1,-2,1.4,94.5,9.4,3.4,51.7%,16.7%,52.3%,$0.7M,$3.0M,-$2.4M
371,De'Andre Hunter,Sacramento Kings,F,-2,-1,-1,-3,-1,24.1,95.2,22.5,3.2,41.2%,34.3%,81.6%,$4.8M,$23.3M,-$18.5M
372,Guerschon Yabusele,Chicago Bulls,F,-2,-1,-1,-2,-2,20.5,94.9,20.1,2.9,40.6%,34.4%,73.7%,$3.0M,$5.5M,-$2.5M
373,Rasheer Fleming,Phoenix Suns,F,-2,-2,-0,-2,-0,5.7,94.1,17.6,1.0,40.4%,33.7%,62.3%,$1.4M,$1.3M,+$0.2M
374,Bez Mbeng,Utah Jazz,PG,-2,-2,+0,-1,-4,34.8,101.6,13.7,6.0,47.1%,31.3%,71.1%,$3.6M,$1.4M,+$2.3M
375,Riley Minix,Cleveland Cavaliers,F,-2,-1,-0,-2,-2,0.0,94.9,17.8,2.9,44.9%,32.0%,76.3%,$2.9M,$1.4M,+$1.6M
376,Khris Middleton,Dallas Mavericks,F-G,-2,-1,-1,-3,-1,13.2,95.5,20.6,5.0,41.2%,35.7%,83.2%,$-1.2M,$33.3M,-$34.5M
377,Trendon Watford,Philadelphia 76ers,F,-2,-2,+0,-1,-2,3.7,95.9,18.5,5.7,49.9%,29.8%,73.8%,$-0.2M,$2.5M,-$2.7M
378,Liam McNeeley,Charlotte Hornets,F,-2,-1,-1,-2,-1,6.5,98.8,18.5,2.8,41.8%,32.4%,74.2%,$2.5M,$2.8M,-$0.2M
379,Jordan McLaughlin,San Antonio Spurs,G,-2,-1,-0,-0,-3,0.0,94.4,14.2,6.9,39.2%,32.6%,74.8%,$0.3M,$2.3M,-$2.0M
380,Noah Clowney,Brooklyn Nets,F,-2,-1,-1,-1,-2,24.7,93.9,23.2,3.0,39.0%,32.6%,77.9%,$3.0M,$3.4M,-$0.4M
381,Seth Curry,Golden State Warriors,G,-2,-1,-0,-2,-2,4.7,94.3,18.6,2.8,41.1%,36.5%,80.9%,$1.7M,$1.8M,-$0.0M
382,Dalano Banton,Boston Celtics,F,-2,-2,+0,-2,-1,6.5,94.6,18.2,5.6,37.6%,31.1%,75.6%,$0.7M,$0.3M,+$0.5M
383,Harrison Ingram,San Antonio Spurs,F,-2,-1,-1,-2,-1,0.0,92.5,15.4,2.7,44.0%,23.3%,73.8%,$2.0M,$1.4M,+$0.6M
384,Elijah Harkless,Utah Jazz,G,-2,-2,+0,-2,-0,23.7,95.0,17.6,5.9,38.7%,30.6%,74.5%,$2.7M,$1.4M,+$1.3M
385,Daeqwon Plowden,Sacramento Kings,G-F,-2,-0,-1,-1,-2,12.9,94.5,18.6,2.2,39.6%,33.4%,80.8%,$4.0M,$1.4M,+$2.6M
386,Killian Hayes,Sacramento Kings,G,-2,-2,+0,-2,-1,11.9,94.2,15.0,7.8,37.4%,30.7%,80.7%,$4.0M,$0.3M,+$3.7M
387,Tristan Enaruna,Cleveland Cavaliers,F,-2,-1,-0,-2,-2,23.2,97.3,17.1,2.6,45.4%,31.4%,72.6%,$-1.5M,$1.4M,-$2.9M
388,Alijah Martin,Toronto Raptors,G,-2,-2,+0,-2,-2,18.8,96.4,19.6,5.4,40.0%,30.7%,76.4%,$4.2M,$1.4M,+$2.8M
389,Isaiah Livers,Phoenix Suns,F,-2,-2,+0,-2,-1,16.0,96.7,11.1,2.9,37.0%,32.8%,68.6%,$1.5M,$1.4M,+$0.1M
390,Jae'Sean Tate,Houston Rockets,F,-2,-2,+0,-2,-2,0.0,94.3,15.1,2.6,44.3%,32.0%,66.4%,$1.0M,$2.3M,-$1.3M
391,Bennedict Mathurin,Los Angeles Clippers,G-F,-2,-0,-1,-2,-2,20.5,94.2,25.4,3.6,42.6%,33.0%,83.2%,$3.3M,$9.2M,-$5.9M
392,Daniss Jenkins,Detroit Pistons,G,-2,-1,-1,-2,-1,12.4,94.4,20.8,7.7,38.9%,33.4%,79.6%,$5.0M,$3.8M,+$1.1M
393,Jarace Walker,Indiana Pacers,F,-2,-1,-1,-1,-2,28.7,95.4,23.6,4.9,41.5%,34.7%,72.0%,$-1.5M,$6.7M,-$8.1M
394,DeMar DeRozan,Sacramento Kings,G,-2,+0,-2,-0,-2,29.0,94.6,29.4,6.9,45.7%,33.0%,84.4%,$-0.7M,$24.6M,-$25.3M
395,Sharife Cooper,Washington Wizards,G,-2,-0,-1,-2,-3,21.0,98.8,21.8,8.7,47.5%,36.2%,81.9%,$-1.8M,$1.4M,-$3.2M
396,Doug McDermott,Sacramento Kings,F,-2,-1,-1,-1,-2,0.3,94.3,15.8,2.1,38.5%,35.7%,74.7%,$0.8M,$2.3M,-$1.5M
397,Tristen Newton,Houston Rockets,G,-2,-1,-1,-2,-1,0.5,94.4,20.7,3.0,40.2%,29.7%,72.0%,$0.7M,$1.4M,-$0.6M
398,Isaiah Crawford,Houston Rockets,F,-2,-2,-0,-2,-2,0.0,94.9,17.6,2.8,42.0%,32.1%,74.2%,$1.1M,$1.4M,-$0.2M
399,Mac McClung,Chicago Bulls,G,-2,-2,-0,-2,-2,0.9,96.2,18.7,3.9,39.3%,30.7%,74.6%,$3.0M,$0.2M,+$2.8M
400,Nicolas Batum,Los Angeles Clippers,F-G,-2,-2,+1,-3,-2,2.5,93.6,10.4,2.7,37.8%,35.7%,66.5%,$1.2M,$5.6M,-$4.4M
401,Maxime Raynaud,Sacramento Kings,C,-2,-1,-1,-1,-3,31.1,99.1,22.7,2.8,54.4%,29.3%,78.6%,$1.5M,$1.3M,+$0.2M
402,Jonas Valanciunas,Denver Nuggets,C,-2,-1,-1,+0,-2,5.4,94.3,27.3,3.8,53.0%,28.7%,75.9%,$0.1M,$10.4M,-$10.3M
403,Nicolas Claxton,Brooklyn Nets,F-C,-2,-2,-0,+0,-3,24.4,94.0,20.7,5.4,54.8%,27.2%,53.1%,$-1.7M,$25.4M,-$27.0M
404,Ochai Agbaji,Brooklyn Nets,G,-2,-1,-0,-2,-2,3.0,94.4,17.7,2.3,42.1%,32.1%,76.3%,$-0.1M,$6.4M,-$6.5M
405,Jordan Clarkson,New York Knicks,G,-2,-1,-1,-3,-2,6.1,94.9,19.8,3.0,38.8%,31.4%,79.3%,$0.6M,$12.9M,-$12.3M
406,Noa Essengue,Chicago Bulls,F,-2,-1,-0,-2,-3,16.8,101.0,21.1,3.4,48.5%,27.9%,68.8%,$1.1M,$5.4M,-$4.3M
407,Nick Richards,Chicago Bulls,C,-2,-2,+1,-2,-2,17.8,95.0,20.4,1.4,53.6%,27.1%,66.5%,$2.5M,$5.0M,-$2.5M
408,Isaiah Collier,Utah Jazz,G,-2,-1,-1,-1,-3,30.3,95.9,24.3,11.3,44.3%,28.1%,69.6%,$-3.2M,$2.6M,-$5.8M
409,Tyrese Martin,Philadelphia 76ers,G,-2,-1,-0,-2,-1,3.2,94.2,17.3,4.0,38.1%,31.6%,71.4%,$0.4M,$2.2M,-$1.8M
410,Chris Youngblood,Portland Trail Blazers,G,-2,-1,-1,-2,-3,14.6,97.2,20.5,4.3,42.0%,35.4%,75.3%,$1.2M,$1.4M,-$0.2M
411,Adou Thiero,Los Angeles Lakers,G,-2,-2,+0,-2,-2,5.0,96.5,15.3,2.6,49.4%,27.4%,63.8%,$0.2M,$1.3M,-$1.0M
412,Corey Kispert,Atlanta Hawks,F,-2,-0,-1,-1,-2,8.1,95.0,20.0,3.5,41.5%,34.8%,77.7%,$0.4M,$14.0M,-$13.5M
413,Patrick Baldwin Jr.,Sacramento Kings,F,-2,-2,-0,-2,-1,2.2,94.3,17.5,2.5,41.5%,31.4%,69.9%,$0.5M,$0.3M,+$0.3M
414,Caleb Martin,Dallas Mavericks,F,-2,-2,+1,-1,-2,19.8,95.1,16.1,3.6,42.2%,32.5%,62.6%,$-0.5M,$9.6M,-$10.1M
415,Kevin McCullar Jr.,New York Knicks,G,-2,-2,-0,-2,-3,0.0,96.2,15.6,3.8,36.0%,29.6%,68.8%,$-0.7M,$1.4M,-$2.1M
416,Enrique Freeman,Minnesota Timberwolves,F,-2,-2,-0,-2,-0,0.0,95.5,16.0,2.6,43.3%,29.6%,71.1%,$-2.8M,$1.4M,-$4.1M
417,Jaden Hardy,Washington Wizards,G,-2,-0,-2,-2,-1,9.6,95.1,24.5,3.3,40.5%,36.1%,71.7%,$1.6M,$6.0M,-$4.4M
418,Nique Clifford,Sacramento Kings,G,-2,-2,-0,-2,-0,34.0,98.3,19.1,5.0,41.4%,33.0%,75.2%,$1.8M,$3.1M,-$1.4M
419,Chucky Hepburn,Toronto Raptors,G,-2,-1,-0,-2,-3,15.3,95.5,19.0,6.4,40.2%,29.0%,76.2%,$0.3M,$1.4M,-$1.1M
420,Dillon Jones,New York Knicks,F,-2,-2,-0,-2,-3,0.0,97.3,13.2,3.3,36.6%,31.0%,73.0%,$0.6M,$2.8M,-$2.2M
421,Jase Richardson,Orlando Magic,G,-2,-1,-1,-2,-2,3.0,94.0,19.0,3.7,39.1%,32.3%,72.8%,$0.2M,$3.0M,-$2.8M
422,Isaiah Stewart,Detroit Pistons,F-C,-2,-3,+1,-1,-2,5.8,94.3,17.9,1.9,50.9%,31.5%,70.6%,$1.5M,$15.0M,-$13.5M
423,Mike Conley,Minnesota Timberwolves,G,-2,-2,+0,-1,-2,4.6,95.8,14.0,8.7,37.5%,36.7%,84.0%,$1.2M,$11.5M,-$10.3M
424,Carter Bryant,San Antonio Spurs,F,-2,-2,-0,-2,-3,5.2,94.4,15.1,2.8,40.9%,32.7%,67.4%,$-0.1M,$4.9M,-$5.0M
425,Ariel Hukporti,New York Knicks,C,-2,-3,+1,-2,-2,2.2,96.7,12.0,1.9,49.6%,18.9%,63.4%,$0.5M,$2.0M,-$1.5M
426,Terrence Shannon Jr.,Minnesota Timberwolves,G-F,-2,-0,-1,-2,-2,6.1,96.3,22.7,3.6,42.5%,34.1%,80.8%,$0.7M,$2.7M,-$2.0M
427,DeAndre Jordan,New Orleans Pelicans,C,-2,-3,+1,-1,-2,3.6,94.1,11.5,2.7,56.4%,18.0%,42.8%,$-0.1M,$2.3M,-$2.3M
428,Malevy Leons,Golden State Warriors,F,-2,-2,+0,-2,-3,1.9,94.2,15.5,3.2,45.6%,29.9%,72.0%,$-0.9M,$1.4M,-$2.3M
429,Kevin Love,Utah Jazz,F,-2,-2,-0,-2,-2,0.8,94.8,17.2,3.9,35.9%,33.8%,77.5%,$0.3M,$4.2M,-$3.8M
430,Emanuel Miller,San Antonio Spurs,F,-2,-1,-0,-2,-2,0.3,92.8,17.0,2.6,41.5%,27.1%,70.8%,$0.0M,$1.4M,-$1.3M
431,Gabe Vincent,Atlanta Hawks,G,-2,-1,-1,-2,-2,3.7,94.7,13.4,3.7,37.1%,33.7%,79.2%,$1.4M,$11.5M,-$10.1M
432,Jericho Sims,Milwaukee Bucks,C,-2,-2,+0,-2,-2,11.3,94.3,13.4,3.9,64.0%,17.6%,63.6%,$-1.5M,$2.5M,-$4.0M
433,Jeenathan Williams,Golden State Warriors,G,-2,-1,-1,-2,-2,5.3,94.0,20.4,2.9,43.2%,33.0%,77.1%,$-2.5M,$1.4M,-$3.9M
434,Larry Nance Jr.,Cleveland Cavaliers,F,-2,-3,+1,-0,-3,0.0,94.2,13.4,2.9,44.7%,32.7%,63.3%,$-0.1M,$2.3M,-$2.4M
435,Jordan Poole,New Orleans Pelicans,G,-2,-1,-1,-2,-2,9.7,94.8,24.3,5.1,38.5%,32.7%,84.3%,$-2.7M,$31.8M,-$34.5M
436,LJ Cryer,Golden State Warriors,G,-2,-1,-1,-2,-2,26.7,92.6,24.8,5.6,39.4%,36.2%,83.3%,$0.6M,$1.4M,-$0.7M
437,Gradey Dick,Toronto Raptors,G,-2,-2,-0,-2,-1,2.5,95.2,20.2,2.4,40.5%,33.2%,82.1%,$0.4M,$5.0M,-$4.6M
438,Nikola Topić,Oklahoma City Thunder,G,-2,-1,-1,-2,-2,0.0,94.4,17.1,8.2,42.7%,29.2%,67.2%,$-0.0M,$5.2M,-$5.2M
439,Ethan Thompson,Indiana Pacers,G,-2,-1,-1,-2,-0,15.1,95.2,16.8,3.8,38.7%,33.5%,76.1%,$0.4M,$1.4M,-$1.0M
440,Kam Jones,Indiana Pacers,G,-2,-1,-1,-2,-3,27.2,98.2,14.2,9.4,39.3%,31.9%,71.8%,$2.2M,$1.3M,+$0.9M
441,Lindy Waters III,San Antonio Spurs,F,-2,-1,-0,-2,-3,0.9,94.2,16.4,2.8,35.6%,33.5%,69.5%,$-0.0M,$2.3M,-$2.3M
442,Will Riley,Washington Wizards,G,-2,-1,-1,-1,-4,30.6,99.6,25.0,4.4,43.0%,33.5%,80.4%,$1.4M,$3.5M,-$2.1M
443,KJ Simpson,Denver Nuggets,G,-2,-2,-0,-2,-2,1.8,94.2,16.9,6.2,37.8%,30.7%,71.6%,$-2.3M,$1.4M,-$3.7M
444,Jalen Wilson,Brooklyn Nets,F,-2,-1,-1,-3,-1,5.9,94.3,19.0,3.4,40.2%,32.8%,73.9%,$3.1M,$2.2M,+$0.9M
445,Tidjane Salaün,Charlotte Hornets,F,-2,-1,-1,-2,-2,2.9,94.7,17.8,2.6,41.2%,32.9%,66.2%,$0.8M,$7.9M,-$7.1M
446,AJ Lawson,Toronto Raptors,G,-2,-2,-0,-2,-2,0.0,94.0,18.0,2.1,40.7%,32.6%,71.0%,$0.2M,$1.4M,-$1.1M
447,Kelly Olynyk,San Antonio Spurs,C-F,-2,-3,+1,+1,-3,0.3,93.7,19.2,5.3,41.3%,31.5%,71.7%,$-0.2M,$13.4M,-$13.6M
448,Pat Spencer,Golden State Warriors,G,-2,-2,-1,-3,-1,4.6,94.4,19.1,6.8,40.0%,30.6%,75.3%,$-0.3M,$0.9M,-$1.2M
449,Olivier Sarr,Cleveland Cavaliers,C,-2,-3,+0,-2,-1,14.5,98.6,15.4,2.7,47.3%,25.3%,63.2%,$-0.5M,$1.4M,-$1.9M
450,PJ Hall,Charlotte Hornets,C,-2,-2,-0,-2,-3,2.4,94.6,18.0,2.5,47.3%,26.0%,75.1%,$0.2M,$1.4M,-$1.2M
451,Pat Connaughton,Charlotte Hornets,G,-2,-2,-0,-1,-3,0.0,93.7,15.0,3.4,40.7%,33.2%,68.8%,$-0.3M,$10.7M,-$11.0M
452,Trevor Keels,Miami Heat,G,-2,-1,-1,-2,-2,12.7,97.7,20.6,2.9,37.6%,30.4%,75.1%,$-0.6M,$1.4M,-$2.0M
453,Alexandre Sarr,Washington Wizards,C,-2,-1,-1,-2,-2,26.2,95.7,26.1,4.4,42.8%,30.8%,66.6%,$-1.7M,$11.8M,-$13.5M
454,Tosan Evbuomwan,Charlotte Hornets,F,-2,-2,-0,-2,-2,0.0,94.4,17.2,3.5,42.8%,31.1%,70.6%,$0.1M,$1.4M,-$1.3M
455,Bronny James,Los Angeles Lakers,G,-2,-2,-0,-2,-2,0.0,93.7,17.0,6.0,39.7%,32.1%,77.6%,$0.4M,$2.0M,-$1.6M
456,Tyson Etienne,Brooklyn Nets,G,-2,-1,-1,-2,-2,4.6,94.7,20.8,4.5,38.5%,35.5%,80.2%,$-0.8M,$1.4M,-$2.1M
457,Zaccharie Risacher,Atlanta Hawks,F,-2,-2,-0,-2,-2,8.4,95.7,19.0,1.9,43.3%,35.3%,66.6%,$-0.1M,$13.2M,-$13.3M
458,Ryan Nembhard,Dallas Mavericks,PG,-2,-1,-1,-2,-2,29.7,104.1,18.3,11.9,43.1%,34.5%,79.6%,$0.2M,$1.4M,-$1.2M
459,John Tonje,Boston Celtics,G,-2,-2,-0,-2,-2,18.2,98.8,18.6,3.7,42.4%,29.7%,74.0%,$-0.3M,$0.1M,-$0.3M
460,Gary Trent Jr.,Milwaukee Bucks,G,-2,-0,-2,-2,-2,24.6,94.8,22.8,3.0,38.7%,35.7%,79.1%,$-4.4M,$3.7M,-$8.1M
461,RayJ Dennis,Atlanta Hawks,G,-2,-2,-0,-2,-2,0.0,95.3,17.9,5.8,38.5%,31.6%,79.2%,$0.9M,$1.4M,-$0.5M
462,Norchad Omier,Los Angeles Clippers,F,-2,-2,-1,-2,-3,3.1,96.7,20.9,3.8,50.3%,28.8%,72.6%,$0.0M,$1.4M,-$1.4M
463,Dennis Schroder,Cleveland Cavaliers,G,-2,-1,-1,-2,-2,21.2,94.4,20.7,8.9,39.9%,32.3%,79.5%,$-1.8M,$14.1M,-$15.9M
464,Jayson Kent,Portland Trail Blazers,F,-2,-2,-0,-2,-3,1.2,96.7,19.4,2.9,45.2%,31.3%,69.0%,$-0.6M,$1.4M,-$1.9M
465,Ace Bailey,Utah Jazz,G,-2,-1,-2,-2,-3,31.1,100.8,26.4,3.8,43.8%,34.8%,79.2%,$-5.7M,$9.1M,-$14.8M
466,Nick Smith Jr.,Los Angeles Lakers,G,-2,-1,-2,-2,-2,1.8,94.1,21.7,3.9,38.6%,33.2%,80.8%,$-0.6M,$2.7M,-$3.3M
467,Curtis Jones,Denver Nuggets,G,-2,-2,-0,-2,-2,30.1,97.8,17.3,5.9,38.6%,32.2%,75.3%,$-2.7M,$1.4M,-$4.0M
468,Zeke Nnaji,Denver Nuggets,F-C,-2,-3,+0,-1,-3,0.0,94.3,14.5,2.3,45.6%,30.4%,69.8%,$-0.1M,$8.2M,-$8.2M
469,Keaton Wallace,Atlanta Hawks,G,-2,-2,-0,-2,-3,0.0,95.3,16.5,7.5,38.5%,31.7%,75.4%,$0.8M,$2.3M,-$1.5M
470,Terance Mann,Brooklyn Nets,G,-2,-2,-1,-2,-2,23.1,93.7,16.7,5.1,44.1%,34.2%,76.7%,$-3.1M,$15.5M,-$18.6M
471,Jett Howard,Orlando Magic,G,-2,-1,-1,-2,-3,0.8,94.7,19.4,2.6,38.9%,33.4%,83.1%,$-0.6M,$5.5M,-$6.2M
472,Koby Brea,Phoenix Suns,G,-2,-1,-1,-2,-2,28.6,95.5,19.5,5.0,35.2%,33.0%,74.2%,$0.6M,$1.4M,-$0.8M
473,Zach LaVine,Sacramento Kings,G,-2,-0,-2,-1,-3,25.4,94.3,27.3,4.4,44.9%,35.5%,82.3%,$-3.5M,$47.5M,-$51.0M
474,Christian Koloko,Atlanta Hawks,C,-2,-3,+1,-3,-2,0.0,95.2,13.3,2.4,44.7%,26.1%,68.8%,$-0.8M,$0.3M,-$1.0M
475,Nolan Traore,Brooklyn Nets,G,-2,-2,-1,-2,-3,25.7,94.9,25.2,8.9,40.4%,33.3%,79.7%,$-1.4M,$3.8M,-$5.2M
476,Max Shulga,Boston Celtics,G,-2,-2,-1,-2,-3,5.8,96.9,16.7,3.3,38.3%,29.6%,72.5%,$-0.9M,$1.4M,-$2.2M
477,Taj Gibson,Memphis Grizzlies,F,-2,-4,+2,-3,-2,0.0,94.9,12.1,2.6,44.3%,26.5%,67.3%,$-1.1M,$1.4M,-$2.5M
478,Russell Westbrook,Sacramento Kings,G,-2,-1,-2,-1,-3,26.1,95.3,25.8,10.7,40.0%,30.4%,63.8%,$-5.9M,$2.3M,-$8.2M
479,Jamison Battle,Toronto Raptors,F,-2,-2,-1,-3,-1,0.0,95.2,16.5,2.2,42.8%,36.2%,72.7%,$-0.2M,$2.0M,-$2.2M
480,Jalen Pickett,Denver Nuggets,G,-2,-1,-1,-2,-3,0.1,94.4,15.8,6.2,40.2%,32.5%,73.3%,$-0.2M,$2.2M,-$2.4M
481,Isaiah Stevens,Sacramento Kings,G,-3,-2,-0,-3,-1,0.0,94.1,17.0,6.4,40.9%,24.6%,79.1%,$1.3M,$1.4M,-$0.1M
482,Zyon Pullin,Minnesota Timberwolves,G,-3,-2,-1,-3,-2,1.7,94.4,18.4,5.0,42.2%,26.8%,75.2%,$-0.9M,$1.4M,-$2.3M
483,Blake Wesley,Portland Trail Blazers,G,-3,-2,-0,-2,-3,0.1,95.0,16.8,6.2,43.4%,30.0%,57.8%,$-0.3M,$5.6M,-$5.9M
484,Julian Reese,Washington Wizards,F,-3,-2,-0,-2,-3,32.6,97.0,18.4,3.2,52.6%,22.6%,66.4%,$-7.9M,$1.4M,-$9.3M
485,Hayden Gray,Utah Jazz,G,-3,-2,-0,-3,-3,4.4,95.6,17.5,5.6,40.8%,30.6%,72.2%,$3.5M,$1.4M,+$2.1M
486,Jahmai Mashack,Memphis Grizzlies,PG,-3,-2,-0,-2,-4,36.4,97.5,15.3,5.1,42.5%,30.8%,62.7%,$-1.3M,$1.4M,-$2.7M
487,Cam Christie,Los Angeles Clippers,G,-3,-2,-0,-3,-2,0.0,94.0,16.0,3.0,40.8%,26.6%,72.4%,$-0.9M,$2.0M,-$2.9M
488,Caris LeVert,Detroit Pistons,G-F,-3,-3,+0,-2,-3,8.8,94.3,18.5,4.9,40.6%,32.3%,68.5%,$-1.9M,$14.1M,-$16.0M
489,Tyler Smith,Dallas Mavericks,F,-3,-2,-1,-3,-2,0.1,95.8,16.4,1.8,42.5%,32.0%,71.8%,$-5.3M,$2.0M,-$7.3M
490,Patrick Williams,Chicago Bulls,F,-3,-2,-0,-3,-3,13.4,95.6,15.5,3.1,38.1%,34.8%,72.7%,$-8.4M,$18.0M,-$26.4M
491,Walter Clayton Jr.,Memphis Grizzlies,G,-3,-1,-1,-2,-3,31.6,97.1,21.2,9.6,39.2%,32.7%,85.3%,$-5.4M,$4.0M,-$9.4M
492,Hunter Dickinson,New Orleans Pelicans,C,-3,-3,-0,-3,-3,19.5,101.5,15.5,1.8,45.1%,26.6%,65.6%,$0.2M,$1.4M,-$1.2M
493,Brooks Barnhizer,Oklahoma City Thunder,G,-3,-2,-0,-3,-4,35.0,95.9,15.6,3.7,43.6%,31.5%,72.6%,$-6.2M,$1.4M,-$7.6M
494,Rayan Rupert,Memphis Grizzlies,G-F,-3,-2,-1,-2,-3,16.5,95.3,16.8,3.4,39.0%,32.1%,77.6%,$-7.4M,$2.4M,-$9.8M
495,Alex Morales,Orlando Magic,G,-3,-2,-1,-3,-1,4.7,100.6,18.0,5.0,43.2%,29.3%,73.9%,$-0.9M,$1.4M,-$2.3M
496,Drew Timme,Los Angeles Lakers,F,-3,-2,-1,-3,-2,0.7,94.2,18.1,3.7,45.0%,30.0%,65.5%,$-1.2M,$2.0M,-$3.2M
497,Garrett Temple,Toronto Raptors,G,-3,-4,+1,-0,-3,0.0,94.1,9.7,4.4,35.2%,27.8%,67.8%,$-0.9M,$2.3M,-$3.2M
498,Rob Dillingham,Chicago Bulls,G,-3,-2,-1,-3,-3,9.3,96.7,20.6,5.4,40.4%,31.2%,74.3%,$-8.8M,$6.6M,-$15.4M
499,Johni Broome,Philadelphia 76ers,F,-3,-3,-0,-3,-2,5.4,92.7,17.1,2.2,38.3%,26.5%,59.9%,$-0.9M,$1.3M,-$2.2M
500,Amari Williams,Boston Celtics,F-C,-3,-3,+0,-3,-3,6.0,96.0,16.1,2.7,47.4%,20.3%,66.2%,$-0.9M,$0.5M,-$1.4M
501,Mohamed Diawara,New York Knicks,F,-3,-2,-1,-3,-2,2.7,94.7,16.4,3.5,35.7%,31.2%,69.3%,$-0.6M,$1.3M,-$1.9M
502,Tre Mann,Charlotte Hornets,G,-3,-2,-1,-2,-4,0.8,94.3,21.1,6.1,38.4%,32.5%,79.9%,$-1.0M,$8.0M,-$9.0M
503,Bruce Brown,Denver Nuggets,G,-3,-2,-1,-1,-3,11.6,94.1,15.7,3.7,44.8%,33.6%,73.9%,$-4.6M,$2.3M,-$6.9M
504,Leaky Black,Washington Wizards,F,-3,-2,-0,-3,-2,29.6,97.8,13.2,2.8,41.5%,35.5%,75.9%,$-6.2M,$1.4M,-$7.6M
505,Yang Hansen,Portland Trail Blazers,C,-3,-3,+0,-3,-4,0.9,97.9,16.7,2.4,39.0%,27.4%,72.0%,$-0.7M,$4.4M,-$5.1M
506,Jahmir Young,Miami Heat,G,-3,-2,-1,-3,-2,0.0,94.5,17.3,5.9,41.1%,30.3%,77.1%,$-3.7M,$1.4M,-$5.0M
507,Josh Oduro,New Orleans Pelicans,F,-3,-2,-0,-3,-2,25.7,104.4,17.1,2.3,48.5%,28.3%,67.3%,$-7.5M,$1.4M,-$8.9M
508,Vladislav Goldin,Miami Heat,C,-3,-3,-0,-3,-3,12.3,97.6,15.0,2.1,48.9%,22.3%,67.5%,$-2.0M,$1.4M,-$3.3M
509,Kyle Kuzma,Milwaukee Bucks,F,-3,-1,-1,-2,-3,27.2,94.6,24.3,5.0,43.7%,31.1%,65.9%,$-10.0M,$22.4M,-$32.4M
510,Mouhamadou Gueye,Chicago Bulls,F,-3,-3,+0,-3,-3,18.2,98.6,16.4,3.9,44.4%,27.2%,64.3%,$-1.2M,$1.4M,-$2.6M
511,Sean Pedulla,Los Angeles Clippers,G,-3,-1,-1,-3,-3,3.3,96.3,19.9,7.9,40.7%,33.8%,75.6%,$-1.3M,$1.4M,-$2.6M
512,Cody Williams,Utah Jazz,F,-3,-2,-1,-3,-3,25.5,96.7,18.6,4.1,43.4%,28.6%,73.0%,$-12.1M,$5.7M,-$17.9M
513,Chaz Lanier,Detroit Pistons,G,-3,-2,-1,-3,-2,0.7,92.9,18.0,2.4,36.8%,33.0%,74.6%,$-1.4M,$1.4M,-$2.7M
514,Payton Sandfort,Oklahoma City Thunder,F,-3,-2,-1,-3,-3,27.1,96.1,17.9,2.5,43.1%,33.0%,69.2%,$-1.2M,$1.4M,-$2.5M
515,Tre Johnson,Washington Wizards,G,-3,-1,-2,-3,-4,30.5,100.9,26.0,4.6,40.3%,33.3%,83.7%,$-8.4M,$8.2M,-$16.7M
516,Carlton Carrington,Washington Wizards,G,-3,-1,-2,-2,-4,23.6,95.3,19.6,7.5,40.3%,34.8%,75.7%,$-11.5M,$4.7M,-$16.2M
517,CJ Huntley,Phoenix Suns,F,-3,-2,-1,-3,-3,11.1,97.7,14.9,2.5,41.7%,28.9%,67.0%,$-2.4M,$1.4M,-$3.8M
518,Joe Ingles,Minnesota Timberwolves,F-G,-3,-3,+0,-2,-3,0.0,94.2,11.3,7.0,38.1%,31.7%,67.3%,$-1.9M,$2.3M,-$4.2M
519,AJ Johnson,Dallas Mavericks,G,-3,-2,-1,-4,-1,1.9,95.4,18.5,4.0,38.1%,29.5%,82.3%,$-7.6M,$3.1M,-$10.6M
520,Caleb Love,Portland Trail Blazers,G,-3,-1,-2,-3,-3,8.4,98.9,25.8,5.8,42.7%,32.7%,74.1%,$-7.3M,$1.4M,-$8.7M
521,Drake Powell,Brooklyn Nets,G,-3,-2,-1,-3,-5,29.2,95.4,16.4,3.1,40.1%,32.9%,83.3%,$-10.5M,$3.4M,-$13.9M
522,Colin Castleton,Orlando Magic,C,-3,-3,-1,-4,-2,0.0,94.2,15.9,2.6,44.9%,25.5%,72.8%,$-2.0M,$1.4M,-$3.4M
523,Ben Saraf,Brooklyn Nets,PG,-3,-3,-1,-3,-3,36.0,95.5,21.3,8.0,42.8%,31.0%,82.2%,$-9.7M,$2.9M,-$12.5M
524,Isaac Jones,Detroit Pistons,F,-4,-3,-1,-4,-3,0.0,94.1,16.1,2.3,48.0%,26.5%,70.5%,$-2.9M,$2.0M,-$4.8M
525,Kyle Lowry,Philadelphia 76ers,G,-4,-4,+0,-1,-4,0.0,94.4,11.5,5.7,34.2%,31.6%,74.6%,$-2.0M,$2.3M,-$4.2M
526,Ousmane Dieng,Milwaukee Bucks,F,-4,-2,-2,-4,-4,13.9,94.5,19.7,6.0,41.3%,31.0%,72.7%,$-14.5M,$6.7M,-$21.2M
527,Jordan Hawkins,New Orleans Pelicans,G,-4,-2,-2,-4,-4,0.0,96.4,19.4,2.8,38.4%,34.1%,83.1%,$-15.6M,$4.7M,-$20.3M
528,Trey Jemison,New York Knicks,C,-4,-4,-0,-4,-3,0.0,97.3,11.5,2.5,43.9%,15.0%,63.1%,$-4.5M,$1.4M,-$5.9M
529,Bismack Biyombo,San Antonio Spurs,C-F,-4,-5,+0,-3,-4,0.7,93.7,8.8,1.1,49.0%,15.6%,44.7%,$-1.8M,$2.3M,-$4.1M
530,Jeff Green,Houston Rockets,F,-5,-4,-1,-3,-5,0.0,94.2,14.2,2.4,38.0%,31.2%,76.4%,$-4.0M,$2.3M,-$6.3M