Player,Team,Season,Age,DARKO_DPM,BPM,VORP,PER,Games
A.J. Green,Milwaukee Bucks,2024,24.0,-1.7,-2.1,0.0,10.5,56
A.J. Green,Milwaukee Bucks,2025,25.0,-1.3,-2.2,-0.1,9.2,73
A.J. Green,Milwaukee Bucks,2026,26.0,-0.5,-3.3,-0.8,9.4,78
AJ Griffin,Atlanta Hawks,2024,20.0,-0.6,-9.6,-0.3,1.2,20
AJ Johnson,Milwaukee Bucks,2025,20.0,-2.4,-4.9,0.0,10.6,29
AJ Johnson,Dallas Mavericks,2026,21.0,-3.1,-10.5,-0.5,4.3,48
AJ Lawson,Dallas Mavericks,2024,23.0,-2.0,-4.6,-0.2,11.2,42
AJ Lawson,Toronto Raptors,2026,25.0,-2.1,-1.0,0.1,13.4,24
Aaron Gordon,Denver Nuggets,2024,28.0,2.5,1.3,1.9,16.8,73
Aaron Gordon,Denver Nuggets,2025,29.0,2.0,1.2,1.2,17.0,51
Aaron Gordon,Denver Nuggets,2026,30.0,2.0,1.7,0.9,18.5,36
Aaron Holiday,Houston Rockets,2024,27.0,0.1,-1.5,0.2,11.5,78
Aaron Holiday,Houston Rockets,2025,28.0,-0.6,-0.2,0.3,12.2,62
Aaron Holiday,Houston Rockets,2026,29.0,-1.2,-2.4,-0.1,10.1,57
Aaron Nesmith,Indiana Pacers,2024,24.0,-1.1,-0.5,0.8,12.8,72
Aaron Nesmith,Indiana Pacers,2025,25.0,0.0,-0.5,0.4,14.6,45
Aaron Nesmith,Indiana Pacers,2026,26.0,-0.1,-3.4,-0.5,10.8,45
Aaron Wiggins,Oklahoma City Thunder,2024,25.0,-0.8,0.7,0.8,15.6,78
Aaron Wiggins,Oklahoma City Thunder,2025,26.0,0.5,1.1,1.4,16.1,76
Aaron Wiggins,Oklahoma City Thunder,2026,27.0,-0.5,-0.9,0.4,11.7,65
Ace Bailey,Utah Jazz,2026,19.0,-2.2,-4.4,-1.2,11.6,72
Adam Flagler,Oklahoma City Thunder,2025,25.0,-2.4,-10.3,-0.4,3.7,37
Adama Sanogo,Chicago Bulls,2025,22.0,-2.6,-2.6,0.0,15.2,4
Adem Bona,Philadelphia 76ers,2025,21.0,-3.2,-2.7,-0.2,16.5,58
Adem Bona,Philadelphia 76ers,2026,22.0,-0.4,-2.9,-0.3,12.8,71
Admiral Schofield,Orlando Magic,2024,26.0,-1.7,-4.9,-0.1,6.0,23
Adou Thiero,Los Angeles Lakers,2026,21.0,-1.8,-4.4,-0.1,10.7,25
Ajay Mitchell,Oklahoma City Thunder,2025,22.0,-2.5,-1.6,0.1,12.0,36
Ajay Mitchell,Oklahoma City Thunder,2026,23.0,0.9,1.9,1.4,16.8,57
Al Horford,Boston Celtics,2024,37.0,0.4,3.6,2.5,15.0,65
Al Horford,Boston Celtics,2025,38.0,0.7,1.2,1.3,12.9,60
Al Horford,Golden State Warriors,2026,39.0,-1.3,1.6,0.9,14.7,45
Alec Burks,Detroit Pistons,2024,32.0,0.8,-0.4,0.4,15.1,66
Alec Burks,Miami Heat,2025,33.0,-1.3,0.3,0.5,12.8,49
Aleksej Pokusevski,Oklahoma City Thunder,2024,22.0,-2.1,-9.9,-0.1,2.5,28
Alex Antetokounmpo,Milwaukee Bucks,2026,24.0,-1.2,5.4,0.0,28.6,6
Alex Caruso,Chicago Bulls,2024,29.0,1.4,2.5,2.3,14.5,71
Alex Caruso,Oklahoma City Thunder,2025,30.0,1.8,4.0,1.6,15.9,54
Alex Caruso,Oklahoma City Thunder,2026,31.0,2.0,1.9,1.0,12.8,56
Alex Ducas,Oklahoma City Thunder,2025,24.0,-2.2,-2.0,0.0,10.1,21
Alex Len,Sacramento Kings,2024,30.0,-1.1,0.2,0.2,14.7,48
Alex Len,Sacramento Kings,2025,31.0,0.9,0.3,0.2,13.1,46
Alex Morales,Orlando Magic,2026,28.0,-2.7,-16.0,-0.1,0.9,4
Alex Reese,Oklahoma City Thunder,2025,25.0,-2.7,19.6,0.0,53.6,15
Alexandre Sarr,Washington Wizards,2025,19.0,-2.6,-3.3,-0.6,12.9,67
Alexandre Sarr,Washington Wizards,2026,20.0,-2.1,0.7,0.9,19.4,48
Alijah Martin,Toronto Raptors,2026,24.0,-1.6,-4.3,-0.1,9.2,23
Alondes Williams,Detroit Pistons,2025,25.0,-1.6,44.1,0.0,53.4,1
Alperen Sengun,Houston Rockets,2024,21.0,-1.1,4.9,3.5,22.0,63
Alperen Sengun,Houston Rockets,2025,22.0,0.4,4.4,3.9,21.4,76
Alperen Sengun,Houston Rockets,2026,23.0,1.1,4.2,3.7,21.4,72
Amari Bailey,Charlotte Hornets,2024,19.0,-2.1,-8.3,-0.1,9.7,10
Amari Williams,Boston Celtics,2026,24.0,-2.8,-2.1,0.0,9.7,22
Amen Thompson,Houston Rockets,2024,21.0,-1.5,1.8,1.3,18.2,62
Amen Thompson,Houston Rockets,2025,22.0,1.8,4.1,3.4,18.7,69
Amen Thompson,Houston Rockets,2026,23.0,1.3,2.6,3.4,18.9,79
Amir Coffey,Los Angeles Clippers,2024,26.0,-2.3,-2.2,-0.1,10.0,70
Amir Coffey,Los Angeles Clippers,2025,27.0,-2.4,-1.7,0.1,11.2,72
Amir Coffey,Phoenix Suns,2026,28.0,-1.5,-5.2,-0.2,8.4,46
Andre Drummond,Chicago Bulls,2024,30.0,0.7,0.1,0.7,23.0,79
Andre Drummond,Philadelphia 76ers,2025,31.0,0.7,-3.2,-0.2,16.0,40
Andre Drummond,Philadelphia 76ers,2026,32.0,-1.1,-0.6,0.4,16.4,63
Andre Jackson Jr.,Milwaukee Bucks,2024,22.0,-1.9,-3.6,-0.2,8.5,57
Andre Jackson Jr.,Milwaukee Bucks,2025,23.0,-1.6,-3.4,-0.3,8.6,67
Andre Jackson Jr.,Milwaukee Bucks,2026,24.0,-1.5,-7.1,-0.5,6.8,48
Andrew Nembhard,Indiana Pacers,2024,24.0,-2.6,-2.2,-0.1,11.3,68
Andrew Nembhard,Indiana Pacers,2025,25.0,-1.2,-2.3,-0.1,11.7,65
Andrew Nembhard,Indiana Pacers,2026,26.0,-0.1,-0.8,0.6,15.7,57
Andrew Wiggins,Golden State Warriors,2024,28.0,1.7,-2.5,-0.3,12.7,71
Andrew Wiggins,Golden State Warriors,2025,29.0,-0.2,1.0,1.0,16.4,60
Andrew Wiggins,Miami Heat,2026,30.0,-0.5,1.2,1.7,15.1,68
Anfernee Simons,Portland Trail Blazers,2024,24.0,-1.3,0.2,0.8,15.9,46
Anfernee Simons,Portland Trail Blazers,2025,25.0,-0.6,-0.1,1.1,14.9,70
Anfernee Simons,Chicago Bulls,2026,26.0,-1.5,0.6,0.8,15.0,55
Anthony Black,Orlando Magic,2024,20.0,-1.7,-3.0,-0.3,8.4,69
Anthony Black,Orlando Magic,2025,21.0,-1.5,-1.9,0.0,11.6,78
Anthony Black,Orlando Magic,2026,22.0,0.4,-0.6,0.7,13.7,64
Anthony Davis,Los Angeles Lakers,2024,30.0,3.9,5.1,4.9,25.8,76
Anthony Davis,Los Angeles Lakers,2025,31.0,4.0,6.0,2.9,27.1,51
Anthony Davis,Washington Wizards,2026,32.0,1.6,2.4,0.7,21.5,20
Anthony Edwards,Minnesota Timberwolves,2024,22.0,2.7,3.3,3.7,19.7,79
Anthony Edwards,Minnesota Timberwolves,2025,23.0,3.6,4.3,4.6,20.1,79
Anthony Edwards,Minnesota Timberwolves,2026,24.0,3.6,4.5,3.5,21.8,61
Anthony Gill,Washington Wizards,2024,31.0,-2.1,-4.1,-0.3,12.1,50
Anthony Gill,Washington Wizards,2025,32.0,-1.5,-4.5,-0.3,10.2,51
Anthony Gill,Washington Wizards,2026,33.0,-1.4,-2.6,-0.2,13.4,55
Antonio Reeves,New Orleans Pelicans,2025,24.0,-2.1,-3.2,-0.2,11.7,44
Antonio Reeves,Charlotte Hornets,2026,25.0,-1.3,1.3,0.1,12.4,10
Ariel Hukporti,New York Knicks,2025,22.0,-3.3,-5.6,-0.2,7.6,25
Ariel Hukporti,New York Knicks,2026,23.0,-1.9,-2.3,0.0,11.9,54
Armoni Brooks,Brooklyn Nets,2024,25.0,-1.9,-5.8,-0.1,8.3,10
Asa Newell,Atlanta Hawks,2026,20.0,-0.6,-1.5,0.1,14.2,44
Ausar Thompson,Detroit Pistons,2024,21.0,-1.5,-2.2,-0.1,12.8,63
Ausar Thompson,Detroit Pistons,2025,22.0,-0.3,1.7,1.2,17.2,59
Ausar Thompson,Detroit Pistons,2026,23.0,0.8,3.1,2.4,16.2,73
Austin Reaves,Los Angeles Lakers,2024,25.0,0.5,0.4,1.6,15.5,82
Austin Reaves,Los Angeles Lakers,2025,26.0,0.6,1.9,2.6,18.1,73
Austin Reaves,Los Angeles Lakers,2026,27.0,1.0,2.8,2.1,20.2,51
Ayo Dosunmu,Chicago Bulls,2024,24.0,-1.7,-0.8,0.7,13.4,76
Ayo Dosunmu,Chicago Bulls,2025,25.0,-1.1,-1.6,0.1,12.8,46
Ayo Dosunmu,Minnesota Timberwolves,2026,26.0,-0.6,0.8,0.8,17.0,69
Bam Adebayo,Miami Heat,2024,26.0,1.9,2.4,2.7,19.8,71
Bam Adebayo,Miami Heat,2025,27.0,1.7,2.0,2.7,18.9,78
Bam Adebayo,Miami Heat,2026,28.0,2.1,2.0,2.4,18.7,73
Baylor Scheierman,Boston Celtics,2025,24.0,-2.2,-1.7,0.0,10.3,31
Baylor Scheierman,Boston Celtics,2026,25.0,-0.7,0.6,0.9,11.6,77
Ben Saraf,Brooklyn Nets,2026,19.0,-3.4,-7.3,-1.2,7.8,44
Ben Sheppard,Indiana Pacers,2024,22.0,-2.1,-3.4,-0.3,8.1,57
Ben Sheppard,Indiana Pacers,2025,23.0,-0.6,-2.0,0.0,9.2,63
Ben Sheppard,Indiana Pacers,2026,24.0,-1.3,-3.0,-0.4,9.7,65
Ben Simmons,Brooklyn Nets,2024,27.0,0.4,2.4,0.4,16.3,15
Ben Simmons,Brooklyn Nets,2025,28.0,0.6,-1.0,0.2,12.6,51
Bennedict Mathurin,Indiana Pacers,2024,21.0,-3.0,-3.4,-0.6,13.0,59
Bennedict Mathurin,Indiana Pacers,2025,22.0,-2.9,-2.9,-0.5,13.6,72
Bennedict Mathurin,Los Angeles Clippers,2026,23.0,-1.6,-2.8,-0.2,12.6,54
Bez Mbeng,Utah Jazz,2026,22.0,-1.5,-4.9,-0.4,10.5,15
Bilal Coulibaly,Washington Wizards,2024,19.0,-2.1,-4.2,-0.9,8.9,63
Bilal Coulibaly,Washington Wizards,2025,20.0,-2.3,-3.7,-0.8,10.8,59
Bilal Coulibaly,Washington Wizards,2026,21.0,-1.1,-2.1,-0.1,13.5,56
Bismack Biyombo,San Antonio Spurs,2026,33.0,-4.2,-5.8,-0.1,4.5,25
Blake Hinson,Utah Jazz,2026,26.0,-1.1,-0.6,0.1,16.5,14
Blake Wesley,San Antonio Spurs,2024,20.0,-2.8,-4.0,-0.4,10.1,61
Blake Wesley,San Antonio Spurs,2025,21.0,-2.4,-4.2,-0.4,9.9,58
Blake Wesley,Portland Trail Blazers,2026,22.0,-2.5,-3.6,-0.1,10.8,31
Boban Marjanovic,Houston Rockets,2024,35.0,-0.5,-0.3,0.0,21.1,14
Bobby Portis,Milwaukee Bucks,2024,28.0,0.3,-0.8,0.6,17.5,82
Bobby Portis,Milwaukee Bucks,2025,29.0,-0.7,0.2,0.7,17.7,49
Bobby Portis,Milwaukee Bucks,2026,30.0,-1.0,0.0,0.8,17.1,67
Bogdan Bogdanovic,Atlanta Hawks,2024,31.0,1.4,0.2,1.4,14.7,79
Bogdan Bogdanovic,Atlanta Hawks,2025,32.0,1.7,-4.7,-0.4,7.6,54
Bogdan Bogdanovic,Los Angeles Clippers,2026,33.0,-0.8,-3.1,-0.1,8.9,23
Bojan Bogdanovic,Detroit Pistons,2024,34.0,-2.0,-2.1,0.0,14.1,57
Bol Bol,Phoenix Suns,2024,24.0,-0.1,2.1,0.5,18.7,43
Bol Bol,Phoenix Suns,2025,25.0,0.1,0.8,0.3,18.4,36
Bradley Beal,Phoenix Suns,2024,30.0,1.7,0.4,1.1,16.3,53
Bradley Beal,Phoenix Suns,2025,31.0,0.4,-1.1,0.4,15.2,53
Bradley Beal,Los Angeles Clippers,2026,32.0,-1.5,-10.6,-0.3,5.1,6
Branden Carlson,Oklahoma City Thunder,2026,26.0,-0.8,0.8,0.4,17.7,42
Brandin Podziemski,Golden State Warriors,2024,20.0,-2.2,-0.1,0.9,13.0,74
Brandin Podziemski,Golden State Warriors,2025,21.0,-1.0,0.7,1.2,14.4,64
Brandin Podziemski,Golden State Warriors,2026,22.0,0.6,0.2,1.3,15.0,82
Brandon Boston Jr.,Los Angeles Clippers,2024,22.0,-2.4,-9.0,-0.6,8.7,32
Brandon Boston Jr.,New Orleans Pelicans,2025,23.0,-3.3,-2.5,-0.1,12.7,42
Brandon Clarke,Memphis Grizzlies,2024,27.0,1.0,1.0,0.1,18.9,6
Brandon Clarke,Memphis Grizzlies,2025,28.0,0.6,0.8,0.9,17.6,64
Brandon Clarke,Memphis Grizzlies,2026,29.0,1.1,-4.9,0.0,12.3,2
Brandon Ingram,New Orleans Pelicans,2024,26.0,2.3,1.2,1.7,18.2,64
Brandon Ingram,New Orleans Pelicans,2025,27.0,1.1,-0.3,0.3,16.0,18
Brandon Ingram,Toronto Raptors,2026,28.0,0.6,0.5,1.7,16.3,77
Brandon Miller,Charlotte Hornets,2024,21.0,-0.8,-2.6,-0.3,13.0,74
Brandon Miller,Charlotte Hornets,2025,22.0,-1.2,0.0,0.4,14.0,27
Brandon Miller,Charlotte Hornets,2026,23.0,0.7,1.6,1.8,16.8,65
Brandon Williams,Dallas Mavericks,2025,25.0,-2.1,1.0,0.4,18.3,33
Brandon Williams,Dallas Mavericks,2026,26.0,0.0,0.4,0.9,16.8,66
Braxton Key,Denver Nuggets,2024,26.0,-2.5,2.1,0.1,16.5,20
Brice Sensabaugh,Utah Jazz,2024,20.0,-2.1,-5.5,-0.5,8.6,32
Brice Sensabaugh,Utah Jazz,2025,21.0,-3.0,-1.2,0.3,13.4,71
Brice Sensabaugh,Utah Jazz,2026,22.0,-0.5,-2.6,-0.3,14.4,75
Bronny James,Los Angeles Lakers,2025,20.0,-3.1,-7.2,-0.2,7.1,27
Bronny James,Los Angeles Lakers,2026,21.0,-2.1,-4.3,-0.2,9.0,42
Brook Lopez,Milwaukee Bucks,2024,35.0,2.0,1.0,1.8,14.8,79
Brook Lopez,Milwaukee Bucks,2025,36.0,1.3,0.8,1.8,14.8,80
Brook Lopez,Los Angeles Clippers,2026,37.0,-0.9,-0.9,0.5,12.3,75
Brooks Barnhizer,Oklahoma City Thunder,2026,23.0,-2.6,-3.1,-0.1,7.9,40
Bruce Brown,Indiana Pacers,2024,27.0,-0.3,-2.3,-0.1,12.2,67
Bruce Brown,Toronto Raptors,2025,28.0,-2.1,-2.5,0.0,12.3,41
Bruce Brown,Denver Nuggets,2026,29.0,-2.8,-2.4,-0.2,10.8,82
Bruno Fernando,Atlanta Hawks,2024,25.0,-1.6,-2.3,-0.1,15.2,45
Bruno Fernando,Toronto Raptors,2025,26.0,-1.3,-0.7,0.1,15.3,17
Bryce McGowens,Charlotte Hornets,2024,21.0,-2.9,-4.9,-0.6,9.3,59
Bryce McGowens,Portland Trail Blazers,2025,22.0,-2.0,-13.6,-0.1,1.7,13
Bryce McGowens,New Orleans Pelicans,2026,23.0,-1.5,-2.9,-0.2,11.7,42
Buddy Hield,Indiana Pacers,2024,31.0,0.2,0.2,0.7,13.1,84
Buddy Hield,Golden State Warriors,2025,32.0,-0.2,-1.0,0.5,12.3,82
Buddy Hield,Atlanta Hawks,2026,33.0,-0.8,-1.0,0.2,12.6,51
CJ Huntley,Phoenix Suns,2026,24.0,-3.1,-4.4,0.0,10.9,4
CJ McCollum,New Orleans Pelicans,2024,32.0,0.3,3.1,2.8,17.9,66
CJ McCollum,New Orleans Pelicans,2025,33.0,0.0,-1.4,0.3,15.8,56
CJ McCollum,Atlanta Hawks,2026,34.0,0.9,-1.5,0.1,15.2,76
Cade Cunningham,Detroit Pistons,2024,22.0,-1.1,0.3,1.2,17.1,62
Cade Cunningham,Detroit Pistons,2025,23.0,0.0,3.9,3.7,20.6,70
Cade Cunningham,Detroit Pistons,2026,24.0,3.6,6.3,4.6,21.6,64
Caleb Houstan,Orlando Magic,2024,21.0,-2.0,-1.9,0.0,8.3,59
Caleb Houstan,Orlando Magic,2025,22.0,-0.9,-2.2,0.0,9.4,58
Caleb Love,Portland Trail Blazers,2026,24.0,-3.1,-3.1,-0.3,10.7,49
Caleb Martin,Miami Heat,2024,28.0,1.3,-2.0,0.0,10.8,64
Caleb Martin,Philadelphia 76ers,2025,29.0,0.0,-2.5,-0.1,10.1,45
Caleb Martin,Dallas Mavericks,2026,30.0,-1.8,-2.2,0.0,9.3,58
Cam Christie,Los Angeles Clippers,2025,19.0,-2.1,-2.5,0.0,9.1,13
Cam Christie,Los Angeles Clippers,2026,20.0,-2.6,-4.6,-0.3,9.2,55
Cam Reddish,Los Angeles Lakers,2024,24.0,-1.7,-3.2,-0.3,7.7,48
Cam Reddish,Los Angeles Lakers,2025,25.0,-1.5,-2.7,-0.1,7.4,33
Cam Spencer,Memphis Grizzlies,2026,25.0,-0.6,2.2,1.8,17.2,72
Cam Thomas,Brooklyn Nets,2024,22.0,-1.2,-1.2,0.4,16.1,66
Cam Thomas,Brooklyn Nets,2025,23.0,0.0,0.3,0.5,18.0,25
Cam Whitmore,Houston Rockets,2024,19.0,-2.3,0.1,0.5,16.6,47
Cam Whitmore,Houston Rockets,2025,20.0,0.0,0.3,0.5,15.5,51
Cam Whitmore,Washington Wizards,2026,21.0,-1.3,-3.3,-0.1,13.7,21
Cameron Johnson,Brooklyn Nets,2024,27.0,1.6,0.4,1.0,14.5,58
Cameron Johnson,Brooklyn Nets,2025,28.0,0.6,3.1,2.3,18.2,57
Cameron Johnson,Denver Nuggets,2026,29.0,0.7,-0.6,0.6,12.8,54
Cameron Payne,Milwaukee Bucks,2024,29.0,-1.0,-1.5,0.1,12.6,78
Cameron Payne,New York Knicks,2025,30.0,-1.2,-0.2,0.5,13.8,72
Caris LeVert,Cleveland Cavaliers,2024,29.0,-0.9,0.2,1.1,14.6,68
Caris LeVert,Cleveland Cavaliers,2025,30.0,-0.3,1.2,0.7,14.4,64
Caris LeVert,Detroit Pistons,2026,31.0,-2.6,-0.4,0.5,10.9,60
Carlton Carrington,Washington Wizards,2025,19.0,-2.2,-4.6,-1.6,9.0,82
Carlton Carrington,Washington Wizards,2026,20.0,-3.1,-4.7,-1.6,9.9,82
Carter Bryant,San Antonio Spurs,2026,20.0,-1.8,-3.0,-0.2,9.9,71
Cason Wallace,Oklahoma City Thunder,2024,20.0,-2.2,0.1,0.9,12.0,82
Cason Wallace,Oklahoma City Thunder,2025,21.0,0.3,1.0,1.5,12.3,68
Cason Wallace,Oklahoma City Thunder,2026,22.0,1.6,1.2,1.7,12.1,77
Cedi Osman,San Antonio Spurs,2024,28.0,-1.0,-2.1,0.0,11.2,72
Cedric Coward,Memphis Grizzlies,2026,22.0,-0.3,-0.2,0.7,15.3,62
Chaney Johnson,Brooklyn Nets,2026,23.0,-1.0,0.1,0.2,16.0,17
Charles Bassey,San Antonio Spurs,2024,23.0,-1.0,1.3,0.2,17.7,19
Charles Bassey,San Antonio Spurs,2025,24.0,0.4,-1.1,0.1,19.0,36
Charles Bassey,Golden State Warriors,2026,25.0,0.1,-4.4,0.0,12.6,13
Chaz Lanier,Detroit Pistons,2026,24.0,-3.0,-5.1,-0.2,6.6,34
Chet Holmgren,Oklahoma City Thunder,2024,21.0,0.1,3.4,3.3,20.4,82
Chet Holmgren,Oklahoma City Thunder,2025,22.0,2.5,2.4,1.0,19.2,32
Chet Holmgren,Oklahoma City Thunder,2026,23.0,3.2,4.2,3.1,21.6,69
Chimezie Metu,Phoenix Suns,2024,26.0,-0.1,-1.3,0.1,13.9,51
Chris Boucher,Toronto Raptors,2024,31.0,0.7,-1.7,0.1,16.0,50
Chris Boucher,Toronto Raptors,2025,32.0,1.2,2.3,0.9,18.7,50
Chris Duarte,Sacramento Kings,2024,26.0,-1.9,-3.4,-0.2,8.4,59
Chris Duarte,Chicago Bulls,2025,27.0,-1.8,1.2,0.1,16.5,17
Chris Livingston,Milwaukee Bucks,2024,20.0,-2.3,-8.0,-0.1,6.9,21
Chris Livingston,Milwaukee Bucks,2025,21.0,-2.2,-6.1,-0.1,9.8,21
Chris Mañon,Los Angeles Lakers,2026,24.0,-1.0,0.1,0.0,11.7,9
Chris Paul,Golden State Warriors,2024,38.0,2.4,1.0,1.2,14.7,58
Chris Paul,San Antonio Spurs,2025,39.0,-0.4,0.8,1.6,14.7,82
Chris Youngblood,Portland Trail Blazers,2026,23.0,-1.8,-2.8,0.0,10.0,34
Christian Braun,Denver Nuggets,2024,22.0,-1.1,-1.9,0.0,12.1,82
Christian Braun,Denver Nuggets,2025,23.0,-1.0,0.3,1.6,16.0,79
Christian Braun,Denver Nuggets,2026,24.0,0.5,-1.2,0.3,12.6,44
Christian Koloko,Los Angeles Lakers,2025,24.0,-1.4,-2.8,-0.1,13.0,37
Christian Koloko,Atlanta Hawks,2026,25.0,-2.4,-8.4,0.0,-0.3,27
Christian Wood,Los Angeles Lakers,2024,28.0,0.6,-2.8,-0.2,12.3,50
Chucky Hepburn,Toronto Raptors,2026,22.0,-1.8,-23.8,-0.1,-13.5,2
Chuma Okeke,Orlando Magic,2024,25.0,-0.8,-3.4,-0.2,6.9,47
Clint Capela,Atlanta Hawks,2024,29.0,1.0,0.1,1.0,20.7,73
Clint Capela,Atlanta Hawks,2025,30.0,1.1,-1.0,0.3,17.7,55
Clint Capela,Houston Rockets,2026,31.0,0.8,0.4,0.6,17.9,75
Coby White,Chicago Bulls,2024,23.0,0.2,-0.7,0.9,14.5,79
Coby White,Chicago Bulls,2025,24.0,0.2,-0.9,0.7,15.5,74
Coby White,Charlotte Hornets,2026,25.0,0.1,-3.3,-0.3,14.2,50
Cody Martin,Charlotte Hornets,2024,28.0,0.1,-3.5,-0.3,9.2,28
Cody Martin,Charlotte Hornets,2025,29.0,-0.6,-1.2,0.2,11.7,53
Cody Williams,Utah Jazz,2025,20.0,-2.0,-7.3,-1.4,3.7,50
Cody Williams,Utah Jazz,2026,21.0,-3.0,-5.5,-1.5,9.6,67
Cody Zeller,New Orleans Pelicans,2024,31.0,-1.5,-2.6,0.0,12.8,43
Colby Jones,Sacramento Kings,2024,21.0,-1.9,-5.0,-0.1,8.9,30
Colby Jones,Sacramento Kings,2025,22.0,-1.7,-2.7,0.0,8.6,39
Cole Anthony,Orlando Magic,2024,23.0,-0.5,0.1,1.0,14.6,81
Cole Anthony,Orlando Magic,2025,24.0,-0.6,0.1,0.7,14.2,67
Cole Swider,Miami Heat,2024,24.0,-2.4,-4.5,-0.1,7.1,18
Cole Swider,Detroit Pistons,2025,25.0,-2.5,-20.4,-0.1,-11.0,10
Colin Castleton,Orlando Magic,2026,25.0,-3.3,-7.7,0.0,7.9,4
Collin Gillespie,Denver Nuggets,2024,24.0,-2.0,-2.7,0.0,11.0,24
Collin Gillespie,Phoenix Suns,2025,25.0,-1.7,2.5,0.5,16.8,33
Collin Gillespie,Phoenix Suns,2026,26.0,0.8,2.5,2.6,15.3,80
Collin Murray-Boyles,Toronto Raptors,2026,20.0,0.8,1.0,1.0,16.4,57
Collin Sexton,Utah Jazz,2024,25.0,-1.0,1.9,2.0,19.9,78
Collin Sexton,Utah Jazz,2025,26.0,0.5,-0.6,0.6,16.6,63
Collin Sexton,Chicago Bulls,2026,27.0,-0.2,1.2,0.7,17.7,68
Cooper Flagg,Dallas Mavericks,2026,19.0,-0.1,1.4,2.0,17.9,70
Corey Kispert,Washington Wizards,2024,24.0,-0.8,-2.1,-0.1,12.8,80
Corey Kispert,Washington Wizards,2025,25.0,-1.4,-3.7,-0.7,11.0,61
Corey Kispert,Atlanta Hawks,2026,26.0,-1.8,-1.1,0.1,14.0,58
Cormac Ryan,Milwaukee Bucks,2026,27.0,-0.2,-0.8,0.1,16.9,11
Cory Joseph,Golden State Warriors,2024,32.0,-0.6,-4.7,-0.2,6.2,26
Cory Joseph,Orlando Magic,2025,33.0,-1.4,-0.8,0.2,10.9,50
Craig Porter,Cleveland Cavaliers,2025,24.0,-0.5,1.1,0.4,13.1,51
Craig Porter,Cleveland Cavaliers,2026,25.0,-0.7,2.0,1.2,13.7,64
Cui Yongxi,Brooklyn Nets,2025,21.0,-2.2,-24.9,-0.1,-10.7,5
Curtis Jones,Denver Nuggets,2026,24.0,-2.2,-3.5,0.0,10.8,10
D'Angelo Russell,Los Angeles Lakers,2024,27.0,0.5,0.9,1.8,16.0,76
D'Angelo Russell,Los Angeles Lakers,2025,28.0,0.7,-1.7,0.1,13.0,58
D'Angelo Russell,Washington Wizards,2026,29.0,-1.3,-2.3,0.0,12.3,26
D.J. Carton,Toronto Raptors,2025,24.0,-2.2,-11.1,-0.1,-2.6,4
DaQuan Jeffries,New York Knicks,2024,26.0,-1.8,-8.1,-0.1,3.1,17
DaQuan Jeffries,Charlotte Hornets,2025,27.0,-1.5,-4.7,-0.7,7.9,47
DaRon Holmes II,Denver Nuggets,2026,23.0,-0.8,-0.5,0.1,13.4,25
Daeqwon Plowden,Sacramento Kings,2026,27.0,-1.6,-4.4,-0.5,10.7,32
Daishen Nix,Minnesota Timberwolves,2024,21.0,-2.2,-1.4,0.0,12.3,15
Daishen Nix,Minnesota Timberwolves,2025,22.0,-1.9,-16.2,0.0,-7.0,3
Dalano Banton,Boston Celtics,2024,24.0,-0.6,-4.1,-0.1,9.9,54
Dalano Banton,Portland Trail Blazers,2025,25.0,-1.3,-0.8,0.3,12.9,67
Dalano Banton,Boston Celtics,2026,26.0,-1.6,12.5,0.0,27.8,6
Dalen Terry,Chicago Bulls,2024,21.0,-0.7,-2.3,0.0,10.2,59
Dalen Terry,Chicago Bulls,2025,22.0,0.2,-3.8,-0.5,9.6,73
Dalen Terry,Philadelphia 76ers,2026,23.0,-0.7,-1.3,0.1,11.6,48
Dalton Knecht,Los Angeles Lakers,2025,23.0,-2.0,-1.8,0.1,12.7,78
Dalton Knecht,Los Angeles Lakers,2026,24.0,-1.5,-3.6,-0.2,10.2,54
Damian Jones,Cleveland Cavaliers,2024,28.0,-0.9,-0.5,0.1,15.8,39
Damian Lillard,Milwaukee Bucks,2024,33.0,4.2,2.1,2.7,19.6,73
Damian Lillard,Milwaukee Bucks,2025,34.0,2.5,4.0,3.2,21.3,58
Damion Lee,Phoenix Suns,2025,32.0,-1.7,-5.1,-0.1,11.9,25
Daniel Gafford,Washington Wizards,2024,25.0,-0.3,0.9,0.9,19.9,74
Daniel Gafford,Dallas Mavericks,2025,26.0,0.8,3.8,1.8,24.7,57
Daniel Gafford,Dallas Mavericks,2026,27.0,-0.1,0.7,0.8,18.8,55
Daniel Theis,Indiana Pacers,2024,31.0,-1.3,-20.5,0.0,-6.9,60
Daniel Theis,New Orleans Pelicans,2025,32.0,-2.1,-3.3,-0.2,12.1,38
Danilo Gallinari,Washington Wizards,2024,35.0,-2.0,-2.6,-0.1,13.4,49
Daniss Jenkins,Detroit Pistons,2025,23.0,-2.5,-15.8,-0.1,-0.1,7
Daniss Jenkins,Detroit Pistons,2026,24.0,-1.7,-0.7,0.5,13.4,72
Danny Green,Philadelphia 76ers,2024,36.0,-1.2,-6.6,0.0,0.7,2
Danny Wolf,Brooklyn Nets,2026,21.0,-1.3,-2.5,-0.2,12.3,57
Dante Exum,Dallas Mavericks,2024,28.0,-1.6,-0.6,0.4,13.7,55
Dante Exum,Dallas Mavericks,2025,29.0,0.0,-2.3,0.0,13.6,20
Danuel House Jr.,Philadelphia 76ers,2024,30.0,-1.8,-4.0,-0.3,8.5,34
Dario Saric,Golden State Warriors,2024,29.0,-0.2,1.0,0.9,15.3,64
Dario Saric,Denver Nuggets,2025,30.0,-1.0,-4.8,-0.1,7.7,16
Dariq Whitehead,Brooklyn Nets,2025,20.0,-1.4,-3.7,-0.1,9.4,20
Darius Garland,Cleveland Cavaliers,2024,24.0,2.1,-1.0,0.5,14.5,57
Darius Garland,Cleveland Cavaliers,2025,25.0,0.5,3.1,3.0,19.9,75
Darius Garland,Los Angeles Clippers,2026,26.0,1.0,-1.6,0.1,15.6,45
David Duke Jr.,San Antonio Spurs,2025,25.0,-1.2,-1.5,0.0,12.2,6
David Jones,San Antonio Spurs,2026,24.0,-1.2,6.4,0.1,20.9,11
David Roddy,Memphis Grizzlies,2024,22.0,-2.6,-5.0,-0.8,8.7,65
David Roddy,Atlanta Hawks,2025,23.0,-3.0,-1.2,0.1,11.8,33
David Roddy,Denver Nuggets,2026,24.0,-1.4,0.0,0.0,20.4,5
Davion Mitchell,Sacramento Kings,2024,25.0,-1.1,-3.4,-0.4,9.3,72
Davion Mitchell,Toronto Raptors,2025,26.0,-1.9,-4.3,-0.6,7.9,74
Davion Mitchell,Miami Heat,2026,27.0,-0.2,-0.9,0.6,12.1,70
Davis Bertans,Oklahoma City Thunder,2024,31.0,-0.5,4.0,0.1,17.3,43
Day'Ron Sharpe,Brooklyn Nets,2024,22.0,-1.0,0.0,0.5,20.0,61
Day'Ron Sharpe,Brooklyn Nets,2025,23.0,-0.3,0.9,0.7,19.7,50
Day'Ron Sharpe,Brooklyn Nets,2026,24.0,1.4,1.4,1.0,20.5,62
De'Aaron Fox,Sacramento Kings,2024,26.0,2.5,2.7,3.2,20.1,74
De'Aaron Fox,Sacramento Kings,2025,27.0,3.3,1.2,1.3,19.0,62
De'Aaron Fox,San Antonio Spurs,2026,28.0,2.1,2.2,2.4,17.6,72
De'Andre Hunter,Atlanta Hawks,2024,26.0,-1.2,-2.4,-0.2,12.7,57
De'Andre Hunter,Atlanta Hawks,2025,27.0,-0.7,-0.4,0.4,15.8,64
De'Andre Hunter,Sacramento Kings,2026,28.0,-1.5,-3.4,-0.4,12.1,45
De'Anthony Melton,Philadelphia 76ers,2024,25.0,1.0,0.5,0.7,13.4,38
De'Anthony Melton,Golden State Warriors,2025,26.0,1.0,-0.8,0.0,13.3,6
De'Anthony Melton,Golden State Warriors,2026,27.0,0.5,-2.5,-0.1,13.4,49
DeAndre Jordan,Denver Nuggets,2024,35.0,-3.0,-1.7,0.0,16.0,36
DeAndre Jordan,Denver Nuggets,2025,36.0,-3.1,-1.2,0.2,15.4,56
DeAndre Jordan,New Orleans Pelicans,2026,37.0,-1.9,-0.2,0.1,15.7,12
DeMar DeRozan,Chicago Bulls,2024,34.0,0.8,1.8,2.8,19.7,79
DeMar DeRozan,Sacramento Kings,2025,35.0,0.5,-0.1,1.3,17.7,77
DeMar DeRozan,Sacramento Kings,2026,36.0,-1.7,-0.1,1.1,17.8,77
Dean Wade,Cleveland Cavaliers,2024,27.0,-0.2,0.1,0.6,10.2,54
Dean Wade,Cleveland Cavaliers,2025,28.0,0.8,0.3,0.7,10.1,59
Dean Wade,Cleveland Cavaliers,2026,29.0,0.7,0.2,0.7,10.9,59
Deandre Ayton,Portland Trail Blazers,2024,25.0,0.6,0.3,1.0,18.9,55
Deandre Ayton,Portland Trail Blazers,2025,26.0,-0.4,-0.7,0.4,17.7,40
Deandre Ayton,Los Angeles Lakers,2026,27.0,0.2,-0.9,0.6,18.2,72
Dejounte Murray,Atlanta Hawks,2024,27.0,0.2,1.7,2.6,17.7,78
Dejounte Murray,New Orleans Pelicans,2025,28.0,0.2,-1.6,0.1,15.4,31
Dejounte Murray,New Orleans Pelicans,2026,29.0,0.4,1.4,0.3,18.1,14
Delon Wright,Washington Wizards,2024,31.0,0.7,0.5,0.3,14.1,47
Delon Wright,Milwaukee Bucks,2025,32.0,-0.2,-2.5,-0.1,7.4,40
Deni Avdija,Washington Wizards,2024,23.0,-0.9,-0.9,0.6,14.9,75
Deni Avdija,Portland Trail Blazers,2025,24.0,0.2,2.1,2.2,17.7,72
Deni Avdija,Portland Trail Blazers,2026,25.0,1.0,4.3,3.5,20.3,66
Dennis Schroder,Toronto Raptors,2024,30.0,-0.2,-1.8,0.1,13.9,80
Dennis Schroder,Brooklyn Nets,2025,31.0,-1.6,0.0,0.4,16.0,75
Dennis Schroder,Cleveland Cavaliers,2026,32.0,-2.2,-1.9,0.0,13.6,70
Dennis Smith Jr.,Brooklyn Nets,2024,26.0,-0.1,-0.8,0.3,13.4,56
Dereck Lively II,Dallas Mavericks,2024,19.0,-2.4,0.5,0.8,18.1,55
Dereck Lively II,Dallas Mavericks,2025,20.0,0.9,3.3,1.1,20.1,36
Dereck Lively II,Dallas Mavericks,2026,21.0,0.6,0.6,0.1,15.0,7
Dereon Seabron,New Orleans Pelicans,2024,23.0,-1.5,-1.5,0.0,9.2,6
Derik Queen,New Orleans Pelicans,2026,21.0,-0.5,-0.8,0.6,15.9,81
Derrick Jones Jr.,Dallas Mavericks,2024,26.0,1.3,-1.5,0.2,11.7,76
Derrick Jones Jr.,Los Angeles Clippers,2025,27.0,0.4,-0.3,0.8,13.5,77
Derrick Jones Jr.,Los Angeles Clippers,2026,28.0,1.3,-0.7,0.5,13.3,50
Derrick Rose,Memphis Grizzlies,2024,35.0,-1.9,-2.8,-0.1,13.1,24
Derrick White,Boston Celtics,2024,29.0,2.2,3.8,3.5,16.9,73
Derrick White,Boston Celtics,2025,30.0,2.4,3.5,3.6,16.6,76
Derrick White,Boston Celtics,2026,31.0,1.5,3.2,3.5,16.0,77
Desmond Bane,Memphis Grizzlies,2024,25.0,2.4,2.8,1.7,18.5,42
Desmond Bane,Memphis Grizzlies,2025,26.0,1.6,3.2,2.9,17.9,69
Desmond Bane,Orlando Magic,2026,27.0,0.7,1.4,2.3,16.9,82
Devin Booker,Phoenix Suns,2024,27.0,3.3,3.0,3.1,21.9,68
Devin Booker,Phoenix Suns,2025,28.0,3.3,0.4,1.7,19.3,75
Devin Booker,Phoenix Suns,2026,29.0,1.7,2.2,2.3,20.4,64
Devin Carter,Sacramento Kings,2026,23.0,-0.4,-2.6,-0.1,13.8,38
Devin Vassell,San Antonio Spurs,2024,23.0,-1.0,0.0,1.1,15.7,68
Devin Vassell,San Antonio Spurs,2025,24.0,-1.1,-1.1,0.4,14.2,64
Devin Vassell,San Antonio Spurs,2026,25.0,1.1,0.5,1.3,13.0,67
Devonte' Graham,San Antonio Spurs,2024,28.0,-1.6,-3.9,-0.1,9.4,23
Dillon Brooks,Houston Rockets,2024,28.0,0.0,-3.6,-0.9,9.4,72
Dillon Brooks,Houston Rockets,2025,29.0,-0.2,-1.4,0.4,11.0,75
Dillon Brooks,Phoenix Suns,2026,30.0,-0.3,-2.3,-0.1,14.1,56
Dillon Jones,Oklahoma City Thunder,2025,23.0,-2.1,-4.0,-0.3,8.1,54
Dillon Jones,New York Knicks,2026,24.0,-1.8,-2.6,0.0,10.3,7
Domantas Sabonis,Sacramento Kings,2024,27.0,0.7,6.5,6.2,23.2,82
Domantas Sabonis,Sacramento Kings,2025,28.0,1.4,5.2,4.4,22.9,70
Domantas Sabonis,Sacramento Kings,2026,29.0,-0.7,0.6,0.4,19.2,19
Dominick Barlow,San Antonio Spurs,2024,20.0,-1.8,-1.7,0.0,14.6,33
Dominick Barlow,Atlanta Hawks,2025,21.0,-1.3,-2.2,0.0,14.6,35
Dominick Barlow,Philadelphia 76ers,2026,22.0,-0.3,-1.1,0.4,13.2,71
Donovan Clingan,Portland Trail Blazers,2025,20.0,-2.3,-0.3,0.6,17.4,67
Donovan Clingan,Portland Trail Blazers,2026,21.0,1.1,3.0,2.6,20.9,77
Donovan Mitchell,Cleveland Cavaliers,2024,27.0,3.4,5.8,3.9,22.1,55
Donovan Mitchell,Cleveland Cavaliers,2025,28.0,4.7,3.7,3.2,20.9,71
Donovan Mitchell,Cleveland Cavaliers,2026,29.0,3.9,5.1,4.2,22.9,70
Donte DiVincenzo,New York Knicks,2024,27.0,0.3,3.4,3.2,16.0,81
Donte DiVincenzo,Minnesota Timberwolves,2025,28.0,0.6,1.9,1.6,14.1,62
Donte DiVincenzo,Minnesota Timberwolves,2026,29.0,1.5,0.8,1.7,12.5,82
Dorian Finney-Smith,Brooklyn Nets,2024,30.0,0.3,-2.0,0.0,10.1,68
Dorian Finney-Smith,Brooklyn Nets,2025,31.0,0.0,0.0,0.3,12.2,63
Dorian Finney-Smith,Houston Rockets,2026,32.0,-1.1,-4.3,-0.4,5.8,37
Doug McDermott,San Antonio Spurs,2024,32.0,-2.2,-2.9,-0.2,9.5,64
Doug McDermott,Sacramento Kings,2025,33.0,-2.0,-3.2,-0.1,9.5,42
Doug McDermott,Sacramento Kings,2026,34.0,-1.7,-4.4,-0.3,8.6,29
Drake Powell,Brooklyn Nets,2026,20.0,-3.3,-6.0,-1.3,7.3,63
Draymond Green,Golden State Warriors,2024,33.0,1.8,2.4,1.6,14.5,55
Draymond Green,Golden State Warriors,2025,34.0,1.8,0.5,1.3,12.4,68
Draymond Green,Golden State Warriors,2026,35.0,0.1,-1.4,0.3,10.4,68
Drew Eubanks,Phoenix Suns,2024,26.0,-0.6,-1.2,0.2,14.4,75
Drew Eubanks,Utah Jazz,2025,27.0,-1.8,0.0,0.3,15.9,61
Drew Eubanks,Sacramento Kings,2026,28.0,-1.4,-3.7,-0.2,13.6,42
Drew Peterson,Boston Celtics,2025,25.0,-1.9,-0.8,0.1,10.5,25
Drew Timme,Los Angeles Lakers,2026,25.0,-2.7,-2.2,0.0,12.6,27
Dru Smith,Miami Heat,2024,26.0,-2.1,1.4,0.1,12.8,9
Dru Smith,Miami Heat,2025,27.0,-0.8,2.1,0.3,13.3,14
Dru Smith,Miami Heat,2026,28.0,-0.6,2.2,1.2,14.5,70
Duncan Robinson,Miami Heat,2024,29.0,-0.1,-0.9,0.6,12.2,68
Duncan Robinson,Miami Heat,2025,30.0,-0.8,-1.7,0.1,11.8,74
Duncan Robinson,Detroit Pistons,2026,31.0,0.5,0.8,1.5,12.4,77
Duop Reath,Portland Trail Blazers,2025,28.0,-1.1,-0.3,0.2,13.7,46
Dwight Powell,Dallas Mavericks,2024,32.0,1.7,-0.3,0.4,14.5,63
Dwight Powell,Dallas Mavericks,2025,33.0,1.4,0.0,0.3,12.9,55
Dwight Powell,Dallas Mavericks,2026,34.0,0.6,-1.4,0.1,12.6,63
Dylan Cardwell,Sacramento Kings,2026,24.0,-0.5,-1.9,0.0,15.8,44
Dylan Harper,San Antonio Spurs,2026,19.0,1.6,1.4,1.3,16.2,69
Dylan Windler,New York Knicks,2024,27.0,-0.5,7.4,0.0,15.5,17
Dyson Daniels,New Orleans Pelicans,2024,20.0,-1.1,0.6,0.9,12.0,61
Dyson Daniels,Atlanta Hawks,2025,21.0,-0.1,1.5,2.3,15.6,76
Dyson Daniels,Atlanta Hawks,2026,22.0,0.8,1.3,2.1,15.5,76
E.J. Liddell,New Orleans Pelicans,2024,23.0,-1.4,-4.7,0.0,4.3,8
E.J. Liddell,Chicago Bulls,2025,24.0,-1.2,-4.1,0.0,11.1,12
E.J. Liddell,Brooklyn Nets,2026,25.0,-0.9,-3.3,-0.1,12.6,26
Elijah Harkless,Utah Jazz,2026,25.0,-1.6,-5.6,-0.5,9.1,26
Emanuel Miller,San Antonio Spurs,2026,25.0,-1.9,2.5,0.0,15.0,5
Emoni Bates,Cleveland Cavaliers,2024,20.0,-2.7,-9.2,-0.2,2.6,15
Emoni Bates,Cleveland Cavaliers,2025,21.0,-2.1,-1.5,0.0,9.8,10
Enrique Freeman,Indiana Pacers,2025,24.0,-1.9,-6.3,-0.2,7.4,22
Enrique Freeman,Minnesota Timberwolves,2026,25.0,-1.8,0.0,0.0,15.6,4
Eric Gordon,Phoenix Suns,2024,35.0,-1.3,-1.7,0.1,10.8,68
Eric Gordon,Philadelphia 76ers,2025,36.0,-0.9,-1.6,0.1,10.8,39
Ethan Thompson,Indiana Pacers,2026,26.0,-2.0,-4.9,-0.5,8.3,32
Eugene Omoruyi,Washington Wizards,2024,26.0,-1.4,-2.3,0.0,16.0,43
Evan Fournier,New York Knicks,2024,31.0,-1.6,-11.3,-0.1,2.2,32
Evan Mobley,Cleveland Cavaliers,2024,22.0,1.0,2.9,1.9,20.1,50
Evan Mobley,Cleveland Cavaliers,2025,23.0,0.7,4.6,3.6,22.3,71
Evan Mobley,Cleveland Cavaliers,2026,24.0,1.8,3.0,2.6,20.0,65
Filip Petrusev,Philadelphia 76ers,2024,23.0,-3.4,-4.9,0.0,4.0,3
Frank Ntilikina,Charlotte Hornets,2024,25.0,-1.1,-13.4,-0.1,0.0,5
Franz Wagner,Orlando Magic,2024,22.0,0.0,1.2,1.9,17.6,72
Franz Wagner,Orlando Magic,2025,23.0,1.6,3.1,2.6,20.1,60
Franz Wagner,Orlando Magic,2026,24.0,1.4,2.5,1.2,19.2,34
Fred VanVleet,Houston Rockets,2024,29.0,2.7,3.4,3.6,16.7,73
Fred VanVleet,Houston Rockets,2025,30.0,2.4,0.9,1.5,12.8,60
Furkan Korkmaz,Philadelphia 76ers,2024,26.0,-1.7,-2.7,-0.1,9.2,35
GG Jackson,Memphis Grizzlies,2024,19.0,-2.6,-2.0,0.0,13.7,48
GG Jackson,Memphis Grizzlies,2025,20.0,-1.6,-5.3,-0.4,9.3,29
GG Jackson,Memphis Grizzlies,2026,21.0,-0.6,-1.2,0.2,15.6,55
Gabe Vincent,Los Angeles Lakers,2024,27.0,-1.8,-6.5,-0.2,3.1,11
Gabe Vincent,Los Angeles Lakers,2025,28.0,-1.7,-4.0,-0.8,7.4,72
Gabe Vincent,Atlanta Hawks,2026,29.0,-1.9,-4.8,-0.4,5.5,53
Garrett Temple,Toronto Raptors,2024,37.0,-3.7,-4.7,-0.2,9.5,27
Garrett Temple,Toronto Raptors,2025,38.0,-2.9,-3.6,-0.1,8.5,28
Garrett Temple,Toronto Raptors,2026,39.0,-2.8,-4.9,-0.1,5.7,22
Garrison Mathews,Atlanta Hawks,2024,27.0,-0.3,-3.0,-0.2,8.9,66
Garrison Mathews,Atlanta Hawks,2025,28.0,-1.1,-1.6,0.1,11.2,47
Gary Harris,Orlando Magic,2024,29.0,0.3,-1.2,0.3,9.4,54
Gary Harris,Orlando Magic,2025,30.0,0.1,-2.7,-0.1,6.9,48
Gary Harris,Milwaukee Bucks,2026,31.0,-0.9,-2.5,-0.1,8.0,48
Gary Payton II,Golden State Warriors,2024,31.0,0.8,0.9,0.5,13.9,44
Gary Payton II,Golden State Warriors,2025,32.0,0.9,1.4,0.8,16.2,62
Gary Payton II,Golden State Warriors,2026,33.0,-0.1,1.9,1.1,18.3,73
Gary Trent Jr.,Toronto Raptors,2024,25.0,-0.6,-2.6,-0.3,12.0,71
Gary Trent Jr.,Milwaukee Bucks,2025,26.0,-0.7,-1.6,0.2,11.7,74
Gary Trent Jr.,Milwaukee Bucks,2026,27.0,-2.2,-5.4,-1.2,8.0,65
Georges Niang,Cleveland Cavaliers,2024,30.0,-0.9,-2.9,-0.4,9.9,82
Georges Niang,Cleveland Cavaliers,2025,31.0,-1.1,-1.8,0.1,11.1,79
Giannis Antetokounmpo,Milwaukee Bucks,2024,29.0,6.3,9.0,7.2,29.9,73
Giannis Antetokounmpo,Milwaukee Bucks,2025,30.0,6.1,9.5,6.6,30.5,67
Giannis Antetokounmpo,Milwaukee Bucks,2026,31.0,4.6,9.5,3.0,32.6,36
Goga Bitadze,Orlando Magic,2024,24.0,0.2,2.1,1.0,17.8,62
Goga Bitadze,Orlando Magic,2025,25.0,0.4,2.5,1.6,19.2,70
Goga Bitadze,Orlando Magic,2026,26.0,0.9,2.8,1.2,20.1,64
Gordon Hayward,Charlotte Hornets,2024,33.0,-1.2,-1.8,0.0,14.2,51
Gradey Dick,Toronto Raptors,2024,20.0,-1.8,-5.4,-1.1,8.9,60
Gradey Dick,Toronto Raptors,2025,21.0,-2.8,-3.2,-0.5,10.9,54
Gradey Dick,Toronto Raptors,2026,22.0,-2.0,-3.6,-0.4,10.7,76
Grant Williams,Dallas Mavericks,2024,25.0,-0.4,-3.4,-0.4,8.3,76
Grant Williams,Charlotte Hornets,2025,26.0,-1.4,-1.6,0.1,11.5,16
Grant Williams,Charlotte Hornets,2026,27.0,1.0,1.6,0.7,12.9,36
Grayson Allen,Phoenix Suns,2024,28.0,-0.1,1.3,2.0,13.8,75
Grayson Allen,Phoenix Suns,2025,29.0,1.0,-0.3,0.7,13.7,64
Grayson Allen,Phoenix Suns,2026,30.0,0.4,2.1,1.5,16.1,51
Greg Brown III,Dallas Mavericks,2024,22.0,-2.1,-4.4,0.0,10.5,6
Guerschon Yabusele,Philadelphia 76ers,2025,29.0,-0.8,-1.0,0.5,14.7,70
Guerschon Yabusele,Chicago Bulls,2026,30.0,-1.5,-3.7,-0.2,8.6,67
Gui Santos,Golden State Warriors,2025,22.0,-1.1,-1.7,0.1,11.7,56
Gui Santos,Golden State Warriors,2026,23.0,0.6,-0.6,0.5,14.2,68
Harrison Barnes,Sacramento Kings,2024,31.0,0.0,-1.8,0.1,11.9,82
Harrison Barnes,San Antonio Spurs,2025,32.0,-0.9,0.0,1.2,14.9,82
Harrison Barnes,San Antonio Spurs,2026,33.0,0.5,-0.1,1.0,11.8,77
Harrison Ingram,San Antonio Spurs,2025,22.0,-2.1,-1.2,0.0,10.9,5
Harrison Ingram,San Antonio Spurs,2026,23.0,-1.6,2.3,0.0,15.8,7
Harry Giles III,Brooklyn Nets,2024,25.0,-1.1,-2.8,0.0,18.5,23
Hayden Gray,Utah Jazz,2026,22.0,-2.6,-5.3,0.0,9.4,1
Haywood Highsmith,Miami Heat,2024,27.0,-0.5,-0.7,0.5,11.1,66
Haywood Highsmith,Miami Heat,2025,28.0,0.0,-1.9,0.1,9.9,74
Haywood Highsmith,Phoenix Suns,2026,29.0,-0.2,3.8,0.1,17.6,7
Herbert Jones,New Orleans Pelicans,2024,25.0,1.3,0.6,1.6,13.2,76
Herbert Jones,New Orleans Pelicans,2025,26.0,2.1,-3.6,-0.3,10.4,20
Herbert Jones,New Orleans Pelicans,2026,27.0,0.8,-3.1,-0.5,9.1,56
Hugo González,Boston Celtics,2026,19.0,-0.7,-1.5,0.1,10.2,74
Hunter Dickinson,New Orleans Pelicans,2026,25.0,-2.6,-11.4,-0.1,3.8,5
Hunter Tyson,Denver Nuggets,2025,24.0,-2.5,-4.8,-0.3,9.0,51
Immanuel Quickley,New York Knicks,2024,24.0,1.7,2.5,0.8,17.1,68
Immanuel Quickley,Toronto Raptors,2025,25.0,0.4,2.2,1.0,17.5,33
Immanuel Quickley,Toronto Raptors,2026,26.0,0.9,2.4,2.5,16.6,70
Isaac Jones,Sacramento Kings,2025,24.0,-3.0,-1.7,0.0,15.2,40
Isaac Jones,Detroit Pistons,2026,25.0,-3.6,-8.2,0.0,5.7,7
Isaac Okoro,Cleveland Cavaliers,2024,23.0,0.6,-1.1,0.4,11.4,69
Isaac Okoro,Cleveland Cavaliers,2025,24.0,0.5,-0.5,0.4,10.7,55
Isaac Okoro,Chicago Bulls,2026,25.0,-1.2,-3.8,-0.8,9.8,63
Isaiah Collier,Utah Jazz,2026,21.0,-1.8,-2.4,-0.2,14.8,59
Isaiah Crawford,Houston Rockets,2026,24.0,-1.7,-3.0,0.0,9.8,14
Isaiah Hartenstein,New York Knicks,2024,25.0,1.7,3.5,2.6,18.9,75
Isaiah Hartenstein,Oklahoma City Thunder,2025,26.0,1.9,3.2,2.1,18.9,57
Isaiah Hartenstein,Oklahoma City Thunder,2026,27.0,2.3,4.2,1.8,19.8,47
Isaiah Jackson,Indiana Pacers,2024,22.0,-1.2,1.7,0.7,21.5,59
Isaiah Jackson,Indiana Pacers,2025,23.0,0.8,0.8,0.1,18.2,5
Isaiah Jackson,Los Angeles Clippers,2026,24.0,-0.1,-2.7,-0.1,15.2,55
Isaiah Joe,Oklahoma City Thunder,2024,24.0,0.5,0.9,1.0,13.4,78
Isaiah Joe,Oklahoma City Thunder,2025,25.0,1.1,1.3,1.4,14.0,74
Isaiah Joe,Oklahoma City Thunder,2026,26.0,0.3,2.5,1.7,15.5,71
Isaiah Livers,Detroit Pistons,2024,25.0,-1.0,-6.5,-0.5,5.1,23
Isaiah Livers,Phoenix Suns,2026,27.0,-1.6,-2.5,0.0,7.6,36
Isaiah Mobley,Cleveland Cavaliers,2024,24.0,-2.1,-6.6,-0.1,8.1,10
Isaiah Stevens,Sacramento Kings,2026,25.0,-2.5,2.2,0.0,16.5,3
Isaiah Stewart,Detroit Pistons,2024,22.0,-1.0,-2.3,-0.1,11.3,46
Isaiah Stewart,Detroit Pistons,2025,23.0,-0.9,0.6,0.9,14.6,72
Isaiah Stewart,Detroit Pistons,2026,24.0,-1.8,0.0,0.7,15.2,58
Ish Smith,Charlotte Hornets,2024,35.0,-3.7,-6.8,-0.9,6.8,43
Ish Wainright,Portland Trail Blazers,2024,29.0,0.1,-0.6,0.0,10.2,11
Ivica Zubac,Los Angeles Clippers,2024,26.0,0.1,0.8,1.3,19.3,68
Ivica Zubac,Los Angeles Clippers,2025,27.0,0.8,3.1,3.4,22.3,80
Ivica Zubac,Indiana Pacers,2026,28.0,1.1,0.1,0.7,18.8,48
JD Davison,Boston Celtics,2024,21.0,-1.2,3.3,0.1,18.8,8
JD Davison,Boston Celtics,2025,22.0,0.0,-6.2,-0.1,6.5,16
JD Davison,Houston Rockets,2026,23.0,-1.0,-1.1,0.0,11.4,28
JT Thor,Charlotte Hornets,2024,21.0,-2.9,-4.5,-0.5,9.1,63
JT Thor,Cleveland Cavaliers,2025,22.0,-1.4,0.0,0.0,19.1,20
Ja Morant,Memphis Grizzlies,2024,24.0,2.0,3.1,0.4,20.6,9
Ja Morant,Memphis Grizzlies,2025,25.0,1.8,2.4,1.7,19.3,50
Ja Morant,Memphis Grizzlies,2026,26.0,0.9,-1.5,0.1,16.6,20
Ja'Kobe Walter,Toronto Raptors,2026,21.0,0.1,-0.3,0.6,11.8,72
JaVale McGee,Sacramento Kings,2024,36.0,-2.7,-1.3,0.1,19.0,46
Jabari Smith Jr.,Houston Rockets,2024,20.0,-2.7,-0.4,1.0,13.8,76
Jabari Smith Jr.,Houston Rockets,2025,21.0,-1.2,-0.7,0.6,12.6,57
Jabari Smith Jr.,Houston Rockets,2026,22.0,0.0,-0.7,0.9,13.5,77
Jabari Walker,Portland Trail Blazers,2024,21.0,-3.4,-3.3,-0.6,13.0,72
Jabari Walker,Portland Trail Blazers,2025,22.0,-3.0,-0.8,0.2,15.0,60
Jabari Walker,Philadelphia 76ers,2026,23.0,-0.7,-2.7,-0.1,12.5,64
Jacob Gilyard,Memphis Grizzlies,2024,25.0,-1.6,-1.3,0.1,11.6,41
Jacob Toppin,New York Knicks,2025,24.0,-1.2,-6.0,0.0,4.5,17
Jaden Hardy,Dallas Mavericks,2024,21.0,-0.3,-4.1,-0.5,11.2,73
Jaden Hardy,Dallas Mavericks,2025,22.0,-2.0,-4.7,-0.6,10.4,57
Jaden Hardy,Washington Wizards,2026,23.0,-1.8,-3.8,-0.2,10.6,57
Jaden Ivey,Detroit Pistons,2024,21.0,-2.2,-3.1,-0.6,12.4,77
Jaden Ivey,Detroit Pistons,2025,22.0,-2.6,0.0,0.5,14.7,30
Jaden McDaniels,Minnesota Timberwolves,2024,23.0,0.0,-2.6,-0.3,9.4,72
Jaden McDaniels,Minnesota Timberwolves,2025,24.0,0.4,0.0,1.4,13.3,82
Jaden McDaniels,Minnesota Timberwolves,2026,25.0,0.1,-0.3,1.0,14.0,73
Jaden Springer,Philadelphia 76ers,2024,21.0,-0.9,-3.4,-0.1,10.6,49
Jaden Springer,Boston Celtics,2025,22.0,-0.4,-0.3,0.1,12.1,43
Jae Crowder,Milwaukee Bucks,2024,33.0,-0.1,-2.6,-0.2,8.9,50
Jae'Sean Tate,Houston Rockets,2024,28.0,-0.9,-2.3,-0.1,9.3,65
Jae'Sean Tate,Houston Rockets,2025,29.0,0.2,-0.7,0.2,12.3,52
Jae'Sean Tate,Houston Rockets,2026,30.0,-1.6,-3.9,-0.2,10.7,46
Jahmai Mashack,Memphis Grizzlies,2026,23.0,-2.6,-7.0,-0.8,7.0,31
Jahmir Young,Miami Heat,2026,25.0,-2.9,-6.7,-0.1,8.5,14
Jaime Jaquez Jr.,Miami Heat,2024,22.0,-1.6,-1.9,0.1,12.9,75
Jaime Jaquez Jr.,Miami Heat,2025,23.0,-1.4,-0.9,0.4,14.3,66
Jaime Jaquez Jr.,Miami Heat,2026,24.0,-0.4,0.1,1.1,15.7,75
Jake LaRavia,Memphis Grizzlies,2024,22.0,-1.5,-2.5,-0.1,12.6,35
Jake LaRavia,Memphis Grizzlies,2025,23.0,-0.8,1.3,0.8,13.5,66
Jake LaRavia,Los Angeles Lakers,2026,24.0,-0.7,-1.2,0.4,11.9,82
Jakob Poeltl,Toronto Raptors,2024,28.0,2.2,0.7,0.9,18.9,50
Jakob Poeltl,Toronto Raptors,2025,29.0,2.2,2.0,1.7,20.0,57
Jakob Poeltl,Toronto Raptors,2026,30.0,2.2,1.6,1.0,18.1,46
Jalen Brunson,New York Knicks,2024,27.0,2.1,5.8,5.4,23.4,77
Jalen Brunson,New York Knicks,2025,28.0,3.5,3.3,3.1,21.6,65
Jalen Brunson,New York Knicks,2026,29.0,3.4,3.1,3.3,20.1,74
Jalen Duren,Detroit Pistons,2024,20.0,-0.8,-0.1,0.9,18.7,61
Jalen Duren,Detroit Pistons,2025,21.0,-1.6,3.1,2.7,21.4,78
Jalen Duren,Detroit Pistons,2026,22.0,1.7,5.0,3.5,26.1,70
Jalen Green,Houston Rockets,2024,21.0,-1.0,-0.5,1.0,14.7,82
Jalen Green,Houston Rockets,2025,22.0,0.1,0.5,1.7,15.1,82
Jalen Green,Phoenix Suns,2026,23.0,0.0,-1.1,0.2,14.8,32
Jalen Hood-Schifino,Los Angeles Lakers,2025,21.0,-2.4,-2.4,0.0,11.5,15
Jalen Johnson,Atlanta Hawks,2024,22.0,0.5,1.2,1.5,16.3,56
Jalen Johnson,Atlanta Hawks,2025,23.0,-0.2,1.8,1.2,17.3,36
Jalen Johnson,Atlanta Hawks,2026,24.0,0.4,4.2,4.0,20.4,72
Jalen McDaniels,Toronto Raptors,2024,26.0,-0.4,-9.0,-1.0,5.0,50
Jalen Pickett,Denver Nuggets,2024,24.0,-1.8,-3.3,0.0,9.7,27
Jalen Pickett,Denver Nuggets,2025,25.0,-1.2,-1.5,0.1,10.9,49
Jalen Pickett,Denver Nuggets,2026,26.0,-2.5,-2.3,-0.1,10.3,50
Jalen Slawson,Indiana Pacers,2026,26.0,-0.4,-0.4,0.1,12.6,13
Jalen Smith,Indiana Pacers,2024,23.0,-1.2,2.4,1.2,20.7,61
Jalen Smith,Chicago Bulls,2025,24.0,-0.6,0.9,0.7,18.7,64
Jalen Smith,Chicago Bulls,2026,25.0,1.1,-0.7,0.4,16.6,53
Jalen Suggs,Orlando Magic,2024,22.0,-0.7,1.0,1.5,14.1,75
Jalen Suggs,Orlando Magic,2025,23.0,1.3,0.4,0.6,14.4,35
Jalen Suggs,Orlando Magic,2026,24.0,1.2,2.5,1.8,15.6,57
Jalen Williams,Oklahoma City Thunder,2024,22.0,-0.2,2.3,2.4,19.1,71
Jalen Williams,Oklahoma City Thunder,2025,23.0,2.2,4.0,3.4,20.3,69
Jalen Williams,Oklahoma City Thunder,2026,24.0,1.0,2.1,1.0,19.0,33
Jalen Wilson,Brooklyn Nets,2025,24.0,-1.9,-3.9,-1.0,9.5,79
Jalen Wilson,Brooklyn Nets,2026,25.0,-2.0,-5.6,-0.8,8.7,54
Jamal Cain,Miami Heat,2024,24.0,-0.6,-2.3,0.0,11.5,26
Jamal Cain,New Orleans Pelicans,2025,25.0,-1.2,-3.4,-0.2,11.4,37
Jamal Cain,Orlando Magic,2026,26.0,-1.0,-1.4,0.1,13.0,40
Jamal Murray,Denver Nuggets,2024,26.0,2.4,4.1,2.9,20.7,59
Jamal Murray,Denver Nuggets,2025,27.0,2.0,0.8,1.7,17.8,67
Jamal Murray,Denver Nuggets,2026,28.0,2.7,4.1,4.1,21.8,75
Jamal Shead,Toronto Raptors,2025,22.0,-2.3,-4.1,-0.8,9.9,75
Jamal Shead,Toronto Raptors,2026,23.0,-0.5,-2.3,-0.1,10.5,82
Jamaree Bouyea,Phoenix Suns,2026,26.0,-1.2,-0.4,0.3,13.5,46
James Bouknight,Charlotte Hornets,2024,23.0,-3.0,2.2,0.1,15.9,14
James Harden,Philadelphia 76ers,2024,34.0,4.0,4.1,3.8,18.6,72
James Harden,Los Angeles Clippers,2025,35.0,3.2,4.3,4.4,20.0,79
James Harden,Cleveland Cavaliers,2026,36.0,2.4,3.8,2.3,21.7,70
James Johnson,Indiana Pacers,2025,37.0,-2.5,-9.7,-0.1,0.0,12
James Wiseman,Detroit Pistons,2024,22.0,-3.8,-3.5,-0.4,14.8,63
James Wiseman,Indiana Pacers,2025,23.0,-2.1,1.6,0.0,31.2,1
Jamir Watkins,Washington Wizards,2026,24.0,-0.5,-3.3,-0.3,11.8,50
Jamison Battle,Toronto Raptors,2025,23.0,-2.2,-2.3,-0.1,10.7,59
Jamison Battle,Toronto Raptors,2026,24.0,-2.5,-2.6,-0.1,10.6,61
Jarace Walker,Indiana Pacers,2024,20.0,-1.9,0.2,0.2,11.8,33
Jarace Walker,Indiana Pacers,2025,21.0,-1.2,-0.9,0.3,11.9,75
Jarace Walker,Indiana Pacers,2026,22.0,-1.7,-2.4,-0.2,11.5,76
Jared Butler,Washington Wizards,2024,23.0,-1.8,-2.1,0.0,14.1,40
Jared Butler,Washington Wizards,2025,24.0,-1.2,1.0,0.3,17.7,60
Jared McCain,Philadelphia 76ers,2025,20.0,-2.2,0.2,0.3,15.2,23
Jared McCain,Oklahoma City Thunder,2026,21.0,-1.4,-3.7,-0.3,9.4,67
Jared Rhoden,Detroit Pistons,2024,24.0,-2.6,-2.5,0.0,10.3,17
Jared Rhoden,Charlotte Hornets,2025,25.0,-1.5,-8.6,0.0,5.4,14
Jaren Jackson Jr.,Memphis Grizzlies,2024,24.0,2.4,0.4,1.3,17.4,66
Jaren Jackson Jr.,Memphis Grizzlies,2025,25.0,1.4,2.3,2.4,19.6,74
Jaren Jackson Jr.,Utah Jazz,2026,26.0,1.3,-0.8,0.4,15.4,48
Jarred Vanderbilt,Los Angeles Lakers,2024,24.0,0.1,-1.6,0.0,11.6,29
Jarred Vanderbilt,Los Angeles Lakers,2025,25.0,0.9,-1.0,0.2,13.2,36
Jarred Vanderbilt,Los Angeles Lakers,2026,26.0,0.6,-1.5,0.1,11.2,65
Jarrett Allen,Cleveland Cavaliers,2024,25.0,2.2,3.0,3.1,21.8,77
Jarrett Allen,Cleveland Cavaliers,2025,26.0,2.0,4.2,3.6,22.1,82
Jarrett Allen,Cleveland Cavaliers,2026,27.0,2.5,2.6,1.8,22.1,56
Jase Richardson,Orlando Magic,2026,20.0,-1.8,-2.5,-0.1,11.5,54
Javon Small,Memphis Grizzlies,2026,23.0,-0.4,1.0,0.6,16.1,41
Javonte Green,New Orleans Pelicans,2025,31.0,1.7,-2.2,0.0,10.8,68
Javonte Green,Detroit Pistons,2026,32.0,0.6,2.1,1.5,14.1,82
Javonte Smart,Philadelphia 76ers,2024,24.0,-2.1,-8.3,0.0,0.0,1
Jaxson Hayes,Los Angeles Lakers,2024,23.0,0.0,-1.9,0.0,14.0,70
Jaxson Hayes,Los Angeles Lakers,2025,24.0,-1.0,-0.3,0.5,15.8,56
Jaxson Hayes,Los Angeles Lakers,2026,25.0,0.1,1.2,1.0,18.3,66
Jay Huff,Denver Nuggets,2024,25.0,-0.7,1.3,0.0,18.5,20
Jay Huff,Memphis Grizzlies,2025,26.0,-1.3,3.5,1.1,18.2,64
Jay Huff,Indiana Pacers,2026,27.0,-0.1,0.4,1.1,15.2,82
Jaylen Brown,Boston Celtics,2024,27.0,2.3,0.7,1.6,18.6,70
Jaylen Brown,Boston Celtics,2025,28.0,2.7,0.0,1.1,17.8,63
Jaylen Brown,Boston Celtics,2026,29.0,1.5,3.3,3.3,22.0,71
Jaylen Clark,Minnesota Timberwolves,2025,23.0,-1.9,-0.2,0.2,12.0,40
Jaylen Clark,Minnesota Timberwolves,2026,24.0,-0.3,-2.4,-0.1,10.3,68
Jaylen Martin,Brooklyn Nets,2025,21.0,-1.2,3.4,0.0,12.8,16
Jaylen Wells,Memphis Grizzlies,2025,21.0,-2.0,-2.2,-0.1,10.5,79
Jaylen Wells,Memphis Grizzlies,2026,22.0,-0.9,-3.1,-0.5,11.5,69
Jaylin Williams,Oklahoma City Thunder,2024,21.0,-1.9,1.1,0.7,12.7,69
Jaylin Williams,Oklahoma City Thunder,2025,22.0,-0.1,4.3,1.2,16.4,47
Jaylin Williams,Oklahoma City Thunder,2026,23.0,0.1,2.7,1.5,13.8,65
Jaylon Tyson,Cleveland Cavaliers,2025,22.0,-2.4,-2.7,-0.1,11.1,47
Jaylon Tyson,Cleveland Cavaliers,2026,23.0,-1.5,0.1,0.9,14.8,66
Jayson Kent,Portland Trail Blazers,2026,23.0,-2.2,4.2,0.0,17.3,5
Jayson Tatum,Boston Celtics,2024,25.0,4.9,5.1,4.7,22.3,74
Jayson Tatum,Boston Celtics,2025,26.0,5.1,5.2,4.8,21.7,72
Jayson Tatum,Boston Celtics,2026,27.0,3.1,4.8,0.9,20.3,16
Jazian Gortman,Dallas Mavericks,2025,21.0,-3.1,-6.3,-0.1,6.5,16
Jeff Dowtin,Philadelphia 76ers,2025,27.0,-0.7,0.2,0.3,16.1,41
Jeff Green,Houston Rockets,2024,37.0,-3.8,-2.1,0.0,11.3,78
Jeff Green,Houston Rockets,2025,38.0,-3.7,0.4,0.2,13.6,32
Jeff Green,Houston Rockets,2026,39.0,-4.8,-5.6,-0.2,8.5,30
Jerami Grant,Portland Trail Blazers,2024,29.0,-0.3,-0.1,0.9,15.4,54
Jerami Grant,Portland Trail Blazers,2025,30.0,-1.9,-1.6,0.1,10.9,47
Jerami Grant,Portland Trail Blazers,2026,31.0,-0.6,0.0,0.9,15.4,57
Jeremiah Fears,New Orleans Pelicans,2026,19.0,-0.9,-2.7,-0.4,13.8,82
Jeremiah Robinson-Earl,New Orleans Pelicans,2025,24.0,-1.1,-2.5,-0.2,12.9,66
Jeremy Sochan,San Antonio Spurs,2024,20.0,-2.8,-3.4,-0.8,11.4,74
Jeremy Sochan,San Antonio Spurs,2025,21.0,-2.0,-1.2,0.3,15.9,54
Jeremy Sochan,New York Knicks,2026,22.0,-0.6,-3.0,-0.1,9.7,44
Jericho Sims,New York Knicks,2024,25.0,-1.9,-1.8,0.0,10.9,45
Jericho Sims,New York Knicks,2025,26.0,-1.3,-3.5,-0.2,9.9,53
Jericho Sims,Milwaukee Bucks,2026,27.0,-1.9,-3.1,-0.4,12.9,67
Jermaine Samuels Jr.,Houston Rockets,2024,25.0,-1.7,0.8,0.0,15.1,14
Jerome Robinson,Golden State Warriors,2024,26.0,-2.5,-8.3,-0.1,5.7,22
Jett Howard,Orlando Magic,2024,20.0,-1.9,-1.8,0.0,8.6,18
Jett Howard,Orlando Magic,2025,21.0,-1.3,-5.3,-0.6,7.1,60
Jett Howard,Orlando Magic,2026,22.0,-2.3,-1.8,0.0,11.2,55
Jevon Carter,Chicago Bulls,2024,28.0,0.2,-4.0,-0.5,8.5,72
Jevon Carter,Chicago Bulls,2025,29.0,-0.3,-2.1,0.0,12.2,36
Jevon Carter,Orlando Magic,2026,30.0,-0.9,-1.0,0.1,12.3,53
Jimmy Butler,Miami Heat,2024,34.0,3.6,4.6,3.4,22.0,60
Jimmy Butler,Miami Heat,2025,35.0,3.4,4.8,1.3,22.8,55
Jimmy Butler,Golden State Warriors,2026,36.0,1.7,5.5,2.3,23.5,38
Joan Beringer,Minnesota Timberwolves,2026,19.0,0.3,0.4,0.2,21.3,40
Jock Landale,Houston Rockets,2024,28.0,-0.6,-0.1,0.4,15.6,56
Jock Landale,Houston Rockets,2025,29.0,0.7,0.4,0.3,16.0,42
Jock Landale,Atlanta Hawks,2026,30.0,-0.7,-0.2,0.5,16.8,68
Joe Harris,Detroit Pistons,2024,32.0,-0.8,-5.9,-0.2,4.6,16
Joe Ingles,Orlando Magic,2024,36.0,-0.8,-0.5,0.5,10.6,68
Joe Ingles,Minnesota Timberwolves,2025,37.0,-2.0,-7.0,-0.1,2.4,19
Joe Ingles,Minnesota Timberwolves,2026,38.0,-3.1,0.2,0.1,13.0,27
Joel Embiid,Philadelphia 76ers,2024,29.0,6.1,11.6,4.5,34.1,39
Joel Embiid,Philadelphia 76ers,2025,30.0,6.0,3.5,0.8,23.4,19
Joel Embiid,Philadelphia 76ers,2026,31.0,2.4,4.9,2.1,24.7,38
John Collins,Utah Jazz,2024,26.0,0.1,-0.9,0.5,17.5,68
John Collins,Utah Jazz,2025,27.0,-1.0,1.0,0.9,19.0,40
John Collins,Los Angeles Clippers,2026,28.0,0.3,-0.5,0.7,16.3,69
John Konchar,Memphis Grizzlies,2024,27.0,-0.3,-0.4,0.5,11.4,55
John Konchar,Memphis Grizzlies,2025,28.0,0.4,1.7,0.5,12.1,46
John Konchar,Utah Jazz,2026,29.0,-0.3,2.3,0.5,12.9,56
John Poulakidas,Dallas Mavericks,2026,22.0,-1.5,-2.2,0.0,12.0,13
John Tonje,Boston Celtics,2026,24.0,-2.2,-5.1,0.0,9.1,6
Johni Broome,Philadelphia 76ers,2026,23.0,-2.8,-16.2,-0.2,0.4,11
Johnny Davis,Washington Wizards,2024,21.0,-3.0,-6.6,-0.7,6.2,50
Johnny Davis,Washington Wizards,2025,22.0,-2.1,-2.8,0.0,10.2,34
Johnny Furphy,Indiana Pacers,2025,20.0,-2.5,-2.5,0.0,9.8,50
Johnny Furphy,Indiana Pacers,2026,21.0,-0.7,-3.7,-0.3,9.2,35
Johnny Juzang,Utah Jazz,2024,22.0,-3.4,-3.7,-0.2,9.6,20
Johnny Juzang,Utah Jazz,2025,23.0,-2.2,-2.3,-0.1,11.8,64
Jonas Valanciunas,New Orleans Pelicans,2024,31.0,-0.4,1.2,1.6,19.8,82
Jonas Valanciunas,Washington Wizards,2025,32.0,-0.8,0.4,0.6,20.6,81
Jonas Valanciunas,Denver Nuggets,2026,33.0,-1.7,0.0,0.4,22.0,65
Jonathan Isaac,Orlando Magic,2024,26.0,0.9,3.8,1.4,19.2,58
Jonathan Isaac,Orlando Magic,2025,27.0,3.0,0.7,0.7,16.6,71
Jonathan Isaac,Orlando Magic,2026,28.0,0.7,-1.6,0.1,11.5,52
Jonathan Kuminga,Golden State Warriors,2024,21.0,0.0,-0.4,0.8,17.0,74
Jonathan Kuminga,Golden State Warriors,2025,22.0,-0.2,-0.6,0.4,15.7,47
Jonathan Kuminga,Atlanta Hawks,2026,23.0,-1.2,-3.6,-0.2,12.5,36
Jonathan Mogbo,Toronto Raptors,2025,23.0,-2.4,-1.9,0.0,11.9,63
Jonathan Mogbo,Toronto Raptors,2026,24.0,-1.1,-0.7,0.1,12.8,40
Jordan Clarkson,Utah Jazz,2024,31.0,0.3,-4.5,-1.1,12.7,55
Jordan Clarkson,Utah Jazz,2025,32.0,-2.3,-1.5,0.1,14.5,37
Jordan Clarkson,New York Knicks,2026,33.0,-1.7,-3.3,-0.4,11.6,72
Jordan Ford,Sacramento Kings,2024,25.0,-2.2,2.2,0.0,16.8,6
Jordan Goodwin,Phoenix Suns,2024,25.0,-0.8,-0.9,0.2,12.5,57
Jordan Goodwin,Phoenix Suns,2026,27.0,0.6,1.8,1.5,14.7,70
Jordan Hawkins,New Orleans Pelicans,2024,21.0,-2.4,-3.1,-0.3,10.2,67
Jordan Hawkins,New Orleans Pelicans,2025,22.0,-2.2,-5.4,-1.2,9.6,56
Jordan Hawkins,New Orleans Pelicans,2026,23.0,-3.7,-6.2,-0.7,7.6,51
Jordan McLaughlin,Minnesota Timberwolves,2024,27.0,0.0,4.2,1.0,15.5,56
Jordan McLaughlin,Sacramento Kings,2025,28.0,0.5,-3.5,-0.1,9.4,46
Jordan McLaughlin,San Antonio Spurs,2026,29.0,-1.6,0.6,0.2,12.0,44
Jordan Miller,Los Angeles Clippers,2024,24.0,-1.9,-3.8,0.0,14.1,8
Jordan Miller,Los Angeles Clippers,2025,25.0,-1.9,-2.8,-0.1,10.5,37
Jordan Miller,Los Angeles Clippers,2026,26.0,-0.1,0.2,0.8,15.9,60
Jordan Nwora,Indiana Pacers,2024,25.0,-2.8,-4.0,-0.1,12.2,52
Jordan Poole,Washington Wizards,2024,24.0,-1.0,-3.9,-1.2,12.1,78
Jordan Poole,Washington Wizards,2025,25.0,-2.0,0.4,1.2,16.6,68
Jordan Poole,New Orleans Pelicans,2026,26.0,-1.9,-3.5,-0.4,11.5,39
Jordan Walsh,Boston Celtics,2024,19.0,-2.3,-3.8,0.0,8.4,9
Jordan Walsh,Boston Celtics,2025,20.0,-1.4,-3.9,-0.2,6.9,52
Jordan Walsh,Boston Celtics,2026,21.0,0.6,0.2,0.7,13.1,68
Jose Alvarado,New Orleans Pelicans,2024,25.0,-0.3,-0.1,0.5,12.5,56
Jose Alvarado,New Orleans Pelicans,2025,26.0,0.8,-1.4,0.2,13.4,56
Jose Alvarado,New York Knicks,2026,27.0,0.3,-2.0,0.0,11.1,69
Josh Christopher,Miami Heat,2025,23.0,-1.0,-7.9,-0.1,9.4,14
Josh Giddey,Oklahoma City Thunder,2024,21.0,-1.0,1.5,1.8,16.6,80
Josh Giddey,Chicago Bulls,2025,22.0,0.2,3.0,2.7,18.1,70
Josh Giddey,Chicago Bulls,2026,23.0,0.1,2.7,2.0,18.0,54
Josh Green,Dallas Mavericks,2024,23.0,-0.9,-2.7,-0.3,9.9,57
Josh Green,Charlotte Hornets,2025,24.0,-0.2,-4.3,-1.1,7.8,68
Josh Green,Charlotte Hornets,2026,25.0,0.2,-0.7,0.3,9.7,58
Josh Hart,New York Knicks,2024,28.0,1.3,0.0,1.4,11.8,81
Josh Hart,New York Knicks,2025,29.0,0.6,2.8,3.6,16.5,77
Josh Hart,New York Knicks,2026,30.0,0.5,3.0,2.5,15.7,66
Josh Minott,Minnesota Timberwolves,2024,21.0,-1.3,5.1,0.2,20.4,32
Josh Minott,Minnesota Timberwolves,2025,22.0,-0.7,2.2,0.3,15.5,46
Josh Minott,Brooklyn Nets,2026,23.0,1.2,2.2,0.6,15.6,49
Josh Oduro,New Orleans Pelicans,2026,25.0,-2.9,-7.7,-0.1,11.8,3
Josh Okogie,Phoenix Suns,2024,25.0,1.4,-0.5,0.4,12.0,60
Josh Okogie,Phoenix Suns,2025,26.0,0.5,0.4,0.2,15.8,40
Josh Okogie,Houston Rockets,2026,27.0,0.0,-1.2,0.3,9.9,78
Josh Richardson,Miami Heat,2024,30.0,-0.2,-1.3,0.2,11.4,43
Josh Richardson,Miami Heat,2025,31.0,-2.7,-6.7,-0.2,4.4,8
Joshua Primo,Los Angeles Clippers,2024,21.0,-2.9,-25.0,-0.1,-12.8,2
Jrue Holiday,Boston Celtics,2024,33.0,4.2,2.1,2.4,14.4,69
Jrue Holiday,Boston Celtics,2025,34.0,1.6,0.7,1.3,13.5,62
Jrue Holiday,Portland Trail Blazers,2026,35.0,0.3,1.9,1.6,16.4,53
Julian Champagnie,San Antonio Spurs,2024,22.0,-2.4,-1.9,0.0,10.6,74
Julian Champagnie,San Antonio Spurs,2025,23.0,0.0,-1.3,0.4,12.2,82
Julian Champagnie,San Antonio Spurs,2026,24.0,1.8,1.4,1.9,13.1,82
Julian Phillips,Chicago Bulls,2024,20.0,-2.1,-5.3,-0.3,7.0,40
Julian Phillips,Chicago Bulls,2025,21.0,-2.0,-3.0,-0.3,10.2,79
Julian Phillips,Minnesota Timberwolves,2026,22.0,-1.0,-2.9,-0.1,9.3,48
Julian Reese,Washington Wizards,2026,22.0,-2.5,-5.1,-0.3,14.4,13
Julian Strawther,Denver Nuggets,2024,21.0,-2.2,-6.0,-0.6,8.2,50
Julian Strawther,Denver Nuggets,2025,22.0,-2.8,-4.5,-0.9,9.5,65
Julian Strawther,Denver Nuggets,2026,23.0,-1.5,-2.3,-0.1,12.5,57
Julius Randle,New York Knicks,2024,29.0,0.6,1.9,1.6,18.9,46
Julius Randle,Minnesota Timberwolves,2025,30.0,1.3,1.3,1.8,17.5,69
Julius Randle,Minnesota Timberwolves,2026,31.0,-0.6,1.5,2.3,18.4,79
Justin Champagnie,Washington Wizards,2025,23.0,-0.8,-0.5,0.5,15.7,62
Justin Champagnie,Washington Wizards,2026,24.0,0.7,-0.4,0.6,17.3,69
Justin Edwards,Philadelphia 76ers,2025,21.0,-2.4,-3.7,-0.5,11.3,44
Justin Edwards,Philadelphia 76ers,2026,22.0,-1.2,-1.3,0.2,12.1,64
Justin Holiday,Denver Nuggets,2024,34.0,-2.8,-1.6,0.1,9.7,58
Justin Minaya,Portland Trail Blazers,2024,24.0,-2.6,-5.6,-0.3,5.8,34
Justin Minaya,Portland Trail Blazers,2025,25.0,-1.3,-5.4,-0.1,5.0,19
Jusuf Nurkic,Phoenix Suns,2024,29.0,1.6,1.1,1.6,17.4,76
Jusuf Nurkic,Phoenix Suns,2025,30.0,2.6,-3.4,-0.2,12.6,51
Jusuf Nurkic,Utah Jazz,2026,31.0,-0.6,1.1,0.9,16.4,41
KJ Simpson,Charlotte Hornets,2025,22.0,-3.1,-5.4,-0.7,8.3,36
KJ Simpson,Denver Nuggets,2026,23.0,-2.0,-5.3,-0.2,7.8,20
Kai Jones,Los Angeles Clippers,2025,24.0,-1.5,0.6,0.1,14.5,40
Kaiser Gates,New Orleans Pelicans,2024,27.0,-1.7,-28.8,-0.1,-19.9,1
Kam Jones,Indiana Pacers,2026,23.0,-2.0,-6.2,-0.6,8.2,37
Karl-Anthony Towns,Minnesota Timberwolves,2024,28.0,3.0,2.5,2.3,18.8,62
Karl-Anthony Towns,New York Knicks,2025,29.0,2.0,3.6,3.5,23.4,72
Karl-Anthony Towns,New York Knicks,2026,30.0,3.6,3.3,3.1,22.0,75
Karlo Matkovic,New Orleans Pelicans,2025,23.0,-3.5,-2.0,0.0,15.6,42
Karlo Matkovic,New Orleans Pelicans,2026,24.0,-0.9,0.7,0.6,16.5,62
Kasparas Jakučionis,Miami Heat,2026,19.0,0.2,-0.4,0.4,11.9,53
Kawhi Leonard,Los Angeles Clippers,2024,32.0,4.8,5.5,4.4,23.2,68
Kawhi Leonard,Los Angeles Clippers,2025,33.0,5.3,3.1,1.5,20.5,37
Kawhi Leonard,Los Angeles Clippers,2026,34.0,5.9,8.0,5.3,27.9,65
Keaton Wallace,Atlanta Hawks,2025,25.0,-2.3,-2.3,0.0,10.1,31
Keaton Wallace,Atlanta Hawks,2026,26.0,-2.3,-2.7,-0.1,10.4,53
Keegan Murray,Sacramento Kings,2024,23.0,-1.0,-0.9,0.8,13.3,77
Keegan Murray,Sacramento Kings,2025,24.0,0.6,-1.6,0.2,12.0,76
Keegan Murray,Sacramento Kings,2026,25.0,-0.2,-3.1,-0.2,11.7,23
Keita Bates-Diop,Phoenix Suns,2024,28.0,0.3,-1.2,0.1,11.3,53
Kel'el Ware,Miami Heat,2025,20.0,-2.2,-0.1,0.7,17.4,64
Kel'el Ware,Miami Heat,2026,21.0,0.0,2.1,1.8,20.0,77
Keldon Johnson,San Antonio Spurs,2024,24.0,-0.9,-1.7,0.2,14.2,69
Keldon Johnson,San Antonio Spurs,2025,25.0,-1.5,-1.6,0.2,15.6,77
Keldon Johnson,San Antonio Spurs,2026,26.0,-0.2,0.9,1.4,17.3,82
Kelly Olynyk,Utah Jazz,2024,32.0,0.5,2.6,1.2,17.3,78
Kelly Olynyk,Toronto Raptors,2025,33.0,-1.1,0.2,0.2,14.9,44
Kelly Olynyk,San Antonio Spurs,2026,34.0,-2.1,-0.1,0.2,13.5,42
Kelly Oubre Jr.,Philadelphia 76ers,2024,28.0,-0.7,-2.3,-0.1,13.5,68
Kelly Oubre Jr.,Philadelphia 76ers,2025,29.0,0.0,-2.3,-0.1,13.5,60
Kelly Oubre Jr.,Philadelphia 76ers,2026,30.0,-0.2,-1.4,0.2,13.0,50
Kendall Brown,Indiana Pacers,2024,20.0,-1.1,-6.8,-0.1,7.6,15
Kenneth Lofton Jr.,Memphis Grizzlies,2024,21.0,-1.1,-4.5,-0.1,8.4,21
Kenrich Williams,Oklahoma City Thunder,2024,29.0,0.8,-0.8,0.3,11.9,69
Kenrich Williams,Oklahoma City Thunder,2025,30.0,0.6,0.6,0.7,13.7,69
Kenrich Williams,Oklahoma City Thunder,2026,31.0,-0.1,0.2,0.5,14.2,56
Kentavious Caldwell-Pope,Denver Nuggets,2024,30.0,1.7,-1.4,0.4,10.7,76
Kentavious Caldwell-Pope,Orlando Magic,2025,31.0,1.6,-1.4,0.3,9.9,77
Kentavious Caldwell-Pope,Memphis Grizzlies,2026,32.0,-1.1,-2.5,-0.1,11.0,51
Kenyon Martin Jr.,Los Angeles Clippers,2024,23.0,-1.5,-6.1,0.0,6.9,60
Kenyon Martin Jr.,Philadelphia 76ers,2025,24.0,-1.3,-1.7,0.0,12.3,43
Keon Ellis,Sacramento Kings,2024,24.0,-1.3,1.2,0.8,12.0,57
Keon Ellis,Sacramento Kings,2025,25.0,0.8,1.9,1.9,13.5,80
Keon Ellis,Cleveland Cavaliers,2026,26.0,0.7,-1.9,0.0,9.1,72
Keon Johnson,Brooklyn Nets,2025,22.0,-2.0,-3.3,-0.6,10.4,79
Keshad Johnson,Miami Heat,2026,24.0,-0.4,-1.3,0.1,15.2,32
Keshon Gilbert,Atlanta Hawks,2026,22.0,-1.2,-6.6,-0.1,4.5,4
Kessler Edwards,Sacramento Kings,2024,23.0,-1.2,-1.5,0.0,10.3,54
Kessler Edwards,Dallas Mavericks,2025,24.0,-1.4,-1.4,0.1,11.3,40
Kevin Durant,Phoenix Suns,2024,35.0,4.8,4.0,4.3,21.2,75
Kevin Durant,Phoenix Suns,2025,36.0,4.7,3.2,3.0,21.2,62
Kevin Durant,Houston Rockets,2026,37.0,3.1,4.5,4.7,21.1,78
Kevin Huerter,Sacramento Kings,2024,25.0,0.2,-0.8,0.5,12.4,64
Kevin Huerter,Sacramento Kings,2025,26.0,0.5,-2.3,-0.1,10.6,69
Kevin Huerter,Detroit Pistons,2026,27.0,-0.3,-1.0,0.3,13.2,69
Kevin Love,Miami Heat,2024,35.0,-0.9,3.6,1.3,18.5,55
Kevin Love,Miami Heat,2025,36.0,0.1,0.4,0.2,16.2,23
Kevin Love,Utah Jazz,2026,37.0,-1.9,0.2,0.3,14.7,37
Kevin McCullar Jr.,New York Knicks,2026,24.0,-1.8,-2.8,0.0,9.9,21
Kevin Porter Jr.,Los Angeles Clippers,2025,24.0,0.8,-2.5,-0.1,12.1,75
Kevin Porter Jr.,Milwaukee Bucks,2026,25.0,0.4,2.1,1.3,18.7,38
Kevon Harris,Orlando Magic,2024,26.0,-0.9,-15.8,0.0,11.1,2
Kevon Looney,Golden State Warriors,2024,27.0,2.4,0.6,0.8,15.1,74
Kevon Looney,Golden State Warriors,2025,28.0,1.7,0.3,0.7,17.0,76
Kevon Looney,New Orleans Pelicans,2026,29.0,-0.3,-1.8,0.0,13.6,21
Keyonte George,Utah Jazz,2024,20.0,-2.0,-4.4,-1.2,10.4,75
Keyonte George,Utah Jazz,2025,21.0,-3.5,-2.7,-0.3,12.9,67
Keyonte George,Utah Jazz,2026,22.0,-1.1,0.9,1.3,18.5,54
Khaman Maluach,Phoenix Suns,2026,19.0,-0.9,-3.7,-0.2,14.0,46
Khris Middleton,Milwaukee Bucks,2024,32.0,1.7,1.1,1.2,17.0,55
Khris Middleton,Milwaukee Bucks,2025,33.0,1.3,2.2,0.6,17.8,37
Khris Middleton,Dallas Mavericks,2026,34.0,-1.6,-4.0,-0.4,11.5,63
Killian Hayes,Detroit Pistons,2024,22.0,-2.4,-2.7,-0.2,10.5,42
Killian Hayes,Sacramento Kings,2026,24.0,-1.6,-6.0,-0.4,8.8,23
Kira Lewis Jr.,New Orleans Pelicans,2024,22.0,-0.8,-7.5,-0.2,5.7,28
Klay Thompson,Golden State Warriors,2024,33.0,0.4,-0.4,0.9,13.9,77
Klay Thompson,Dallas Mavericks,2025,34.0,-0.7,-1.0,0.5,12.9,72
Klay Thompson,Dallas Mavericks,2026,35.0,-1.3,-1.4,0.2,11.4,69
Kobe Brown,Los Angeles Clippers,2024,24.0,-1.9,-3.8,-0.2,7.6,44
Kobe Brown,Los Angeles Clippers,2025,25.0,-2.0,-2.1,0.0,10.8,40
Kobe Brown,Indiana Pacers,2026,26.0,-0.9,-2.3,0.0,11.2,61
Kobe Bufkin,Atlanta Hawks,2024,20.0,-2.3,-4.5,-0.1,9.1,17
Kobe Bufkin,Atlanta Hawks,2025,21.0,-2.2,-4.0,-0.1,10.5,10
Kobe Sanders,Los Angeles Clippers,2026,23.0,-1.1,-2.9,-0.3,10.0,68
Koby Brea,Phoenix Suns,2026,23.0,-2.4,0.2,0.0,13.6,12
Kon Knueppel,Charlotte Hornets,2026,20.0,0.0,2.8,3.1,17.1,81
Kris Dunn,Utah Jazz,2024,29.0,-1.2,-0.1,0.6,12.8,66
Kris Dunn,Los Angeles Clippers,2025,30.0,-0.5,0.6,1.2,11.3,74
Kris Dunn,Los Angeles Clippers,2026,31.0,0.3,-0.8,0.6,11.3,82
Kris Murray,Portland Trail Blazers,2024,23.0,-1.7,-3.6,-0.6,9.0,62
Kris Murray,Portland Trail Blazers,2025,24.0,-0.7,-3.0,-0.3,9.1,69
Kris Murray,Portland Trail Blazers,2026,25.0,0.5,-1.5,0.2,9.6,57
Kristaps Porzingis,Boston Celtics,2024,28.0,3.0,5.1,3.0,23.2,57
Kristaps Porzingis,Boston Celtics,2025,29.0,3.2,4.7,2.1,22.3,42
Kristaps Porzingis,Golden State Warriors,2026,30.0,1.2,3.7,0.6,20.6,32
Kyle Anderson,Minnesota Timberwolves,2024,30.0,0.9,1.1,1.4,12.7,79
Kyle Anderson,Golden State Warriors,2025,31.0,-0.3,2.3,0.6,14.8,61
Kyle Anderson,Minnesota Timberwolves,2026,32.0,-1.3,-0.3,0.2,14.2,43
Kyle Filipowski,Utah Jazz,2025,21.0,-2.6,-1.0,0.4,14.9,72
Kyle Filipowski,Utah Jazz,2026,22.0,0.5,-1.1,0.4,16.0,77
Kyle Kuzma,Washington Wizards,2024,28.0,-0.8,-1.1,0.5,15.7,70
Kyle Kuzma,Washington Wizards,2025,29.0,-2.2,-5.2,-0.7,10.6,65
Kyle Kuzma,Milwaukee Bucks,2026,30.0,-2.9,-2.3,-0.1,14.1,69
Kyle Lowry,Miami Heat,2024,37.0,0.4,-0.8,0.3,10.9,60
Kyle Lowry,Philadelphia 76ers,2025,38.0,-1.1,-1.3,0.1,9.8,35
Kyle Lowry,Philadelphia 76ers,2026,39.0,-3.6,-10.4,-0.3,1.4,14
Kyrie Irving,Dallas Mavericks,2024,31.0,3.7,4.9,3.6,21.9,58
Kyrie Irving,Dallas Mavericks,2025,32.0,3.5,3.4,2.5,19.9,50
Kyshawn George,Washington Wizards,2025,21.0,-2.0,-4.1,-0.9,8.8,68
Kyshawn George,Washington Wizards,2026,22.0,-1.0,-1.2,0.3,13.8,48
LJ Cryer,Golden State Warriors,2026,24.0,-2.0,-4.7,-0.2,9.9,18
LaMelo Ball,Charlotte Hornets,2024,22.0,1.3,3.3,1.0,20.8,22
LaMelo Ball,Charlotte Hornets,2025,23.0,1.8,3.2,2.0,19.1,47
LaMelo Ball,Charlotte Hornets,2026,24.0,2.7,4.7,3.4,19.7,72
Lachlan Olbrich,Chicago Bulls,2026,22.0,-1.3,-3.4,-0.1,12.0,37
Lamar Stevens,Boston Celtics,2024,26.0,-2.0,-2.0,0.0,14.5,38
Landry Shamet,Washington Wizards,2024,26.0,-1.2,-4.0,-0.4,10.5,46
Landry Shamet,New York Knicks,2026,28.0,0.5,-0.3,0.5,11.2,51
Larry Nance Jr.,New Orleans Pelicans,2024,31.0,2.4,2.0,1.2,14.9,61
Larry Nance Jr.,Atlanta Hawks,2025,32.0,1.1,1.8,0.4,16.0,24
Larry Nance Jr.,Cleveland Cavaliers,2026,33.0,-1.9,-3.4,-0.2,9.5,35
Lauri Markkanen,Utah Jazz,2024,26.0,1.9,3.6,2.6,21.5,55
Lauri Markkanen,Utah Jazz,2025,27.0,1.9,-0.3,0.7,15.6,47
Lauri Markkanen,Utah Jazz,2026,28.0,1.5,2.6,1.6,21.1,42
LeBron James,Los Angeles Lakers,2024,39.0,4.0,6.5,5.4,23.7,71
LeBron James,Los Angeles Lakers,2025,40.0,4.5,5.6,4.7,22.7,70
LeBron James,Los Angeles Lakers,2026,41.0,1.2,3.5,2.8,20.8,60
Leaky Black,Charlotte Hornets,2024,24.0,-2.8,-2.4,0.0,11.5,26
Leaky Black,Washington Wizards,2026,26.0,-2.8,-5.3,-0.4,7.8,15
Leonard Miller,Minnesota Timberwolves,2024,20.0,-2.9,9.6,0.2,27.0,17
Leonard Miller,Minnesota Timberwolves,2025,21.0,-1.0,-3.7,0.0,19.9,13
Leonard Miller,Chicago Bulls,2026,22.0,-0.7,-5.8,-0.1,12.2,46
Lester Quinones,Golden State Warriors,2024,23.0,-1.7,-3.3,-0.1,10.3,37
Lester Quinones,Philadelphia 76ers,2025,24.0,-1.9,-10.5,0.0,8.2,13
Liam McNeeley,Charlotte Hornets,2026,20.0,-1.6,-1.3,0.1,10.6,31
Lindell Wigginton,Milwaukee Bucks,2024,25.0,-2.0,-23.9,0.0,5.6,3
Lindy Waters III,Oklahoma City Thunder,2024,26.0,0.4,1.9,0.3,15.3,38
Lindy Waters III,Golden State Warriors,2025,27.0,-0.2,-3.1,-0.2,8.4,52
Lindy Waters III,San Antonio Spurs,2026,28.0,-2.0,-3.2,-0.1,7.5,40
Lonnie Walker IV,Brooklyn Nets,2024,25.0,-1.9,-1.4,0.2,13.1,58
Lonzo Ball,Chicago Bulls,2025,27.0,1.3,0.2,0.4,12.2,35
Luguentz Dort,Oklahoma City Thunder,2024,24.0,-0.7,-1.6,0.2,11.1,79
Luguentz Dort,Oklahoma City Thunder,2025,25.0,0.4,0.2,1.2,11.3,71
Luguentz Dort,Oklahoma City Thunder,2026,26.0,-0.5,-2.0,0.0,8.3,69
Luka Doncic,Dallas Mavericks,2024,24.0,3.7,9.9,8.0,28.1,70
Luka Doncic,Dallas Mavericks,2025,25.0,4.9,6.9,1.8,24.2,50
Luka Doncic,Los Angeles Lakers,2026,26.0,4.4,9.3,6.6,27.9,64
Luka Garza,Minnesota Timberwolves,2024,25.0,-0.3,-2.1,0.0,21.8,25
Luka Garza,Minnesota Timberwolves,2025,26.0,-0.6,-2.3,0.0,18.8,39
Luka Garza,Boston Celtics,2026,27.0,0.8,2.4,1.2,19.9,69
Luka Samanic,Utah Jazz,2024,24.0,-1.3,-7.8,-0.6,8.9,43
Luke Kennard,Memphis Grizzlies,2024,27.0,0.2,-0.3,0.4,13.1,39
Luke Kennard,Memphis Grizzlies,2025,28.0,-0.5,1.1,1.2,13.6,65
Luke Kennard,Los Angeles Lakers,2026,29.0,-0.5,0.5,0.6,13.5,78
Luke Kornet,Boston Celtics,2024,28.0,0.2,3.4,1.3,19.8,63
Luke Kornet,Boston Celtics,2025,29.0,0.8,3.3,1.8,19.6,73
Luke Kornet,San Antonio Spurs,2026,30.0,0.4,3.6,2.0,17.9,68
Mac McClung,Orlando Magic,2025,26.0,-1.4,-11.0,0.0,-0.3,2
Mac McClung,Chicago Bulls,2026,27.0,-1.7,0.5,0.0,12.8,11
Malachi Flynn,Toronto Raptors,2024,25.0,-2.4,-2.7,-0.1,10.1,69
Malachi Smith,Brooklyn Nets,2026,26.0,-1.0,-0.8,0.1,13.7,15
Malaki Branham,San Antonio Spurs,2024,20.0,-2.2,-5.6,-1.5,8.7,75
Malaki Branham,San Antonio Spurs,2025,21.0,-3.5,-3.2,-0.1,12.0,47
Malcolm Brogdon,Portland Trail Blazers,2024,31.0,-0.1,2.0,1.1,17.0,39
Malcolm Brogdon,Washington Wizards,2025,32.0,-0.8,-1.5,0.1,15.8,24
Malcolm Cazalon,Detroit Pistons,2024,22.0,-1.9,-9.1,0.0,0.0,1
Malevy Leons,Golden State Warriors,2026,26.0,-1.9,-2.8,-0.1,12.2,25
Malik Beasley,Milwaukee Bucks,2024,27.0,-2.1,-1.8,0.1,10.3,79
Malik Beasley,Detroit Pistons,2025,28.0,0.0,0.8,1.6,14.4,82
Malik Monk,Sacramento Kings,2024,25.0,-0.4,0.6,1.2,16.0,72
Malik Monk,Sacramento Kings,2025,26.0,-1.1,-0.8,0.6,15.0,65
Malik Monk,Sacramento Kings,2026,27.0,-0.9,-1.3,0.2,14.2,62
MarJon Beauchamp,Milwaukee Bucks,2024,23.0,-2.4,-3.2,-0.2,9.7,48
MarJon Beauchamp,Milwaukee Bucks,2025,24.0,-2.2,-6.5,-0.1,8.5,35
MarJon Beauchamp,Philadelphia 76ers,2026,25.0,-1.2,-1.6,0.0,13.4,14
Marcus Morris Sr.,Los Angeles Clippers,2024,34.0,-1.9,-3.4,-0.2,10.5,49
Marcus Sasser,Detroit Pistons,2024,23.0,-2.5,-2.6,-0.2,11.8,71
Marcus Sasser,Detroit Pistons,2025,24.0,-2.4,-0.6,0.3,14.0,57
Marcus Sasser,Detroit Pistons,2026,25.0,-1.1,-1.7,0.0,11.2,38
Marcus Smart,Memphis Grizzlies,2024,29.0,1.3,-2.4,0.0,11.8,20
Marcus Smart,Memphis Grizzlies,2025,30.0,1.1,-1.2,0.1,11.3,34
Marcus Smart,Los Angeles Lakers,2026,31.0,1.0,-2.2,-0.1,9.9,62
Mark Williams,Charlotte Hornets,2024,22.0,-1.3,0.8,0.3,22.5,19
Mark Williams,Charlotte Hornets,2025,23.0,-0.8,3.5,1.6,23.9,44
Mark Williams,Phoenix Suns,2026,24.0,-1.0,2.0,1.4,21.8,60
Markelle Fultz,Orlando Magic,2024,25.0,-0.9,-1.4,0.1,12.6,43
Markieff Morris,Dallas Mavericks,2024,34.0,-2.7,-5.3,-0.2,6.6,26
Markieff Morris,Dallas Mavericks,2025,35.0,-4.6,-13.1,-0.1,0.0,15
Marques Bolden,Milwaukee Bucks,2024,25.0,-2.3,-5.5,0.0,3.0,11
Marvin Bagley III,Detroit Pistons,2024,24.0,-1.9,-1.2,0.1,18.2,50
Marvin Bagley III,Washington Wizards,2025,25.0,-1.1,-1.0,0.0,19.9,31
Marvin Bagley III,Dallas Mavericks,2026,26.0,-1.2,0.7,0.5,20.5,60
Mason Jones,Sacramento Kings,2025,26.0,-1.9,2.9,0.1,20.6,10
Mason Plumlee,Los Angeles Clippers,2024,33.0,-0.1,-0.8,0.2,15.8,46
Mason Plumlee,Phoenix Suns,2025,34.0,-1.0,-0.6,0.5,14.8,74
Mason Plumlee,San Antonio Spurs,2026,35.0,-1.5,1.1,0.1,13.5,20
Matas Buzelis,Chicago Bulls,2025,20.0,-2.5,-2.5,-0.2,12.5,80
Matas Buzelis,Chicago Bulls,2026,21.0,-0.8,-1.0,0.5,14.8,77
Matisse Thybulle,Portland Trail Blazers,2024,26.0,0.2,0.6,0.9,10.4,65
Matisse Thybulle,Portland Trail Blazers,2025,27.0,0.3,5.0,0.6,17.0,15
Matisse Thybulle,Portland Trail Blazers,2026,28.0,0.8,4.4,0.8,14.5,30
Matt Ryan,New Orleans Pelicans,2024,26.0,-2.2,-2.7,-0.1,9.0,28
Max Christie,Los Angeles Lakers,2024,20.0,-1.6,-3.6,-0.4,8.4,67
Max Christie,Los Angeles Lakers,2025,21.0,-1.8,-1.8,0.0,10.6,78
Max Christie,Dallas Mavericks,2026,22.0,-1.3,-1.5,0.3,11.0,77
Max Shulga,Boston Celtics,2026,23.0,-2.4,-11.5,-0.1,0.2,11
Max Strus,Cleveland Cavaliers,2024,27.0,-0.9,-0.6,0.8,11.7,70
Max Strus,Cleveland Cavaliers,2025,28.0,-0.2,1.3,1.1,12.6,50
Max Strus,Cleveland Cavaliers,2026,29.0,-0.3,-1.2,0.1,12.8,12
Maxi Kleber,Dallas Mavericks,2024,32.0,-0.5,-1.3,0.2,8.8,43
Maxi Kleber,Dallas Mavericks,2025,33.0,-0.2,-3.8,-0.3,5.6,34
Maxi Kleber,Los Angeles Lakers,2026,34.0,-1.2,-3.9,-0.2,8.1,43
Maxime Raynaud,Sacramento Kings,2026,22.0,-1.7,-2.4,-0.2,16.0,74
Maxwell Lewis,Los Angeles Lakers,2024,21.0,-2.2,-13.5,-0.3,-3.9,34
Maxwell Lewis,Los Angeles Lakers,2025,22.0,-1.9,-9.4,-0.1,2.2,28
Micah Peavy,New Orleans Pelicans,2026,24.0,-1.2,-5.2,-0.7,8.3,61
Micah Potter,Utah Jazz,2024,25.0,-1.9,-2.3,0.0,11.0,16
Micah Potter,Utah Jazz,2025,26.0,-2.2,-3.5,-0.3,8.5,38
Micah Potter,Indiana Pacers,2026,27.0,-0.3,0.7,0.6,17.0,47
Michael Porter Jr.,Denver Nuggets,2024,25.0,2.3,0.1,1.3,15.5,81
Michael Porter Jr.,Denver Nuggets,2025,26.0,1.8,-0.1,1.2,16.2,77
Michael Porter Jr.,Brooklyn Nets,2026,27.0,1.2,3.0,2.1,19.9,52
Mikal Bridges,Brooklyn Nets,2024,27.0,0.8,-0.4,1.2,14.9,82
Mikal Bridges,New York Knicks,2025,28.0,0.0,-0.5,1.2,14.0,82
Mikal Bridges,New York Knicks,2026,29.0,0.5,2.7,3.2,15.3,82
Mike Conley,Minnesota Timberwolves,2024,36.0,0.7,3.4,3.0,15.8,76
Mike Conley,Minnesota Timberwolves,2025,37.0,0.3,1.2,1.4,13.3,71
Mike Conley,Minnesota Timberwolves,2026,38.0,-1.8,-1.3,0.2,9.4,54
Mike Muscala,Washington Wizards,2024,32.0,0.5,-6.2,-0.4,7.6,53
Miles Bridges,Charlotte Hornets,2024,25.0,1.4,-1.1,0.6,15.4,69
Miles Bridges,Charlotte Hornets,2025,26.0,-0.8,1.8,2.0,17.7,64
Miles Bridges,Charlotte Hornets,2026,27.0,0.1,1.1,1.9,16.0,77
Miles McBride,New York Knicks,2024,23.0,-0.4,-0.1,0.6,13.1,68
Miles McBride,New York Knicks,2025,24.0,-1.2,0.0,0.8,12.6,64
Miles McBride,New York Knicks,2026,25.0,1.2,1.2,0.9,13.1,41
Mitchell Robinson,New York Knicks,2024,25.0,1.8,0.0,0.4,16.1,31
Mitchell Robinson,New York Knicks,2025,26.0,2.3,3.3,0.4,20.4,17
Mitchell Robinson,New York Knicks,2026,27.0,2.9,3.5,1.6,21.1,60
Mo Bamba,Philadelphia 76ers,2024,25.0,-0.5,-1.0,0.2,15.4,57
Mo Bamba,Los Angeles Clippers,2025,26.0,-1.4,-0.2,0.2,14.5,32
Mohamed Diawara,New York Knicks,2026,20.0,-2.8,-1.7,0.0,10.3,69
Monte Morris,Detroit Pistons,2024,28.0,-0.1,-6.9,-0.1,8.5,33
Monte Morris,Phoenix Suns,2025,29.0,-0.4,-1.8,0.0,13.1,45
Moritz Wagner,Orlando Magic,2024,26.0,-0.4,2.0,1.4,20.6,80
Moritz Wagner,Orlando Magic,2025,27.0,0.2,4.0,0.9,22.3,30
Moritz Wagner,Orlando Magic,2026,28.0,-1.3,-2.2,0.0,15.3,36
Moses Brown,Portland Trail Blazers,2024,24.0,-1.0,-6.5,-0.2,14.5,22
Moses Moody,Golden State Warriors,2024,21.0,-0.6,-0.1,0.6,13.7,66
Moses Moody,Golden State Warriors,2025,22.0,0.3,-0.9,0.5,12.4,74
Moses Moody,Golden State Warriors,2026,23.0,0.6,-0.1,0.7,13.5,60
Mouhamadou Gueye,Chicago Bulls,2026,27.0,-2.9,-3.9,0.0,12.8,2
Mouhamed Gueye,Atlanta Hawks,2024,21.0,-3.0,-1.5,0.0,15.0,6
Mouhamed Gueye,Atlanta Hawks,2025,22.0,-2.8,-0.6,0.2,14.4,33
Mouhamed Gueye,Atlanta Hawks,2026,23.0,1.1,-1.3,0.2,12.0,77
Moussa Cisse,Dallas Mavericks,2026,23.0,-0.9,-2.9,-0.1,16.0,38
Moussa Diabate,Los Angeles Clippers,2024,22.0,-1.6,3.5,0.1,24.7,11
Moussa Diabate,Charlotte Hornets,2025,23.0,-1.2,-1.9,0.0,16.5,71
Moussa Diabate,Charlotte Hornets,2026,24.0,1.2,1.7,1.8,17.2,73
Myles Turner,Indiana Pacers,2024,27.0,1.0,0.9,1.5,19.3,77
Myles Turner,Indiana Pacers,2025,28.0,1.5,0.4,1.3,16.1,72
Myles Turner,Milwaukee Bucks,2026,29.0,0.0,-0.9,0.5,14.2,71
Myron Gardner,Miami Heat,2026,24.0,-0.7,0.9,0.3,15.2,45
N'Faly Dante,Houston Rockets,2025,23.0,-3.2,2.4,0.1,24.0,4
Nae'Qwan Tomlin,Cleveland Cavaliers,2026,25.0,-0.6,-2.1,0.0,12.9,64
Nah'Shon Hyland,Los Angeles Clippers,2024,23.0,-0.8,-3.6,-0.2,10.8,37
Nah'Shon Hyland,Los Angeles Clippers,2025,24.0,-0.8,3.1,0.3,16.4,24
Nah'Shon Hyland,Minnesota Timberwolves,2026,25.0,0.0,1.7,1.1,15.1,71
Naji Marshall,New Orleans Pelicans,2024,26.0,-1.1,-0.7,0.4,12.7,66
Naji Marshall,Dallas Mavericks,2025,27.0,-0.8,-0.8,0.6,15.1,69
Naji Marshall,Dallas Mavericks,2026,28.0,-1.4,-0.6,0.8,15.4,74
Nassir Little,Phoenix Suns,2024,23.0,-1.8,-3.0,-0.1,9.9,45
Nate Hinton,Houston Rockets,2024,24.0,-1.4,3.6,0.1,17.6,15
Naz Reid,Minnesota Timberwolves,2024,24.0,-1.2,1.5,1.7,16.0,81
Naz Reid,Minnesota Timberwolves,2025,25.0,-0.8,1.6,2.0,15.8,80
Naz Reid,Minnesota Timberwolves,2026,26.0,0.2,0.9,1.5,15.4,77
Neemias Queta,Boston Celtics,2024,24.0,-2.3,1.5,0.3,22.9,28
Neemias Queta,Boston Celtics,2025,25.0,-0.4,-0.7,0.3,16.3,62
Neemias Queta,Boston Celtics,2026,26.0,1.1,2.8,2.4,20.3,76
Nick Richards,Charlotte Hornets,2024,26.0,-0.6,-2.3,-0.1,16.7,67
Nick Richards,Charlotte Hornets,2025,27.0,-0.6,-2.0,0.0,17.2,57
Nick Richards,Chicago Bulls,2026,28.0,-1.7,-6.8,-0.3,11.4,48
Nick Smith Jr.,Charlotte Hornets,2024,19.0,-2.3,-5.9,-0.7,8.1,51
Nick Smith Jr.,Charlotte Hornets,2025,20.0,-3.2,-5.7,-1.3,8.3,60
Nick Smith Jr.,Los Angeles Lakers,2026,21.0,-2.2,-4.7,-0.3,10.2,30
Nickeil Alexander-Walker,Minnesota Timberwolves,2024,25.0,-1.0,0.2,1.1,10.9,82
Nickeil Alexander-Walker,Minnesota Timberwolves,2025,26.0,0.6,-0.4,0.8,11.6,82
Nickeil Alexander-Walker,Atlanta Hawks,2026,27.0,0.8,1.2,2.1,16.5,78
Nicolas Batum,Los Angeles Clippers,2024,35.0,-0.1,2.8,0.1,9.8,60
Nicolas Batum,Los Angeles Clippers,2025,36.0,-1.1,0.8,1.0,10.3,78
Nicolas Batum,Los Angeles Clippers,2026,37.0,-1.7,-1.0,0.3,8.4,74
Nicolas Claxton,Brooklyn Nets,2024,24.0,2.1,1.2,1.7,18.7,71
Nicolas Claxton,Brooklyn Nets,2025,25.0,0.6,0.4,1.1,16.5,70
Nicolas Claxton,Brooklyn Nets,2026,26.0,-1.7,0.9,1.4,17.6,69
Nikola Jokic,Denver Nuggets,2024,28.0,7.2,13.2,10.6,31.0,79
Nikola Jokic,Denver Nuggets,2025,29.0,7.3,13.3,9.8,32.0,70
Nikola Jokic,Denver Nuggets,2026,30.0,6.8,14.2,9.2,32.3,65
Nikola Jovic,Miami Heat,2024,20.0,-1.6,0.3,0.5,12.8,46
Nikola Jovic,Miami Heat,2025,21.0,0.4,0.3,0.7,13.8,46
Nikola Jovic,Miami Heat,2026,22.0,-1.4,-3.5,-0.3,9.5,47
Nikola Topić,Oklahoma City Thunder,2026,20.0,-2.0,-8.4,-0.3,8.1,10
Nikola Vucevic,Chicago Bulls,2024,33.0,-0.8,0.1,1.4,17.7,76
Nikola Vucevic,Chicago Bulls,2025,34.0,-2.2,2.6,2.7,20.3,73
Nikola Vucevic,Boston Celtics,2026,35.0,-1.3,1.8,1.4,18.2,64
Nique Clifford,Sacramento Kings,2026,23.0,-1.8,-4.9,-1.4,9.0,75
Noa Essengue,Chicago Bulls,2026,19.0,-1.7,-23.7,0.0,-11.9,2
Noah Clowney,Brooklyn Nets,2024,19.0,-3.2,-0.7,0.1,14.2,23
Noah Clowney,Brooklyn Nets,2025,20.0,-0.9,-4.1,-0.5,9.2,46
Noah Clowney,Brooklyn Nets,2026,21.0,-1.6,-3.4,-0.6,11.2,66
Noah Penda,Orlando Magic,2026,21.0,-0.9,-1.5,0.1,11.3,59
Nolan Traore,Brooklyn Nets,2026,19.0,-2.4,-6.8,-1.5,7.9,56
Norchad Omier,Los Angeles Clippers,2026,24.0,-2.2,6.0,0.0,31.5,6
Norman Powell,Los Angeles Clippers,2024,30.0,-1.5,-0.8,0.6,13.9,76
Norman Powell,Los Angeles Clippers,2025,31.0,-0.7,1.5,1.8,17.5,60
Norman Powell,Miami Heat,2026,32.0,0.5,1.6,1.5,17.5,58
OG Anunoby,Toronto Raptors,2024,26.0,1.8,-1.6,0.1,12.6,50
OG Anunoby,New York Knicks,2025,27.0,2.9,0.7,1.9,15.4,74
OG Anunoby,New York Knicks,2026,28.0,3.6,2.0,2.3,15.8,67
Obi Toppin,Indiana Pacers,2024,25.0,0.1,1.5,1.5,16.5,82
Obi Toppin,Indiana Pacers,2025,26.0,0.4,1.7,1.4,17.4,79
Obi Toppin,Indiana Pacers,2026,27.0,-0.2,3.0,0.5,19.7,24
Ochai Agbaji,Utah Jazz,2024,23.0,-1.8,-3.0,-0.3,8.1,78
Ochai Agbaji,Toronto Raptors,2025,24.0,-2.5,-0.7,0.5,12.0,64
Ochai Agbaji,Brooklyn Nets,2026,25.0,-1.7,-4.7,-0.5,7.5,62
Olivier Sarr,Oklahoma City Thunder,2024,24.0,-2.6,-2.6,0.0,14.8,15
Olivier Sarr,Cleveland Cavaliers,2026,26.0,-2.1,2.6,0.0,17.5,4
Olivier-Maxence Prosper,Dallas Mavericks,2024,21.0,-2.2,-2.9,-0.1,11.6,40
Olivier-Maxence Prosper,Dallas Mavericks,2025,22.0,-3.0,-2.1,0.0,12.6,52
Olivier-Maxence Prosper,Memphis Grizzlies,2026,23.0,-0.1,-0.1,0.5,16.9,53
Omer Yurtseven,Utah Jazz,2024,25.0,-1.2,-3.0,-0.1,15.0,48
Onyeka Okongwu,Atlanta Hawks,2024,23.0,1.6,-0.4,0.5,16.9,55
Onyeka Okongwu,Atlanta Hawks,2025,24.0,0.4,1.3,1.7,19.0,74
Onyeka Okongwu,Atlanta Hawks,2026,25.0,1.4,0.7,1.6,15.9,74
Orlando Robinson,Miami Heat,2024,23.0,-0.8,-1.1,0.1,14.0,36
Orlando Robinson,Sacramento Kings,2025,24.0,-1.0,-2.9,0.0,12.2,44
Oscar Tshiebwe,Utah Jazz,2025,25.0,-2.1,-1.4,0.0,21.0,14
Oscar Tshiebwe,Utah Jazz,2026,26.0,-0.2,-1.8,0.0,20.2,27
Oshae Brissett,Boston Celtics,2024,25.0,-1.2,-1.8,0.0,12.8,55
Oso Ighodaro,Phoenix Suns,2025,22.0,-3.2,-2.6,-0.2,11.1,61
Oso Ighodaro,Phoenix Suns,2026,23.0,0.8,0.1,0.9,13.8,82
Otto Porter Jr.,Toronto Raptors,2024,30.0,1.0,-3.2,-0.1,8.7,15
Ousmane Dieng,Oklahoma City Thunder,2024,20.0,-1.7,-3.0,-0.1,10.1,33
Ousmane Dieng,Oklahoma City Thunder,2025,21.0,-1.2,-0.9,0.1,11.5,37
Ousmane Dieng,Milwaukee Bucks,2026,22.0,-3.7,-1.4,0.1,10.0,57
P.J. Tucker,Philadelphia 76ers,2024,38.0,-1.6,-4.0,0.0,4.7,31
P.J. Tucker,Los Angeles Clippers,2025,39.0,-2.1,-7.2,-0.1,5.5,3
P.J. Washington,Charlotte Hornets,2024,25.0,-0.5,-2.8,-0.3,13.0,73
P.J. Washington,Dallas Mavericks,2025,26.0,0.3,-0.9,0.5,14.0,57
P.J. Washington,Dallas Mavericks,2026,27.0,-1.0,-1.6,0.2,13.1,56
PJ Dozier,Minnesota Timberwolves,2025,28.0,-2.3,0.7,0.0,9.5,9
PJ Hall,Charlotte Hornets,2026,23.0,-2.1,1.8,0.0,18.9,19
Pacôme Dadiet,New York Knicks,2025,19.0,-1.9,-6.5,-0.1,6.3,18
Pacôme Dadiet,New York Knicks,2026,20.0,-1.5,-3.3,0.0,9.6,29
Paolo Banchero,Orlando Magic,2024,21.0,-1.0,1.3,2.3,17.3,80
Paolo Banchero,Orlando Magic,2025,22.0,0.3,3.5,2.2,20.0,46
Paolo Banchero,Orlando Magic,2026,23.0,0.1,1.4,2.1,17.6,72
Pascal Siakam,Toronto Raptors,2024,29.0,2.3,1.4,1.2,18.8,80
Pascal Siakam,Indiana Pacers,2025,30.0,1.6,1.7,2.4,19.2,78
Pascal Siakam,Indiana Pacers,2026,31.0,1.0,0.7,1.4,18.6,62
Pat Connaughton,Milwaukee Bucks,2024,31.0,-0.5,-1.6,0.2,9.6,76
Pat Connaughton,Milwaukee Bucks,2025,32.0,-1.1,-2.3,0.0,12.1,41
Pat Connaughton,Charlotte Hornets,2026,33.0,-2.1,0.1,0.2,12.9,42
Pat Spencer,Golden State Warriors,2025,28.0,-2.7,-1.6,0.0,12.6,39
Pat Spencer,Golden State Warriors,2026,29.0,-2.1,-2.3,-0.1,12.1,66
Patrick Baldwin Jr.,Washington Wizards,2024,21.0,-2.2,-4.6,-0.3,9.7,38
Patrick Baldwin Jr.,Washington Wizards,2025,22.0,-1.0,-0.2,0.0,14.5,24
Patrick Baldwin Jr.,Sacramento Kings,2026,23.0,-1.8,4.8,0.0,23.6,9
Patrick Beverley,Philadelphia 76ers,2024,35.0,-1.0,-1.5,0.1,11.7,73
Patrick Williams,Chicago Bulls,2024,22.0,-0.9,-2.3,-0.1,11.0,43
Patrick Williams,Chicago Bulls,2025,23.0,-0.4,-3.7,-0.7,9.0,63
Patrick Williams,Chicago Bulls,2026,24.0,-2.6,-4.5,-0.9,8.2,72
Patty Mills,Atlanta Hawks,2024,35.0,-2.3,-3.8,-0.1,6.6,32
Patty Mills,Utah Jazz,2025,36.0,-2.1,-4.4,-0.2,6.2,29
Paul George,Los Angeles Clippers,2024,33.0,4.4,3.2,3.3,19.3,74
Paul George,Philadelphia 76ers,2025,34.0,3.5,-0.4,0.5,14.5,41
Paul George,Philadelphia 76ers,2026,35.0,0.9,1.7,1.1,16.7,37
Paul Reed,Philadelphia 76ers,2024,24.0,1.2,0.4,0.9,17.4,82
Paul Reed,Detroit Pistons,2025,25.0,0.9,2.9,0.5,18.6,45
Paul Reed,Detroit Pistons,2026,26.0,1.2,5.3,1.6,24.2,65
Payton Pritchard,Boston Celtics,2024,26.0,-0.1,1.0,1.4,15.3,82
Payton Pritchard,Boston Celtics,2025,27.0,0.5,3.5,3.2,17.6,80
Payton Pritchard,Boston Celtics,2026,28.0,0.5,2.3,2.8,17.1,79
Payton Sandfort,Oklahoma City Thunder,2026,23.0,-3.0,-5.8,-0.1,13.1,4
Pelle Larsson,Miami Heat,2025,23.0,-2.4,-3.1,-0.2,10.2,55
Pelle Larsson,Miami Heat,2026,24.0,-0.7,-1.2,0.4,13.1,70
Pete Nance,Milwaukee Bucks,2026,25.0,-1.2,-2.3,-0.1,11.6,47
Peyton Watson,Denver Nuggets,2024,21.0,-1.4,-2.2,-0.1,11.8,80
Peyton Watson,Denver Nuggets,2025,22.0,-2.4,-1.8,0.1,11.4,68
Peyton Watson,Denver Nuggets,2026,23.0,-0.8,-1.2,0.3,14.3,54
Precious Achiuwa,Toronto Raptors,2024,24.0,-2.0,-1.6,0.0,15.0,74
Precious Achiuwa,New York Knicks,2025,25.0,-1.0,-1.9,0.0,13.6,57
Precious Achiuwa,Sacramento Kings,2026,26.0,-0.4,-1.6,0.2,16.2,73
Quentin Grimes,New York Knicks,2024,23.0,0.4,-1.5,0.1,9.5,51
Quentin Grimes,Dallas Mavericks,2025,24.0,-1.7,-0.3,0.5,13.3,75
Quentin Grimes,Philadelphia 76ers,2026,25.0,-1.2,-1.6,0.2,12.9,75
Quenton Jackson,Indiana Pacers,2025,26.0,-2.4,-0.3,0.2,14.7,28
Quenton Jackson,Indiana Pacers,2026,27.0,-0.4,-1.8,0.0,14.4,49
Quinten Post,Golden State Warriors,2026,25.0,-0.6,-1.1,0.3,13.0,67
R.J. Hampton,Miami Heat,2024,22.0,-2.5,-9.5,-0.1,0.9,8
RJ Barrett,New York Knicks,2024,23.0,-1.2,-2.0,0.0,14.3,58
RJ Barrett,Toronto Raptors,2025,24.0,-1.3,0.6,1.2,16.5,58
RJ Barrett,Toronto Raptors,2026,25.0,0.6,0.2,1.0,17.0,57
Rasheer Fleming,Phoenix Suns,2026,21.0,-1.5,-3.8,-0.3,10.2,55
RayJ Dennis,Atlanta Hawks,2026,24.0,-2.2,-5.2,-0.1,6.4,17
Rayan Rupert,Portland Trail Blazers,2024,19.0,-1.9,-6.7,-0.8,5.8,39
Rayan Rupert,Portland Trail Blazers,2025,20.0,-2.9,-4.7,-0.3,8.1,52
Rayan Rupert,Memphis Grizzlies,2026,21.0,-2.7,-5.1,-0.4,5.8,64
Reed Sheppard,Houston Rockets,2025,20.0,-2.3,-1.7,0.1,9.7,52
Reed Sheppard,Houston Rockets,2026,21.0,0.1,2.7,2.5,15.7,82
Reggie Bullock,Houston Rockets,2024,32.0,-1.0,-2.4,0.0,7.7,44
Reggie Jackson,Denver Nuggets,2024,33.0,-2.6,-3.2,-0.6,11.7,82
Reggie Jackson,Philadelphia 76ers,2025,34.0,-3.2,-4.0,-0.2,9.8,31
Richaun Holmes,Dallas Mavericks,2024,30.0,-0.5,-3.0,-0.1,13.9,40
Richaun Holmes,Washington Wizards,2025,31.0,-0.7,1.1,0.4,19.8,31
Ricky Council IV,Philadelphia 76ers,2025,23.0,-1.4,-4.3,-0.7,11.6,73
Riley Minix,Cleveland Cavaliers,2026,25.0,-1.5,25.5,0.1,44.7,9
Rob Dillingham,Minnesota Timberwolves,2025,20.0,-1.8,-4.2,-0.3,10.2,49
Rob Dillingham,Chicago Bulls,2026,21.0,-2.8,-8.2,-0.5,6.0,65
Robert Covington,Los Angeles Clippers,2024,33.0,1.6,2.3,0.1,10.6,29
Robert Williams III,Portland Trail Blazers,2024,26.0,2.0,0.7,0.1,17.2,6
Robert Williams III,Portland Trail Blazers,2025,27.0,1.0,3.0,0.4,18.9,20
Robert Williams III,Portland Trail Blazers,2026,28.0,2.0,4.5,1.7,22.1,59
Robin Lopez,Milwaukee Bucks,2024,35.0,-3.4,-6.1,-0.1,6.6,16
Rocco Zikarsky,Minnesota Timberwolves,2026,19.0,-1.3,2.4,0.0,21.0,5
Ron Harper Jr.,Toronto Raptors,2024,23.0,-1.0,-8.8,0.0,0.0,1
Ron Harper Jr.,Boston Celtics,2026,25.0,-1.3,1.1,0.3,13.1,29
Ronald Holland II,Detroit Pistons,2025,19.0,-1.9,-3.0,-0.3,11.1,81
Ronald Holland II,Detroit Pistons,2026,20.0,-0.3,-2.0,0.0,11.7,78
Royce O'Neale,Brooklyn Nets,2024,30.0,-0.4,-0.7,0.4,10.4,79
Royce O'Neale,Phoenix Suns,2025,31.0,0.1,0.1,1.0,12.6,75
Royce O'Neale,Phoenix Suns,2026,32.0,-1.3,0.7,1.5,11.6,78
Rudy Gobert,Minnesota Timberwolves,2024,31.0,2.5,1.8,2.5,19.3,76
Rudy Gobert,Minnesota Timberwolves,2025,32.0,3.2,1.9,2.4,18.3,72
Rudy Gobert,Minnesota Timberwolves,2026,33.0,1.8,1.0,1.8,17.5,76
Rui Hachimura,Los Angeles Lakers,2024,25.0,-1.3,-0.9,0.5,15.0,68
Rui Hachimura,Los Angeles Lakers,2025,26.0,-0.9,-0.7,0.6,13.6,59
Rui Hachimura,Los Angeles Lakers,2026,27.0,-1.1,-2.2,-0.1,11.6,68
Russell Westbrook,Los Angeles Clippers,2024,35.0,0.4,0.5,1.0,16.2,68
Russell Westbrook,Denver Nuggets,2025,36.0,-0.8,-1.1,0.5,14.3,75
Russell Westbrook,Sacramento Kings,2026,37.0,-2.5,-0.4,0.7,15.1,64
Ryan Arcidiacono,New York Knicks,2024,29.0,-2.1,-9.6,-0.1,-2.0,20
Ryan Dunn,Phoenix Suns,2025,22.0,-2.3,-4.1,-0.7,10.7,74
Ryan Dunn,Phoenix Suns,2026,23.0,-0.1,-0.9,0.4,11.7,70
Ryan Kalkbrenner,Charlotte Hornets,2026,24.0,0.6,1.8,1.4,17.9,69
Ryan Nembhard,Dallas Mavericks,2026,22.0,-2.2,-4.1,-0.6,10.9,60
Ryan Rollins,Washington Wizards,2024,21.0,-2.0,5.0,0.1,22.7,13
Ryan Rollins,Milwaukee Bucks,2025,22.0,-0.3,-0.5,0.3,14.0,56
Ryan Rollins,Milwaukee Bucks,2026,23.0,1.2,0.2,1.3,16.2,74
Saben Lee,Phoenix Suns,2024,24.0,-1.3,-1.4,0.0,13.5,24
Saddiq Bey,Atlanta Hawks,2024,24.0,-0.3,-1.8,0.1,13.1,63
Saddiq Bey,New Orleans Pelicans,2026,26.0,-0.4,0.5,1.4,17.1,72
Sam Hauser,Boston Celtics,2024,26.0,-0.5,1.2,1.4,13.0,79
Sam Hauser,Boston Celtics,2025,27.0,0.8,0.8,1.1,12.8,71
Sam Hauser,Boston Celtics,2026,28.0,0.3,0.6,1.3,11.9,78
Sam Merrill,Cleveland Cavaliers,2024,27.0,-1.2,0.5,0.7,13.1,61
Sam Merrill,Cleveland Cavaliers,2025,28.0,-1.1,0.3,0.8,11.1,71
Sam Merrill,Cleveland Cavaliers,2026,29.0,-0.1,0.1,0.7,13.6,52
Sandro Mamukelashvili,San Antonio Spurs,2024,24.0,-2.1,-0.5,0.2,15.8,46
Sandro Mamukelashvili,San Antonio Spurs,2025,25.0,-0.7,2.3,0.7,19.7,61
Sandro Mamukelashvili,Toronto Raptors,2026,26.0,1.4,2.8,2.1,18.1,80
Santi Aldama,Memphis Grizzlies,2024,23.0,-1.0,-0.2,0.7,13.1,61
Santi Aldama,Memphis Grizzlies,2025,24.0,-1.0,3.2,2.2,16.8,65
Santi Aldama,Memphis Grizzlies,2026,25.0,-0.2,1.7,1.1,16.3,43
Sasha Vezenkov,Sacramento Kings,2024,28.0,-1.4,-0.9,0.1,13.3,42
Scoot Henderson,Portland Trail Blazers,2024,19.0,-2.4,-5.8,-1.7,9.5,62
Scoot Henderson,Portland Trail Blazers,2025,20.0,-2.0,-2.2,-0.1,12.5,66
Scoot Henderson,Portland Trail Blazers,2026,21.0,-0.8,-2.2,0.0,12.9,30
Scottie Barnes,Toronto Raptors,2024,22.0,0.5,3.7,3.0,19.5,60
Scottie Barnes,Toronto Raptors,2025,23.0,0.7,2.4,2.3,17.8,65
Scottie Barnes,Toronto Raptors,2026,24.0,2.8,4.2,4.2,19.2,80
Scotty Pippen Jr.,Memphis Grizzlies,2025,24.0,-0.2,1.9,1.7,15.8,79
Scotty Pippen Jr.,Memphis Grizzlies,2026,25.0,0.1,-2.8,0.0,14.7,10
Sean Pedulla,Los Angeles Clippers,2026,23.0,-2.9,-11.8,-0.1,6.6,7
Seth Curry,Dallas Mavericks,2024,33.0,-1.5,-4.0,-0.2,8.6,44
Seth Curry,Charlotte Hornets,2025,34.0,-2.0,-1.7,0.1,12.2,68
Seth Curry,Golden State Warriors,2026,35.0,-1.6,0.2,0.1,16.0,10
Shaedon Sharpe,Portland Trail Blazers,2024,20.0,-1.2,-2.8,-0.2,11.4,32
Shaedon Sharpe,Portland Trail Blazers,2025,21.0,-2.3,-1.3,0.4,14.5,72
Shaedon Sharpe,Portland Trail Blazers,2026,22.0,0.0,-1.4,0.2,15.3,50
Shai Gilgeous-Alexander,Oklahoma City Thunder,2024,25.0,2.2,9.0,7.1,29.3,75
Shai Gilgeous-Alexander,Oklahoma City Thunder,2025,26.0,4.6,11.5,8.9,30.7,76
Shai Gilgeous-Alexander,Oklahoma City Thunder,2026,27.0,5.6,11.7,7.8,30.8,68
Shake Milton,Minnesota Timberwolves,2024,27.0,-1.6,-4.2,-0.3,8.3,48
Shake Milton,Brooklyn Nets,2025,28.0,-2.5,-0.9,0.1,12.8,57
Sharife Cooper,Washington Wizards,2026,24.0,-1.7,-3.9,-0.3,13.8,41
Sidy Cissoko,San Antonio Spurs,2024,19.0,-2.3,-2.7,0.0,12.0,12
Sidy Cissoko,San Antonio Spurs,2025,20.0,-0.9,-2.6,0.0,11.2,22
Sidy Cissoko,Portland Trail Blazers,2026,21.0,0.0,-4.0,-0.7,7.1,75
Simone Fontecchio,Utah Jazz,2024,28.0,-3.3,-1.6,0.1,11.2,66
Simone Fontecchio,Detroit Pistons,2025,29.0,-1.1,-2.9,-0.3,9.7,75
Simone Fontecchio,Miami Heat,2026,30.0,0.0,0.5,0.7,13.8,70
Sion James,Charlotte Hornets,2026,23.0,-1.5,-2.0,0.0,8.3,82
Skylar Mays,Portland Trail Blazers,2024,26.0,-0.5,-2.3,0.0,11.9,38
Spencer Dinwiddie,Brooklyn Nets,2024,30.0,0.9,-1.3,0.3,13.5,76
Spencer Dinwiddie,Dallas Mavericks,2025,31.0,0.1,-1.6,0.2,13.0,79
Spencer Jones,Denver Nuggets,2026,24.0,-1.2,-2.4,-0.1,9.3,64
Stanley Umude,Detroit Pistons,2024,24.0,-1.2,-1.6,0.0,11.4,24
Stanley Umude,Milwaukee Bucks,2025,25.0,-2.0,-8.1,-0.1,3.4,22
Stephen Curry,Golden State Warriors,2024,35.0,4.5,5.2,4.4,20.6,74
Stephen Curry,Golden State Warriors,2025,36.0,3.0,6.3,4.8,21.5,70
Stephen Curry,Golden State Warriors,2026,37.0,2.0,5.4,2.5,22.6,43
Stephon Castle,San Antonio Spurs,2025,20.0,-1.8,-3.2,-0.6,13.7,81
Stephon Castle,San Antonio Spurs,2026,21.0,2.0,1.9,2.0,17.4,68
Steven Adams,Houston Rockets,2025,31.0,1.2,0.3,0.5,16.6,58
Steven Adams,Houston Rockets,2026,32.0,1.4,-0.5,0.3,15.8,32
Svi Mykhailiuk,Boston Celtics,2024,26.0,-1.0,-1.8,0.0,11.7,41
Svi Mykhailiuk,Utah Jazz,2025,27.0,-0.8,-3.5,-0.3,9.8,38
Svi Mykhailiuk,Utah Jazz,2026,28.0,-0.6,-1.7,0.1,11.4,50
T.J. McConnell,Indiana Pacers,2024,31.0,0.5,3.0,1.6,20.9,71
T.J. McConnell,Indiana Pacers,2025,32.0,1.4,1.2,1.2,18.4,79
T.J. McConnell,Indiana Pacers,2026,33.0,-0.5,2.5,1.1,20.5,56
Taelon Peter,Indiana Pacers,2026,23.0,-1.4,-4.6,-0.3,8.6,38
Taj Gibson,Charlotte Hornets,2025,39.0,-2.1,-5.3,-0.3,10.8,37
Taj Gibson,Memphis Grizzlies,2026,40.0,-2.4,-3.5,0.0,13.6,10
Talen Horton-Tucker,Utah Jazz,2024,23.0,-0.7,-1.2,0.2,13.4,51
Talen Horton-Tucker,Chicago Bulls,2025,24.0,-0.6,-2.4,-0.1,13.8,58
Tari Eason,Houston Rockets,2024,22.0,-0.3,1.6,0.4,17.1,22
Tari Eason,Houston Rockets,2025,23.0,-0.2,3.6,2.0,18.5,57
Tari Eason,Houston Rockets,2026,24.0,0.7,-1.6,0.2,12.9,60
Taurean Prince,Los Angeles Lakers,2024,29.0,-1.3,-2.8,-0.4,8.8,78
Taurean Prince,Milwaukee Bucks,2025,30.0,-1.3,-1.7,0.1,9.8,80
Taurean Prince,Milwaukee Bucks,2026,31.0,-1.2,-3.1,-0.2,10.5,26
Taylor Hendricks,Utah Jazz,2024,20.0,-2.6,-1.6,0.1,11.8,40
Taylor Hendricks,Utah Jazz,2025,21.0,-1.6,-3.5,0.0,7.1,3
Taylor Hendricks,Memphis Grizzlies,2026,22.0,-0.3,-3.5,-0.2,10.2,59
Taze Moore,Portland Trail Blazers,2025,26.0,-2.1,-4.3,0.0,7.1,2
Terance Mann,Los Angeles Clippers,2024,27.0,0.6,-1.5,0.2,12.0,75
Terance Mann,Los Angeles Clippers,2025,28.0,-0.5,-1.3,0.1,10.5,67
Terance Mann,Brooklyn Nets,2026,29.0,-2.3,-3.4,-0.6,10.2,63
Terrence Shannon Jr.,Minnesota Timberwolves,2025,24.0,-2.2,-2.1,0.0,11.9,32
Terrence Shannon Jr.,Minnesota Timberwolves,2026,25.0,-1.9,-3.6,-0.2,11.1,43
Terry Rozier,Charlotte Hornets,2024,29.0,-0.3,2.3,1.1,19.2,61
Terry Rozier,Miami Heat,2025,30.0,-0.7,-3.7,-0.7,10.5,64
Terry Taylor,Chicago Bulls,2024,24.0,-1.4,-3.2,0.0,10.1,31
Thaddeus Young,Toronto Raptors,2024,35.0,-1.8,0.6,0.2,16.0,33
Thanasis Antetokounmpo,Milwaukee Bucks,2024,31.0,-2.5,-6.4,-0.2,5.5,34
Thanasis Antetokounmpo,Milwaukee Bucks,2026,33.0,-1.1,-1.7,0.0,14.0,34
Theo Maledon,Charlotte Hornets,2024,22.0,-1.9,-9.5,-0.4,3.9,17
Thomas Bryant,Miami Heat,2024,26.0,-1.5,-0.4,0.2,19.0,38
Thomas Bryant,Miami Heat,2025,27.0,-0.5,0.0,0.1,15.8,66
Thomas Bryant,Cleveland Cavaliers,2026,28.0,-0.7,0.1,0.4,17.2,60
Tidjane Salaün,Charlotte Hornets,2025,19.0,-2.0,-5.2,-1.0,7.7,60
Tidjane Salaün,Charlotte Hornets,2026,20.0,-2.1,-0.8,0.2,12.9,37
Tim Hardaway Jr.,Dallas Mavericks,2024,31.0,0.7,-2.9,-0.5,12.1,79
Tim Hardaway Jr.,Detroit Pistons,2025,32.0,-1.1,-2.1,0.0,9.8,77
Tim Hardaway Jr.,Denver Nuggets,2026,33.0,-1.0,-0.7,0.7,13.5,80
Tobias Harris,Philadelphia 76ers,2024,31.0,1.0,0.9,1.7,16.5,70
Tobias Harris,Detroit Pistons,2025,32.0,0.0,0.1,1.2,13.9,73
Tobias Harris,Detroit Pistons,2026,33.0,0.4,1.4,1.5,15.0,63
Tolu Smith,Detroit Pistons,2026,25.0,-1.5,0.0,0.1,16.9,15
Tony Bradley,Atlanta Hawks,2026,28.0,-1.1,-4.1,-0.2,13.0,41
Torrey Craig,Chicago Bulls,2024,33.0,-2.3,-2.0,0.0,10.8,53
Torrey Craig,Chicago Bulls,2025,34.0,-2.1,2.3,0.1,17.2,26
Tosan Evbuomwan,Charlotte Hornets,2026,24.0,-2.1,-11.5,0.0,-0.3,5
Toumani Camara,Portland Trail Blazers,2024,23.0,-2.1,-3.1,-0.5,10.6,70
Toumani Camara,Portland Trail Blazers,2025,24.0,-0.2,-0.1,1.2,12.5,78
Toumani Camara,Portland Trail Blazers,2026,25.0,0.6,-1.0,0.7,11.3,82
Trae Young,Atlanta Hawks,2024,25.0,2.2,2.6,2.2,20.3,54
Trae Young,Atlanta Hawks,2025,26.0,0.3,0.5,1.7,18.3,76
Trae Young,Washington Wizards,2026,27.0,0.6,1.8,0.3,19.8,15
Trayce Jackson-Davis,Golden State Warriors,2024,23.0,-3.0,2.8,1.4,21.6,68
Trayce Jackson-Davis,Golden State Warriors,2025,24.0,-0.6,1.2,0.8,18.5,62
Trayce Jackson-Davis,Toronto Raptors,2026,25.0,-1.4,-0.4,0.2,16.0,53
Tre Johnson,Washington Wizards,2026,19.0,-3.1,-5.0,-1.1,10.6,60
Tre Jones,San Antonio Spurs,2024,24.0,-0.3,-0.4,0.9,14.7,77
Tre Jones,San Antonio Spurs,2025,25.0,0.0,-0.1,0.2,13.8,46
Tre Jones,Chicago Bulls,2026,26.0,-0.3,1.3,1.5,18.7,65
Tre Mann,Oklahoma City Thunder,2024,22.0,-2.2,0.1,0.1,14.2,41
Tre Mann,Charlotte Hornets,2025,23.0,-1.0,-2.4,0.0,13.3,13
Tre Mann,Charlotte Hornets,2026,24.0,-2.8,-5.3,-0.5,8.3,53
Trendon Watford,Brooklyn Nets,2024,23.0,-1.8,-0.5,0.3,15.7,63
Trendon Watford,Brooklyn Nets,2025,24.0,-1.2,-3.1,-0.3,13.0,44
Trendon Watford,Philadelphia 76ers,2026,25.0,-1.6,-1.9,0.0,13.1,53
Trent Forrest,Atlanta Hawks,2024,25.0,-2.8,-4.4,-0.3,8.9,38
Trentyn Flowers,Los Angeles Clippers,2025,19.0,-2.9,-8.3,0.0,4.3,6
Trevelin Queen,Orlando Magic,2024,26.0,-1.3,-3.4,-0.1,8.3,14
Trevelin Queen,Orlando Magic,2025,27.0,-1.4,-0.3,0.2,11.9,31
Trevor Keels,Miami Heat,2026,22.0,-2.1,-14.5,0.0,2.8,8
Trey Alexander,Denver Nuggets,2025,21.0,-2.7,-9.7,-0.2,2.9,24
Trey Alexander,New Orleans Pelicans,2026,22.0,-1.1,-1.6,0.0,13.2,9
Trey Jemison,New Orleans Pelicans,2025,25.0,-3.2,-6.2,-0.2,9.4,38
Trey Jemison,New York Knicks,2026,26.0,-3.7,-8.6,-0.1,4.3,13
Trey Lyles,Sacramento Kings,2024,28.0,-0.1,-1.1,0.3,11.9,58
Trey Lyles,Sacramento Kings,2025,29.0,0.5,-0.7,0.4,12.3,69
Trey Murphy III,New Orleans Pelicans,2024,23.0,1.2,2.5,1.9,16.3,57
Trey Murphy III,New Orleans Pelicans,2025,24.0,1.5,0.8,1.3,17.3,53
Trey Murphy III,New Orleans Pelicans,2026,25.0,0.1,2.4,2.6,18.3,66
Tristan Enaruna,Cleveland Cavaliers,2026,24.0,-1.6,-1.0,0.0,16.2,9
Tristan Thompson,Cleveland Cavaliers,2024,32.0,-0.9,-1.4,0.1,13.9,49
Tristan Thompson,Cleveland Cavaliers,2025,33.0,-1.3,-4.6,-0.2,9.1,40
Tristan Vukcevic,Washington Wizards,2025,21.0,-1.4,-0.5,0.2,17.8,35
Tristan Vukcevic,Washington Wizards,2026,22.0,0.5,0.0,0.3,17.8,49
Tristan da Silva,Orlando Magic,2025,23.0,-1.2,-2.6,-0.3,9.9,74
Tristan da Silva,Orlando Magic,2026,24.0,-0.8,-0.6,0.7,12.0,77
Tristen Newton,Houston Rockets,2026,24.0,-1.7,8.4,0.0,32.8,1
Troy Brown Jr.,Minnesota Timberwolves,2024,24.0,-0.8,0.4,0.2,11.6,59
Ty Jerome,Cleveland Cavaliers,2024,26.0,-1.8,-4.9,0.0,7.6,2
Ty Jerome,Cleveland Cavaliers,2025,27.0,-1.4,4.3,2.2,21.0,70
Ty Jerome,Memphis Grizzlies,2026,28.0,2.4,7.7,0.8,25.6,15
TyTy Washington Jr.,Milwaukee Bucks,2024,22.0,-2.2,-8.2,-0.1,4.6,11
TyTy Washington Jr.,Phoenix Suns,2025,23.0,-3.0,-8.0,-0.2,6.5,16
TyTy Washington Jr.,Los Angeles Clippers,2026,24.0,-1.4,1.9,0.1,13.4,16
Tyler Herro,Miami Heat,2024,24.0,0.0,0.8,1.0,15.7,42
Tyler Herro,Miami Heat,2025,25.0,0.5,3.1,3.5,19.7,77
Tyler Herro,Miami Heat,2026,26.0,0.6,2.0,1.1,17.1,33
Tyler Kolek,New York Knicks,2025,23.0,-2.2,-2.8,-0.1,10.3,41
Tyler Kolek,New York Knicks,2026,24.0,-0.9,-0.6,0.3,12.5,62
Tyler Smith,Milwaukee Bucks,2025,20.0,-3.1,-0.9,0.0,15.2,23
Tyler Smith,Dallas Mavericks,2026,21.0,-2.6,-4.8,-0.1,9.6,12
Tyrese Haliburton,Indiana Pacers,2024,23.0,1.8,6.9,5.0,23.3,69
Tyrese Haliburton,Indiana Pacers,2025,24.0,3.0,5.8,4.9,21.8,73
Tyrese Martin,Brooklyn Nets,2025,25.0,-2.2,-2.6,-0.2,10.9,60
Tyrese Martin,Philadelphia 76ers,2026,26.0,-1.8,-3.1,-0.2,10.8,46
Tyrese Maxey,Philadelphia 76ers,2024,23.0,1.0,3.1,3.4,19.8,70
Tyrese Maxey,Philadelphia 76ers,2025,24.0,1.8,2.0,2.0,19.5,52
Tyrese Maxey,Philadelphia 76ers,2026,25.0,1.8,5.4,4.9,21.9,70
Tyrese Proctor,Cleveland Cavaliers,2026,21.0,-1.4,-2.8,-0.1,12.2,50
Tyson Etienne,Brooklyn Nets,2026,26.0,-2.1,-2.8,-0.1,11.9,24
Tyus Jones,Washington Wizards,2024,27.0,-0.2,0.7,1.3,16.5,66
Tyus Jones,Phoenix Suns,2025,28.0,-1.4,0.1,1.1,14.5,81
Tyus Jones,Denver Nuggets,2026,29.0,-1.4,-1.7,0.1,8.4,67
Udoka Azubuike,Phoenix Suns,2024,24.0,-2.6,-3.2,0.0,12.3,16
Ulrich Chomche,Toronto Raptors,2025,19.0,-3.2,-7.4,0.0,5.2,7
Usman Garuba,Golden State Warriors,2024,21.0,-0.4,-10.9,0.0,7.0,6
VJ Edgecombe,Philadelphia 76ers,2026,20.0,-0.5,-0.5,1.0,14.0,75
Vasilije Micic,Oklahoma City Thunder,2024,30.0,-1.5,-5.3,-0.3,8.0,60
Vasilije Micic,Charlotte Hornets,2025,31.0,-1.4,-6.8,-0.9,6.8,41
Victor Wembanyama,San Antonio Spurs,2024,20.0,-0.9,5.2,3.8,23.1,71
Victor Wembanyama,San Antonio Spurs,2025,21.0,5.3,6.5,3.3,24.2,46
Victor Wembanyama,San Antonio Spurs,2026,22.0,6.4,10.7,6.0,29.9,64
Vince Williams Jr.,Memphis Grizzlies,2024,23.0,-1.6,-0.7,0.5,12.8,52
Vince Williams Jr.,Memphis Grizzlies,2025,24.0,-0.6,-2.8,-0.1,9.2,27
Vit Krejci,Atlanta Hawks,2025,24.0,-1.3,0.7,0.8,12.7,57
Vit Krejci,Portland Trail Blazers,2026,25.0,-0.4,-1.3,0.2,11.3,65
Vladislav Goldin,Miami Heat,2026,24.0,-2.9,-0.5,0.0,14.7,9
Vlatko Cancar,Denver Nuggets,2025,27.0,-1.4,-7.1,-0.2,4.6,13
Walker Kessler,Utah Jazz,2024,22.0,1.2,0.9,1.1,18.0,64
Walker Kessler,Utah Jazz,2025,23.0,0.3,1.8,1.7,20.0,58
Walker Kessler,Utah Jazz,2026,24.0,0.6,3.3,0.2,20.6,5
Walter Clayton Jr.,Memphis Grizzlies,2026,22.0,-2.6,-3.2,-0.2,10.4,69
Wendell Carter Jr.,Orlando Magic,2024,24.0,0.3,0.9,1.0,15.9,55
Wendell Carter Jr.,Orlando Magic,2025,25.0,0.8,-1.2,0.3,13.7,68
Wendell Carter Jr.,Orlando Magic,2026,26.0,0.6,-0.6,0.8,14.1,78
Wendell Moore Jr.,Minnesota Timberwolves,2024,22.0,-1.0,-2.8,0.0,8.6,25
Wendell Moore Jr.,Detroit Pistons,2025,23.0,-1.0,0.0,0.1,12.4,36
Wendell Moore Jr.,Detroit Pistons,2026,24.0,-0.4,-1.3,0.0,8.9,6
Wesley Matthews,Atlanta Hawks,2024,37.0,-1.8,-2.8,-0.1,8.2,36
Will Richard,Golden State Warriors,2026,23.0,-0.6,-1.7,0.1,11.0,69
Will Riley,Washington Wizards,2026,19.0,-2.0,-4.5,-1.0,12.1,74
Xavier Tillman,Memphis Grizzlies,2024,25.0,0.0,-1.7,0.1,11.8,54
Xavier Tillman,Boston Celtics,2025,26.0,-0.1,-8.1,-0.4,2.4,33
Xavier Tillman,Charlotte Hornets,2026,27.0,-0.8,-1.2,0.0,11.2,30
Yang Hansen,Portland Trail Blazers,2026,20.0,-2.8,-9.5,-0.6,3.7,43
Yanic Konan Niederhäuser,Los Angeles Clippers,2026,22.0,-0.9,-2.2,0.0,16.4,41
Yuki Kawamura,Memphis Grizzlies,2025,23.0,-1.9,-2.8,0.0,11.0,22
Yuki Kawamura,Chicago Bulls,2026,24.0,-1.0,-3.7,-0.1,11.4,18
Yuta Watanabe,Phoenix Suns,2024,29.0,-1.1,-6.0,-0.4,5.4,34
Yves Missi,New Orleans Pelicans,2025,20.0,-2.7,-3.0,-0.5,15.4,73
Yves Missi,New Orleans Pelicans,2026,21.0,-0.9,-1.7,0.1,15.0,66
Zaccharie Risacher,Atlanta Hawks,2025,19.0,-0.6,-3.5,-0.7,12.2,75
Zaccharie Risacher,Atlanta Hawks,2026,20.0,-2.2,-2.5,-0.2,11.8,67
Zach Collins,San Antonio Spurs,2024,26.0,-0.9,-2.0,0.0,14.3,69
Zach Collins,San Antonio Spurs,2025,27.0,-2.3,-0.1,0.2,14.4,64
Zach Collins,Chicago Bulls,2026,28.0,-0.2,0.2,0.1,17.9,10
Zach Edey,Memphis Grizzlies,2025,22.0,-1.3,-0.1,0.7,18.2,66
Zach Edey,Memphis Grizzlies,2026,23.0,0.3,0.5,0.2,20.7,11
Zach LaVine,Chicago Bulls,2024,28.0,1.0,0.1,0.5,15.1,25
Zach LaVine,Chicago Bulls,2025,29.0,0.1,1.6,1.3,18.4,74
Zach LaVine,Sacramento Kings,2026,30.0,-2.4,-1.5,0.2,14.7,39
Zeke Nnaji,Denver Nuggets,2024,23.0,-1.2,-3.7,-0.2,12.4,58
Zeke Nnaji,Denver Nuggets,2025,24.0,-2.9,-1.3,0.1,12.0,57
Zeke Nnaji,Denver Nuggets,2026,25.0,-2.3,-3.5,-0.3,10.3,52
Ziaire Williams,Memphis Grizzlies,2024,22.0,-2.1,-4.5,-0.6,9.3,51
Ziaire Williams,Brooklyn Nets,2025,23.0,-1.7,-2.3,-0.1,11.9,63
Ziaire Williams,Brooklyn Nets,2026,24.0,-0.8,-1.7,0.1,12.4,56
Zion Williamson,New Orleans Pelicans,2024,23.0,2.0,3.8,3.3,22.8,70
Zion Williamson,New Orleans Pelicans,2025,24.0,1.0,7.0,1.9,27.3,30
Zion Williamson,New Orleans Pelicans,2026,25.0,0.9,2.9,2.3,22.6,62
Zyon Pullin,Minnesota Timberwolves,2026,24.0,-2.5,-1.1,0.0,18.8,5
