Team,Player,Pos,Age,Status,Notes / Free-Agency,Salary 2026-27,Salary 2027-28,Salary 2028-29,Salary 2029-30,Salary 2030-31,Option 2026-27,Option 2027-28,Option 2028-29,Option 2029-30,Option 2030-31,Total 5yr,Years Under Contract
Atlanta Hawks,Jalen Johnson,SF,24,Active,UFA / $45.0M,30000000,30000000,30000000,30000000,,,,,,,120000000,4
Atlanta Hawks,Dyson Daniels,PG,23,Active,UFA / $37.5M,25000000,25000000,25000000,25000000,,,,,,,100000000,4
Atlanta Hawks,C.J. McCollum,SG,34,Active,Trade Kicker: 7.5%,21000000,,,,,,,,,,21000000,1
Atlanta Hawks,Luguentz Dort,SG,27,Active,UFA / $27.3M,17722222,,,,,Team Option,,,,,17722222,1
Atlanta Hawks,Onyeka Okongwu,C,25,Active,UFA / $25.3M,16120000,16880000,,,,,,,,,33000000,2
Atlanta Hawks,Nickeil Alexander-Walker,SG,27,Active,Trade Kicker: 7.5%,14403710,15161800,15919890,,,,,Player Option,,,45485400,3
Atlanta Hawks,Jock Landale,C,30,Active,UFA / $18.2M,14100000,,,,,,,,,,14100000,1
Atlanta Hawks,Corey Kispert,SF,27,Active,UFA / $24.7M,13975000,13025000,13025000,,,,,Team Option,,,40025000,3
Atlanta Hawks,Buddy Hield,SG,33,Active,UFA / $19.2M,9658536,10097560,,,,,Player Option,,,,19756096,2
Atlanta Hawks,Aaron Wiggins,SG,27,Active,UFA / $15.9M,8831776,7990655,7990665,,,,,Team Option,,,24813096,3
Atlanta Hawks,Kingston Flemings,PG,19,Active,RFA / $25.7M,7348680,7716120,8083680,10282440,,,,Team Option,Team Option,,33430920,4
Atlanta Hawks,Devin Carter,PG,24,Active,RFA / $22.1M,5158080,7370897,,,,,Team Option,,,,12528977,2
Atlanta Hawks,Zuby Ejiofor,C,22,Active,RFA / $16.1M,3453360,3626160,3798360,6445800,,,,Team Option,Team Option,,17323680,4
Atlanta Hawks,Asa Newell,PF,20,Active,RFA / $18.1M,3399480,3560880,6042814,,,,Team Option,Team Option,,,13003174,3
Atlanta Hawks,Mouhamed Gueye,PF,23,Active,UFA / $3.0M,2406205,,,,,Team Option,,,,,2406205,1
Atlanta Hawks,Ryan Nembhard,PG,23,Active,RFA / $2.9M,2150917,,,,,Team Option,,,,,2150917,1
Atlanta Hawks,Henri Veesaar,C,22,Active,UFA / $2.9M,1357763,2294370,2694363,2918152,,,,,,,9264648,4
Boston Celtics,Jayson Tatum,PF,28,Active,UFA / $73.7M,58456566,62786682,67116798,71446914,,,,,Player Option,,259806960,4
Boston Celtics,Paul George,SG,36,Active,UFA / $63.9M,54126380,56586670,,,,,Player Option,,,,110713050,2
Boston Celtics,Derrick White,PG,32,Active,Trade Kicker: 15%,30348000,32596000,34844000,,,,,Player Option,,,97788000,3
Boston Celtics,Mitchell Robinson,C,28,Active,UFA / $31.4M,15044000,15796200,16548400,,,,,,,,47388600,3
Boston Celtics,Sam Hauser,SF,28,Active,UFA / $22.1 M,10848215,11651785,12455356,,,,,,,,34955356,3
Boston Celtics,Payton Pritchard,PG,28,Active,UFA / $15.8 M,7767857,8303571,,,,,,,,,16071428,2
Boston Celtics,Ron Harper Jr.,SG,26,Active,UFA / $7.2M,3150752,3308290,3465828,3779359,,Team Option,,,,,13704229,4
Boston Celtics,Chris Cenac Jr,PF,19,Active,RFA / $14.8M,2988120,3137640,3287400,5930520,,,,Team Option,Team Option,,15343680,4
Boston Celtics,Hugo González,SF,20,Active,RFA / $16.6 M,2923560,3062640,5528065,,,,Team Option,Team Option,,,11514265,3
Boston Celtics,Luka Garza,C,27,Active,UFA / $2.6 M,2801346,,,,,,,,,,2801346,1
Boston Celtics,Baylor Scheierman,SG,25,Active,RFA / $14.9M,2744040,4952993,,,,,Team Option,,,,7697033,2
Boston Celtics,Neemias Queta,C,26,Active,UFA / $23.5M,2667944,12500000,13500000,14500000,15500000,Team Option,,,,,58667944,5
Boston Celtics,Mike Conley,PG,38,Active,UFA / $2.6M,2449421,,,,,,,,,,2449421,1
Boston Celtics,Jordan Walsh,SF,22,Active,UFA / $10.2M,2406205,5000000,5250000,5500000,,Team Option,,,,,18156205,4
Brooklyn Nets,Michael Porter Jr.,SF,28,Active,UFA / $42.7M,40806150,,,,,,,,,,40806150,1
Brooklyn Nets,Julius Randle,PF,31,Active,UFA / $53.7M,33333334,35802468,,,,,Player Option,,,,69135802,2
Brooklyn Nets,Terance Mann,SG,29,Active,UFA / $24.0M,15500000,16000000,,,,,,,,,31500000,2
Brooklyn Nets,Day'Ron Sharpe,C,24,Active,UFA / $19.0M,10000000,10000000,,,,Team Option,,,,,20000000,2
Brooklyn Nets,Moritz Wagner,C,29,Active,UFA / $12.7M,9000000,9450000,,,,,Mutual Option,,,,18450000,2
Brooklyn Nets,Keon Ellis,SG,26,Active,UFA / $12.0M,9000000,9000000,,,,,Mutual Option,,,,18000000,2
Brooklyn Nets,Mikel Brown Jr,G,20,Active,RFA / $30.6M,8787000,9226140,9666000,12256440,,,,Team Option,Team Option,,39935580,4
Brooklyn Nets,Egor Dëmin,PG,20,Active,RFA / $28.9M,7233720,7578240,9639522,,,,Team Option,Team Option,,,24451482,3
Brooklyn Nets,Noah Clowney,PF,22,Active,UFA / $16.2M,5414034,,,,,,,,,,5414034,1
Brooklyn Nets,Josh Minott,SF,23,Active,UFA / $8.9M,4500000,4500000,,,,Team Option,,,,,9000000,2
Brooklyn Nets,Nolan Traoré,PG,20,Active,RFA / $19.4M,4002000,4193040,6457282,,,,Team Option,Team Option,,,14652322,3
Brooklyn Nets,Drake Powell,SF,20,Active,RFA / $18.3M,3540600,3709320,6101832,,,,Team Option,Team Option,,,13351752,3
Brooklyn Nets,Ben Saraf,PG,20,Active,RFA / $17.2M,3028560,3172920,5720776,,,,Team Option,Team Option,,,11922256,3
Brooklyn Nets,Joshua Jefferson,PF,22,Active,RFA / $14.7M,2969520,3118560,3266880,5896680,,,,Team Option,Team Option,,15251640,4
Brooklyn Nets,Danny Wolf,PF,22,Active,RFA / $16.7M,2941440,3081840,5559640,,,,Team Option,Team Option,,,11582920,3
Charlotte Hornets,Coby White,PG,26,Active,UFA / $39.7M,26811593,24666667,22521740,,,,,,,,74000000,3
Charlotte Hornets,Naz Reid,C,26,Active,UFA / $42.7M,23275862,25000000,26724138,28448276,,,,,Player Option,,103448276,4
Charlotte Hornets,Grayson Allen,SG,30,Active,UFA / $29.1M,18125000,19375000,,,,,Player Option,,,,37500000,2
Charlotte Hornets,Brandon Miller,SF,23,Active,UFA / $37.8M,15104626,,,,,,,,,,15104626,1
Charlotte Hornets,Dennis Schröder,PG,32,Active,UFA / $23.3M,14809200,15514400,,,,,,,,,30323600,2
Charlotte Hornets,Grant Williams,PF,27,Active,UFA / $21.4M,14265750,,,,,,,,,,14265750,1
Charlotte Hornets,Dorian Finney-Smith,PF,33,Active,UFA / $25.4M,14196974,13335000,13335000,,,,,Player Option,,,40866974,3
Charlotte Hornets,Royce O'Neale,SF,33,Active,UFA / $23.0M,10875000,11625000,,,,,,,,,22500000,2
Charlotte Hornets,Kon Knueppel,SF,21,Active,RFA / $34.8M,10516560,11017560,13937214,,,,Team Option,Team Option,,,35471334,3
Charlotte Hornets,Tidjane Salaün,PF,21,Active,RFA / $10.4M,8237880,10445633,,,,,Team Option,,,,18683513,2
Charlotte Hornets,Hannes Steinbach,PF,20,Active,RFA / $21.3M,5227200,5488560,5750160,8516040,,,,Team Option,Team Option,,24981960,4
Charlotte Hornets,Christian Anderson Jr,G,20,Active,RFA / $18M,4257480,4470000,4683120,7202640,,,,Team Option,Team Option,,20613240,4
Charlotte Hornets,Pat Connaughton,SG,33,Active,UFA / $2.6M,3815861,,,,,Team Option,,,,,3815861,1
Charlotte Hornets,Liam McNeeley,SF,20,Active,RFA / $16.5M,2902080,3040320,5487778,,,,Team Option,Team Option,,,11430178,3
Charlotte Hornets,Moussa Diabate,PF,24,Active,UFA / $2.6M,2461462,,,,,,,,,,2461462,1
Charlotte Hornets,Ryan Kalkbrenner,C,24,Active,RFA / $3.1M,2411090,2525901,2735698,,,,,Team Option,,,7672689,3
Charlotte Hornets,Sion James,SF,23,Active,RFA / $3.1M,2411090,2525901,2735698,,,,,Team Option,,,7672689,3
Chicago Bulls,Josh Giddey,SG,23,Active,UFA / $37.5M,25000000,25000000,25000000,,,,,,,,75000000,3
Chicago Bulls,Nicolas Claxton,C,27,Active,UFA / $32.4M,23320738,21099720,,,,,,,,,44420458,2
Chicago Bulls,Norman Powell,SG,33,Active,UFA / $30M,21500000,22575000,,,,,,,,,44075000,2
Chicago Bulls,Patrick Williams,PF,24,Active,UFA / $27M,18000000,18000000,18000000,,,,,Player Option,,,54000000,3
Chicago Bulls,Isaac Okoro,SG,25,Active,UFA / $22.4M,11814814,,,,,,,,,,11814814,1
Chicago Bulls,Caleb Wilson,PF,20,Active,RFA / $37.2M,10683720,11217960,11752320,14866680,,,,Team Option,Team Option,,48520680,4
Chicago Bulls,Jalen Smith,PF,26,Active,UFA / $17.9M,9428571,,,,,,,,,,9428571,1
Chicago Bulls,Zach Collins,C,28,Active,UFA / $16.5M,8500000,8500000,,,,,,,,,17000000,2
Chicago Bulls,Tre Jones,PG,26,Active,UFA / $15.2M,8000000,8000000,,,,,Team Option,,,,16000000,2
Chicago Bulls,Rob Dillingham,PG,21,Active,RFA / $26.3M,6889320,8763216,,,,,Team Option,,,,15652536,2
Chicago Bulls,Matas Buzelis,SF,21,Active,RFA / $22.8M,5715360,7584283,,,,,Team Option,,,,13299643,2
Chicago Bulls,Noa Essengue,PF,19,Active,RFA / $24.7M,5701200,5972760,8230464,,,,,Team Option,,,19904424,3
Chicago Bulls,Dailyn Swain,SF,21,Active,RFA / $20.9M,4965480,5213760,5461920,8373120,,,,Team Option,Team Option,,24014280,4
Chicago Bulls,Leonard Miller,SF,22,Active,UFA / $3.0M,2406205,,,,,Team Option,,,,,2406205,1
Cleveland Cavaliers,Evan Mobley,PF,25,Active,Trade Kicker: 15%,50105628,53817156,57528684,61240212,,,,,,,222691680,4
Cleveland Cavaliers,Donovan Mitchell,SG,29,Active,UFA / $72M,50105628,60911900,65874852,70657804,75530756,,Player Option,,,,323080940,5
Cleveland Cavaliers,Jarrett Allen,C,28,Active,UFA / $48.9M,28000000,30240000,32480000,,,,,,,,90720000,3
Cleveland Cavaliers,Max Strus,SG,30,Active,UFA / $25.0M,16660836,,,,,,,,,,16660836,1
Cleveland Cavaliers,Sam Merrill,SG,30,Active,UFA / $20.0M,9160715,9839285,10517856,,,,,,,,29517856,3
Cleveland Cavaliers,Tre Mann,PG,25,Active,UFA / $15.2M,8000000,8000000,,,,,Team Option,,,,16000000,2
Cleveland Cavaliers,Jaylon Tyson,SG,23,Active,RFA / $16.9M,3658560,5641500,,,,,Team Option,,,,9300060,2
Cleveland Cavaliers,Mario Hezonja,SF,31,Active,UFA / $2.6M,2449421,,,,,,,,,,2449421,1
Cleveland Cavaliers,Thomas Bryant,C,29,Active,UFA / $2.6M,2449421,,,,,,,,,,2449421,1
Cleveland Cavaliers,Nae'Qwan Tomlin,F,25,Active,RFA / $3.3M,2411090,,,,,,,,,,2411090,1
Cleveland Cavaliers,Craig Porter Jr.,G,26,Active,UFA / $3.1M,2406205,,,,,Team Option,,,,,2406205,1
Cleveland Cavaliers,Tyrese Proctor,SG,22,Active,UFA / $3M,2150917,2525901,2735698,,,,,Team Option,,,7412516,3
Cleveland Cavaliers,Meleek Thomas,G,20,Active,UFA / $2.9M,1357763,2294370,2694363,2918152,,,,,,,9264648,4
Dallas Mavericks,Kyrie Irving,PG,34,Active,Trade Kicker: 15%,39491282,42416562,,,,,Player Option,,,,81907844,2
Dallas Mavericks,P.J. Washington,PF,27,Active,UFA / $36.9M,19813044,21398087,22983132,24568176,,,,,,,88762439,4
Dallas Mavericks,Klay Thompson,SG,36,Active,Trade Kicker: 15%,17460317,,,,,,,,,,17460317,1
Dallas Mavericks,Daniel Gafford,C,27,Active,Trade Kicker: 5%,17263584,18126763,18989942,,,,,,,,54380289,3
Dallas Mavericks,Santi Aldama,C,25,Active,UFA / $25.5M,17007043,17007043,,,,,Team Option,,,,34014086,2
Dallas Mavericks,Cooper Flagg,SF,19,Active,RFA / $47.9M,14517480,15208680,19178146,,,,Team Option,Team Option,,,48904306,3
Dallas Mavericks,Zaccharie Risacher,SF,21,Active,RFA / $43.6 M,13826040,17434637,,,,,Team Option,,,,31260677,2
Dallas Mavericks,Caleb Martin,SF,30,Active,UFA / $20.5M,10001494,9371351,,,,,Player Option,,,,19372845,2
Dallas Mavericks,Naji Marshall,SF,28,Active,UFA / $31.1M,9428571,18195600,17285820,16376040,,,,,,,61286031,4
Dallas Mavericks,Max Christie,SG,23,Active,UFA / $16.8M,8285714,8857143,,,,,Player Option,,,,17142857,2
Dallas Mavericks,Dereck Lively II,C,22,Active,RFA / $21.7M,7239131,,,,,,,,,,7239131,1
Dallas Mavericks,Morez Johnson Jr,PF,20,Active,RFA / $23.7M,6754800,7093080,7430640,9466680,,,,Team Option,Team Option,,30745200,4
Dallas Mavericks,Marcus Sasser,PG,25,Active,RFA / $15.6M,5198983,,,,,,,,,,5198983,1
Dallas Mavericks,Sergio De Larrea,PG,20,Active,RFA / $15.8M,3182280,3341280,3500880,6305040,,,,Team Option,Team Option,,16329480,4
Dallas Mavericks,Tarik Biberović,SF,25,Active,RFA / $4.0M,3000000,3000000,,,,,,,,,6000000,2
Dallas Mavericks,Moussa Cisse,F,23,Active,RFA / $3.5M,2185116,2571895,,,,,,,,,4757011,2
Denver Nuggets,Nikola Jokić,C,31,Active,Trade Kicker: 15%,59033114,62841702,,,,,Player Option,,,,121874816,2
Denver Nuggets,Jamal Murray,PG,29,Active,UFA / $79.2M,50105628,53817156,57528684,,,,,,,,161451468,3
Denver Nuggets,Aaron Gordon,PF,30,Active,Trade Kicker: 3%,31978037,34536280,37094523,,,,,Player Option,,,103608840,3
Denver Nuggets,Cameron Johnson,SF,30,Active,UFA / $34.6M,23062500,,,,,,,,,,23062500,1
Denver Nuggets,Christian Braun,SG,25,Active,UFA / $42.7M,21551726,23275863,25000000,26724137,28448274,,,,,,125000000,5
Denver Nuggets,Zeke Nnaji,PF,25,Active,UFA / $14.2M,7466667,7466667,,,,,Player Option,,,,14933334,2
Denver Nuggets,Spencer Jones,G,25,Active,UFA / $11.8M,6000000,5750000,,,,,,,,,11750000,2
Denver Nuggets,Julian Strawther,SG,24,Active,RFA / $14.5M,4826931,,,,,,,,,,4826931,1
Denver Nuggets,DaRon Holmes II,C,24,Active,RFA / $16.6M,3372120,5547138,,,,,Team Option,,,,8919258,2
Denver Nuggets,Marvin Bagley,PF,27,Active,UFA / $2.6M,2449421,,,,,,,,,,2449421,1
Denver Nuggets,Tyus Jones,PG,30,Active,UFA / $2.6M,2449421,,,,,,,,,,2449421,1
Denver Nuggets,Lonnie Walker IV,PG,27,Active,UFA / $2.6M,2449421,,,,,,,,,,2449421,1
Denver Nuggets,Trevon Brazile,F,23,Active,UFA / $2.6M,1357763,2294370,2694363,2918152,,,,,,,9264648,4
Denver Nuggets,Alpha Diallo,SF,29,Active,UFA / $1.4M,1357763,,,,,,,,,,1357763,1
Detroit Pistons,Cade Cunningham,PG,24,Active,UFA / $87.2M,50105628,53817156,57528684,61240212,,,,,,,222691680,4
Detroit Pistons,John Collins,PF,28,Active,UFA / $25.5M,17000000,17000000,17000000,,,,,,,,51000000,3
Detroit Pistons,Duncan Robinson,SF,32,Active,UFA / $22.7M,15992957,15151222,,,,,,,,,31144179,2
Detroit Pistons,Isaiah Joe,SG,27,Active,UFA / $18.5M,11323006,11323020,,,,,Team Option,,,,22646026,2
Detroit Pistons,Ausar Thompson,SG,23,Active,RFA / $33.4M,11117925,,,,,,,,,,11117925,1
Detroit Pistons,Kevin Huerter,SG,27,Active,UFA / $18.4M,9507042,8746479,8746479,,,,,,,,27000000,3
Detroit Pistons,Ron Holland II,SF,21,Active,RFA / $34.5M,9069600,11491183,,,,,Team Option,,,,20560783,2
Detroit Pistons,Paul Reed,C,27,Active,UFA / $16.8M,5602689,,,,,,,,,,5602689,1
Detroit Pistons,Ebuka Okorie,PG,19,Active,RFA / $18.9M,4481280,4705440,4929360,7571520,,,,Team Option,Team Option,,21687600,4
Detroit Pistons,Daniss Jenkins,G,25,Active,RFA / $5.4M,4000000,,,,,Team Option,,,,,4000000,1
Detroit Pistons,Javonte Green,SG,33,Active,UFA / $2.6M,3943679,,,,,,,,,,3943679,1
Detroit Pistons,Gary Harris,SG,31,Active,UFA / $2.6M,3815861,,,,,,,,,,3815861,1
Detroit Pistons,Taurean Prince,SF,32,Active,UFA / $2.5M,3815861,,,,,Player Option,,,,,3815861,1
Detroit Pistons,Tolu Smith III,F,26,Active,RFA / $3.3M,2411090,,,,,Team Option,,,,,2411090,1
Detroit Pistons,Chaz Lanier,SG,24,Active,UFA / $3M,2150917,2525901,2735698,,,,,Team Option,,,7412516,3
Golden State Warriors,Stephen Curry,PG,38,Active,UFA / $65.7M,62587158,,,,,,,,,,62587158,1
Golden State Warriors,Jimmy Butler,SF,36,Active,UFA / $65.5M,56832773,,,,,,,,,,56832773,1
Golden State Warriors,Draymond Green,PF,36,Active,Trade Kicker: 15%,27678571,,,,,,,,,,27678571,1
Golden State Warriors,Kristaps Porzingis,PF,31,Active,UFA / $30.0M,20000000,20000000,,,,,,,,,40000000,2
Golden State Warriors,Moses Moody,SG,24,Active,UFA / $20.9M,12500000,13425925,,,,,,,,,25925925,2
Golden State Warriors,Al Horford,C,40,Active,UFA / $13.6M,6822000,7163100,,,,Player Option,,,,,13985100,2
Golden State Warriors,Yaxel Lendeborg,PF,23,Active,RFA / $22.3M,6096240,6401280,6706200,8899080,,,,Team Option,Team Option,,28102800,4
Golden State Warriors,De'Anthony Melton,SG,28,Active,UFA / $10.9M,6064000,6367200,,,,Player Option,,,,,12431200,2
Golden State Warriors,Brandin Podziemski,SG,23,Active,RFA / $17.0M,5679459,,,,,,,,,,5679459,1
Golden State Warriors,Gui Santos,SF,24,Active,UFA / $10.2M,4629630,5000000,5370370,,,,,,,,15000000,3
Golden State Warriors,Charles Bassey,C,25,Active,UFA / $2.6M,2449421,,,,,,,,,,2449421,1
Golden State Warriors,Gary Payton II,PG,33,Active,UFA / $2.6M,2449421,,,,,,,,,,2449421,1
Golden State Warriors,Will Richard,G,25,Active,UFA / $2.8M,2150917,2525901,2735698,,,,,Team Option,,,7412516,3
Houston Rockets,Kevin Durant,SF,37,Active,UFA / $69.1M,43902439,46097561,,,,,Player Option,,,,90000000,2
Houston Rockets,Alperen Şengün,C,24,Active,UFA / $58.6M,35642202,37339450,39036697,39036697,,,,,,,151055046,4
Houston Rockets,Fred VanVleet,PG,32,Active,UFA / $37.5M,25000000,,,,,Player Option,,,,,25000000,1
Houston Rockets,Jabari Smith Jr.,PF,23,Active,UFA / $41.1M,23643411,21751940,23643411,25534883,27426355,,,,,,122000000,5
Houston Rockets,Tari Eason,PF,25,Active,Trade Kicker: 10%,14053356,15117624,16301892,17426160,18550428,,,,,,81449460,5
Houston Rockets,Steven Adams,C,33,Active,UFA / $22.6M,13000000,11869565,,,,,,,,,24869565,2
Houston Rockets,Amen Thompson,PG,23,Active,RFA / $36.8M,12258609,,,,,,,,,,12258609,1
Houston Rockets,Reed Sheppard,SG,22,Active,RFA / $35.1M,11108880,14041625,,,,,Team Option,,,,25150505,2
Houston Rockets,Clint Capela,C,32,Active,Trade Kicker: 5%,7035000,7370000,,,,,,,,,14405000,2
Houston Rockets,Marcus Smart,PG,32,Active,UFA / $8.3M,6064000,6367200,,,,,,,,,12431200,2
Houston Rockets,Jae’Sean Tate,SF,30,Active,UFA / $2.6M,2449421,,,,,,,,,,2449421,1
Houston Rockets,Bogdan Bogdanovic,SG,34,Active,UFA / $2.6M,2449421,,,,,Team Option,,,,,2449421,1
Houston Rockets,Isaiah Crawford,G,24,Active,UFA / $2.7M,2449421,2664401,,,,,,,,,5113822,2
Houston Rockets,Bruce Thornton,PG,22,Active,UFA / $2.9M,1357763,2294370,2694363,2918152,,,,,,,9264648,4
Indiana Pacers,Pascal Siakam,PF,32,Active,UFA / $72.3M,48924624,52298736,,,,,,,,,101223360,2
Indiana Pacers,Tyrese Haliburton,PG,26,Active,Trade Kicker: 15%,48924624,52298736,55672848,,,,,,,,156896208,3
Indiana Pacers,Ivica Zubac,C,29,Active,UFA / $31.5M,20342140,21790495,,,,,,,,,42132635,2
Indiana Pacers,Andrew Nembhard,PG,26,Active,UFA / $31.5M,19550160,20998320,,,,,,,,,40548480,2
Indiana Pacers,Obi Toppin,PF,28,Active,UFA / $24.7M,15000000,16025000,,,,,,,,,31025000,2
Indiana Pacers,Aaron Nesmith,SF,26,Active,Trade Kicker: 7.5%,11000000,19418000,20971440,,,,,,,,51389440,3
Indiana Pacers,T.J. McConnell,PG,34,Active,UFA / $22.4M,11000000,11800000,11800000,,,,,Team Option,,,34600000,3
Indiana Pacers,Jarace Walker,PF,22,Active,RFA / $25.4M,8478542,,,,,,,,,,8478542,1
Indiana Pacers,Kelly Oubre Jr.,SF,30,Active,UFA / $11.3M,8050000,8450000,,,,,,,,,16500000,2
Indiana Pacers,Ben Sheppard,SF,25,Active,RFA / $15.1M,5031669,,,,,,,,,,5031669,1
Indiana Pacers,Jay Huff,C,27,Active,UFA / $3.1M,2667944,3005085,,,,,Team Option,,,,5673029,2
Indiana Pacers,Quenton Jackson,G,27,Active,UFA / $2.8M,2584539,2934742,,,,,,,,,5519281,2
Indiana Pacers,Larry Nance Jr.,PF,33,Active,UFA / $2.6M,2449421,,,,,,,,,,2449421,1
Indiana Pacers,Johnny Furphy,SG,21,Active,UFA / $3.1M,2296271,2486995,,,,,Team Option,,,,4783266,2
Los Angeles Clippers,Darius Garland,PG,26,Active,UFA / $53.9M,42166510,44886930,,,,,,,,,87053440,2
Los Angeles Clippers,Brandon Ingram,SF,28,Active,UFA / $54.5M,40000000,41904762,,,,,Player Option,,,,81904762,2
Los Angeles Clippers,Rui Hachimura,PF,28,Active,UFA / $14.3M,14000000,14000000,,,,,,,,,28000000,2
Los Angeles Clippers,Derrick Jones Jr.,SF,29,Active,Trade Kicker: 5%,10476190,,,,,,,,,,10476190,1
Los Angeles Clippers,Keaton Wagler,SG,19,Active,RFA / $33.7M,9674760,10158240,10641960,13483320,,,,Team Option,Team Option,,43958280,4
Los Angeles Clippers,Brook Lopez,C,38,Active,UFA / $11.9M,9187500,,,,,Team Option,,,,,9187500,1
Los Angeles Clippers,Gradey Dick,SG,22,Active,RFA / $21.4M,7131511,,,,,,,,,,7131511,1
Los Angeles Clippers,Isaiah Jackson,PF,24,Active,UFA / $12.2M,7000000,6400000,,,,,,,,,13400000,2
Los Angeles Clippers,Bradley Beal,SG,33,Active,UFA / $12.8M,6424800,6746040,,,,,,,,,13170840,2
Los Angeles Clippers,Kris Dunn,PG,32,Active,UFA / $5.7M,5684800,,,,,,,,,,5684800,1
Los Angeles Clippers,Jordan Miller,SF,26,Active,UFA / $10.2M,5300000,5000000,5000000,,,Team Option,,,,,15300000,3
Los Angeles Clippers,Yanic Konan Niederhauser,PF,23,Active,RFA / $16.3M,2880960,3018480,5448356,,,,Team Option,Team Option,,,11347796,3
Los Angeles Clippers,Kobe Sanders,SG,24,Active,UFA / $5.9M,2622140,2753246,2884353,3019474,,,,,,,11279213,4
Los Angeles Clippers,Cameron Christie,SG,21,Active,UFA / $3.1M,2296271,2486995,,,,,Team Option,,,,4783266,2
Los Angeles Clippers,Johni Broome,C,24,Active,UFA / $0M,2150917,2525901,2735698,,,,,Team Option,,,7412516,3
Los Angeles Clippers,Baba Miller,PF,22,Active,UFA / $3.1M,1705630,2294370,2694363,2918152,,,,,,,9612515,4
Los Angeles Lakers,Luka Doncic,PG,27,Active,Trade Kicker: 15%,49488300,53447364,57406428,,,,,Player Option,,,160342092,3
Los Angeles Lakers,Austin Reaves,SG,28,Active,UFA / $60.2M,41240250,42954030,46253250,49552470,,,,,Player Option,,180000000,4
Los Angeles Lakers,Walker Kessler,C,25,Active,Trade Kicker: 15%,30108821,31614262,33109703,34625144,,,,,,,129457930,4
Los Angeles Lakers,Quentin Grimes,SG,26,Active,UFA / $30.5M,13953489,14651163,15348837,16046511,,,,,,,60000000,4
Los Angeles Lakers,Sandro Mamukelashvili,C,27,Active,UFA / $26.4M,13000000,12350000,13000000,13650000,,,,,,,52000000,4
Los Angeles Lakers,Jarred Vanderbilt,PF,27,Active,UFA / $19.9M,12428571,13285714,,,,,Player Option,,,,25714285,2
Los Angeles Lakers,Collin Sexton,PG,27,Active,UFA / $12.8M,9366000,9834300,,,,,,,,,19200300,2
Los Angeles Lakers,Jaden Hardy,SG,24,Active,UFA / $11.4M,6000000,6000000,,,,,Team Option,,,,12000000,2
Los Angeles Lakers,Jake LaRavia,PF,24,Active,UFA / $7.8M,6000000,,,,,,,,,,6000000,1
Los Angeles Lakers,Dalton Knecht,SF,25,Active,RFA / $19.4M,4201080,6452860,,,,,Team Option,,,,10653940,2
Los Angeles Lakers,Cameron Carr,SG,21,Active,RFA / $15.9M,3315360,3481080,3646800,6378240,,,,Team Option,Team Option,,16821480,4
Los Angeles Lakers,Kevon Looney,C,30,Active,UFA / $2.6M,2449421,,,,,,,,,,2449421,1
Los Angeles Lakers,Ziaire Williams,SF,24,Active,UFA / $2.6M,2449421,,,,,Team Option,,,,,2449421,1
Los Angeles Lakers,Matisse Thybulle,SG,29,Active,UFA / $2.6M,2449421,,,,,,,,,,2449421,1
Los Angeles Lakers,Bronny James,PG,21,Active,UFA / $3.1M,2296271,2486995,,,,,Team Option,,,,4783266,2
Los Angeles Lakers,Adou Thiero,SF,22,Active,RFA / $3.4M,2150917,2525901,,,,,Team Option,,,,4676818,2
Memphis Grizzlies,Jerami Grant,PF,32,Active,UFA / $54.6M,34206898,36413790,,,,,Player Option,,,,70620688,2
Memphis Grizzlies,Isaiah Stewart,C,25,Active,UFA / $26.6M,15000000,15000000,,,,,Team Option,,,,30000000,2
Memphis Grizzlies,Cameron Boozer,PF,19,Active,RFA / $41.2M,11849760,12441840,13034880,16476120,,,,Team Option,Team Option,,53802600,4
Memphis Grizzlies,Ty Jerome,SG,29,Active,Trade Kicker: 15%,9220050,9659100,,,,,Player Option,,,,18879150,2
Memphis Grizzlies,Quinten Post,C,26,Active,UFA / $19.9M,9000000,8550000,8550000,,,,,,,,26100000,3
Memphis Grizzlies,Taylor Hendricks,PF,22,Active,UFA / $23.0M,7805900,,,,,,,,,,7805900,1
Memphis Grizzlies,Zach Edey,C,24,Active,UFA / $24.2M,6332760,8067937,,,,,Team Option,,,,14400697,2
Memphis Grizzlies,Cedric Coward,SG,22,Active,RFA / $25M,6001080,6286920,8342743,,,,Team Option,Team Option,,,20630743,3
Memphis Grizzlies,D'Angelo Russell,PG,30,Active,UFA / $7.8M,5969250,,,,,,,,,,5969250,1
Memphis Grizzlies,Kris Murray,SF,25,Active,RFA / $15.9M,5315004,,,,,,,,,,5315004,1
Memphis Grizzlies,Walter Clayton Jr.,PG,23,Active,RFA / $20.3M,4190520,4190520,6752312,,,,Team Option,Team Option,,,15133352,3
Memphis Grizzlies,Taj Gibson,C,41,Active,UFA / $2.6M,3815861,,,,,,,,,,3815861,1
Memphis Grizzlies,Karim Lopez,F,19,Active,RFA / $16.4M,3746760,3934320,4121760,6565920,,,,Team Option,Team Option,,18368760,4
Memphis Grizzlies,A.J. Johnson,PG,21,Active,RFA / $16.5M,3237120,5493394,,,,,Team Option,,,,8730514,2
Memphis Grizzlies,Olivier-Maxence Prosper,PF,24,Active,UFA / $2.6M,2497812,,,,,Team Option,,,,,2497812,1
Memphis Grizzlies,Scotty Pippen Jr.,PG,25,Active,UFA / $3.1M,2461462,2789215,,,,,Team Option,,,,5250677,2
Memphis Grizzlies,Cam Spencer,SF,26,Active,UFA / $5.4M,2411090,2616754,2830685,,,,,Team Option,,,7858529,3
Memphis Grizzlies,G.G. Jackson,PF,21,Active,UFA / $2.8M,2406205,,,,,Team Option,,,,,2406205,1
Memphis Grizzlies,Jaylen Wells,SG,22,Active,UFA / $3.1M,2296271,2486995,,,,,Team Option,,,,4783266,2
Miami Heat,Giannis Antetokounmpo,PF,31,Active,Trade Kicker: 15%,58456566,62786682,,,,,Player Option,,,,121243248,2
Miami Heat,Bam Adebayo,C,29,Active,UFA / $66.8M,49488300,53447364,57406428,,,,,Player Option,,,160342092,3
Miami Heat,Andrew Wiggins,SF,31,Active,UFA / $32.3M,30169644,17000000,17000000,,,Player Option,,,,,64169644,3
Miami Heat,Nikola Jovic,PF,23,Active,UFA / $24.3M,16200000,14904000,15096000,16200000,,,,,,,62400000,4
Miami Heat,Bobby Portis,PF,31,Active,UFA / $23.4M,14521414,15597074,,,,,Player Option,,,,30118488,2
Miami Heat,Davion Mitchell,PG,28,Active,UFA / $23.6M,12400000,,,,,,,,,,12400000,1
Miami Heat,Tim Hardaway Jr.,SG,34,Active,UFA / $7.3M,6500000,,,,,,,,,,6500000,1
Miami Heat,Dru Smith,SG,27,Active,UFA / $2.7M,2584539,2934742,,,,,,,,,5519281,2
Miami Heat,Simone Fontecchio,SF,30,Active,UFA / $2.6M,2449421,,,,,,,,,,2449421,1
Miami Heat,Pelle Larson,SG,25,Active,RFA / $3.1M,2296271,,,,,,,,,,2296271,1
Miami Heat,Myron Gardner,G,25,Active,UFA / $3.4M,2150917,2525901,,,,Team Option,Team Option,,,,4676818,2
Miami Heat,Ryan Conwell,SG,22,Active,RFA / $3.3M,1357763,2294370,2694363,,,,,,,,6346496,3
Milwaukee Bucks,Tyler Herro,SG,26,Active,UFA / $48.9M,33000000,,,,,,,,,,33000000,1
Milwaukee Bucks,Myles Turner,C,30,Active,Trade Kicker: 15%,26584164,27850077,29115990,,,,,Player Option,,,83550231,3
Milwaukee Bucks,Kyle Kuzma,PF,31,Active,UFA / $31.4M,20490152,,,,,,,,,,20490152,1
Milwaukee Bucks,Gary Trent Jr.,SG,27,Active,UFA / $33.7M,15200000,16400000,16400000,16000000,,Player Option,,,,,64000000,4
Milwaukee Bucks,Caris LeVert,SG,31,Active,UFA / $19.3M,14809200,,,,,,,,,,14809200,1
Milwaukee Bucks,AJ Green,SG,26,Active,UFA / $23.7M,10044644,10848215,11651786,12455355,,,,,,,45000000,4
Milwaukee Bucks,Brayden Burries,SG,20,Active,RFA / $22.5M,6417360,6738000,7058520,8999640,,,,Team Option,Team Option,,29213520,4
Milwaukee Bucks,Jaime Jaquez Jr.,SF,25,Active,RFA / $17.8M,5939141,,,,,,,,,,5939141,1
Milwaukee Bucks,Ousmane Dieng,PF,23,Active,UFA / $11.9M,5750000,5750000,5750000,,,,,,,,17250000,3
Milwaukee Bucks,Nate Ament,SF,19,Active,RFA / $21.6M,5502000,5777280,6052200,8648640,,,,Team Option,Team Option,,25980120,4
Milwaukee Bucks,Kevin Porter Jr.,PG,26,Active,UFA / $10.2M,5390700,,,,,Player Option,,,,,5390700,1
Milwaukee Bucks,Kel’el Ware,C,22,Active,RFA / $21.4M,4654920,7135992,,,,,Team Option,,,,11790912,2
Milwaukee Bucks,Ryan Rollins,SG,24,Active,UFA / $7.4M,4000000,4000000,,,,,Player Option,,,,8000000,2
Milwaukee Bucks,Kasparas Jakucionis,PG,20,Active,RFA / $18.6M,3841680,4024440,6205687,,,,Team Option,Team Option,,,14071807,3
Milwaukee Bucks,Jericho Sims,C,27,Active,UFA / $2.6M,2801346,,,,,,,,,,2801346,1
Milwaukee Bucks,Pete Nance,PF,25,Active,UFA / $2.7M,2537526,2756912,,,,,,,,,5294438,2
Milwaukee Bucks,Bogolijub Marković,PF,21,Active,UFA / $2.6M,1357763,2294370,2694363,2918152,,,,,,,9264648,4
Minnesota Timberwolves,Anthony Edwards,SG,25,Active,Trade Kicker: 15%,48924624,52298736,55672848,,,,,,,,156896208,3
Minnesota Timberwolves,LaMelo Ball,PG,24,Active,UFA / $67.9M,41250000,44061760,46394040,,,,,,,,131705800,3
Minnesota Timberwolves,Rudy Gobert,C,34,Active,Trade Kicker: 7.5%,36500000,38000000,,,,,Player Option,,,,74500000,2
Minnesota Timberwolves,Jaden McDaniels,PF,25,Active,UFA / $44.7M,26200000,28006898,29813790,,,,,,,,84020688,3
Minnesota Timberwolves,Ayo Dosunmu,PG,26,Active,UFA / $38.2M,19310345,20855172,22400000,23944828,25489655,,,,,Player Option,112000000,5
Minnesota Timberwolves,Josh Green,SG,25,Active,UFA / $22.0M,14679012,,,,,,,,,,14679012,1
Minnesota Timberwolves,Donte DiVincenzo,SG,29,Active,UFA / $23.8M,12535000,,,,,,,,,,12535000,1
Minnesota Timberwolves,Joan Beringer,C,19,Active,RFA / $21.3M,4411200,4621200,7098163,,,,Team Option,Team Option,,,16130563,3
Minnesota Timberwolves,Jaylen Clark,SG,24,Active,UFA / $6.8M,3086420,3333333,3580427,,,,,,,,10000180,3
Minnesota Timberwolves,Terrence Shannon Jr.,SG,26,Active,RFA / $15.2M,2801640,5054159,,,,,Team Option,,,,7855799,2
Minnesota Timberwolves,Nah'Shon Hyland,PG,25,Active,UFA / $2.6M,2449421,,,,,,,,,,2449421,1
Minnesota Timberwolves,Trey Lyles,PF,30,Active,UFA / $2.6M,2449421,,,,,,,,,,2449421,1
Minnesota Timberwolves,Isaiah Evans,SG,20,Active,UFA / $2.6M,1357763,2294370,2694363,2918152,,,,,,,9264648,4
New Orleans Pelicans,Zion Williamson,PF,26,Active,UFA / $53.9M,42166510,44886930,,,,,,,,,87053440,2
New Orleans Pelicans,Jordan Poole,SG,27,Active,UFA / $51.3M,34044642,,,,,,,,,,34044642,1
New Orleans Pelicans,Dejounte Murray,PG,29,Active,UFA / $46.1M,32785071,30751701,,,,,Player Option,,,,63536772,2
New Orleans Pelicans,Trey Murphy III,SF,26,Active,UFA / $46.5M,27000000,29000000,31000000,,,,,,,,87000000,3
New Orleans Pelicans,Herb Jones,SF,27,Active,UFA / $36.3M,14898786,20858300,22526964,24195628,,,,,Player Option,,82479678,4
New Orleans Pelicans,Jeremiah Fears,PG,19,Active,RFA / $31.5M,7896240,8271960,10505389,,,,Team Option,Team Option,,,26673589,3
New Orleans Pelicans,Jordan Hawkins,SG,24,Active,RFA / $21.1M,7021895,,,,,,,,,,7021895,1
New Orleans Pelicans,Saddiq Bey,SF,27,Active,RFA / $12.2M,6557080,,,,,,,,,,6557080,1
New Orleans Pelicans,Derik Queen,C,21,Active,RFA / $24.3M,5416080,5673840,8107918,,,,Team Option,Team Option,,,19197838,3
New Orleans Pelicans,DeAndre Jordan,C,38,Active,UFA / $2.7M,3876529,4070355,,,,,,,,,7946884,2
New Orleans Pelicans,Yves Missi,C,22,Active,RFA / $16.8M,3512760,5595827,,,,,Team Option,,,,9108587,2
New Orleans Pelicans,Bryce McGowens,SG,23,Active,UFA / $2.7M,2584539,2934742,,,,,Team Option,,,,5519281,2
New Orleans Pelicans,Karlo Matkovic,PF,25,Active,RFA / $3.1M,2296271,,,,,Team Option,,,,,2296271,1
New Orleans Pelicans,Micah Peavy,SG,25,Active,UFA / $3M,2150917,2525901,2735698,,,,,Team Option,,,7412516,3
New York Knicks,Karl-Anthony Towns,C,30,Active,Trade Kicker: 10%,57078728,61015192,,,,,Player Option,,,,118093920,2
New York Knicks,OG Anunoby,SF,29,Active,Trade Kicker: 15%,42500000,45431034,48362068,,,,,Player Option,,,136293102,3
New York Knicks,Jalen Brunson,PG,29,Active,Trade Kicker: 15%,37739521,40535201,43330561,,,,,Player Option,,,121605283,3
New York Knicks,Mikal Bridges,SF,29,Active,Trade Kicker: 5.69%,33482145,36160714,38839285,41517856,,,,,Player Option,,150000000,4
New York Knicks,Josh Hart,SG,31,Active,UFA / $33.6M,20923760,22375280,,,,,Team Option,,,,43299040,2
New York Knicks,Landry Shamet,SG,29,Active,UFA / $12.6M,5490967,5737500,6162500,6587500,,,,,,,23978467,4
New York Knicks,Jose Alvarado,PG,28,Active,UFA / $9.8M,4439656,4794828,5150000,,,Team Option,,,,,14384484,3
New York Knicks,Miles McBride,PG,25,Active,UFA / $7.5M,3956523,,,,,,,,,,3956523,1
New York Knicks,Pacome Dadiet,SG,21,Active,RFA / $16.1M,2983680,5373608,,,,,Team Option,,,,8357288,2
New York Knicks,Mohamed Diawara,PF,21,Active,UFA / $6.0M,2622139,2753246,2884353,3019000,,,,,,,11278738,4
New York Knicks,Andre Drummond,C,33,Active,UFA / $2.6M,2449421,,,,,,,,,,2449421,1
New York Knicks,Jordan Clarkson,SG,34,Active,UFA / $2.6M,2449421,,,,,,,,,,2449421,1
New York Knicks,Tyler Kolek,PG,25,Active,RFA/$3.1M,2296271,2486995,,,,,Team Option,,,,4783266,2
Oklahoma City Thunder,Chet Holmgren,C,24,Active,UFA / $67.5M,41240250,44539470,47838690,51137910,54437130,,,,,Player Option,239193450,5
Oklahoma City Thunder,Jalen Williams,SF,25,Active,UFA / $67.5M,41240250,44539470,47838690,51137910,54437130,,,,,Player Option,239193450,5
Oklahoma City Thunder,Shai Gilgeous-Alexander,PG,28,Active,Trade Kicker: 15%,40806150,61792500,66735900,71679300,76622700,,,,,Player Option,317636550,5
Oklahoma City Thunder,Isaiah Hartenstein,C,28,Active,Trade Kicker: 15%,23148148,25000000,26851852,,,Team Option,,Mutual Option,,,75000000,3
Oklahoma City Thunder,Alex Caruso,SG,32,Active,UFA / $33.7M,19550160,20998320,22446480,,,,,,,,62994960,3
Oklahoma City Thunder,Jaylin Williams,C,24,Active,UFA / $14.8M,7774648,7774648,,,,,Team Option,,,,15549296,2
Oklahoma City Thunder,Cason Wallace,PG,22,Active,RFA / $22.3M,7420806,,,,,,,,,,7420806,1
Oklahoma City Thunder,Aday Mara,C,21,Active,RFA / $22M,5791680,6081480,6371160,8779440,,,,Team Option,Team Option,,27023760,4
Oklahoma City Thunder,Nikola Topic,PG,21,Active,RFA / $22.4M,5429760,7482210,,,,,Team Option,,,,12911970,2
Oklahoma City Thunder,Kenrich Williams,PF,31,Active,UFA / $9.5M,5000000,,,,,Team Option,,,,,5000000,1
Oklahoma City Thunder,Thomas Sorber,C,20,Active,RFA / $23.5M,4887720,5120400,7849573,,,,,Team Option,,,17857693,3
Oklahoma City Thunder,Bennett Stirtz,SG,22,Active,RFA / $19.9M,4717320,4953240,5189400,7960560,,,,Team Option,Team Option,,22820520,4
Oklahoma City Thunder,Jared McCain,PG,22,Active,RFA / $20.4M,4422600,6784268,,,,,Team Option,,,,11206868,2
Oklahoma City Thunder,Ajay Mitchell,PG,24,Active,UFA / $5.4M,2850000,2850000,,,,,Team Option,,,,5700000,2
Orlando Magic,Franz Wagner,SF,24,Active,UFA / $64.9M,41754690,44847630,47940570,51033510,,,,,,,185576400,4
Orlando Magic,Paolo Banchero,PF,23,Active,UFA / $67.5M,41240250,44539470,47838690,51137910,54450000,,,,,Team Option,239206320,5
Orlando Magic,Desmond Bane,SG,28,Active,UFA / $60.6M,39446090,42166510,44886930,,,,,,,,126499530,3
Orlando Magic,Jalen Suggs,SG,25,Active,UFA / $40.1M,32400000,29600000,26800000,26700000,,,,,,,115500000,4
Orlando Magic,Wendell Carter Jr.,C,27,Active,UFA / $22.2M,18102000,19550160,20998320,,,,,Team Option,,,58650480,3
Orlando Magic,Anthony Black,SG,22,Active,RFA / $30.3M,10106316,,,,,,,,,,10106316,1
Orlando Magic,Goga Bitadze,C,27,Active,UFA / $14.5M,7608696,,,,,,,,,,7608696,1
Orlando Magic,Tristan Da Silva,SF,25,Active,RFA / $18.4M,3991200,6138466,,,,,Team Option,,,,10129666,2
Orlando Magic,Jase Richardson,SG,20,Active,RFA / $17.7M,3132360,3282000,5910882,,,,Team Option,Team Option,,,12325242,3
Orlando Magic,Jamal Cain,SF,27,Active,UFA / $2.6M,2584539,,,,,Team Option,,,,,2584539,1
Orlando Magic,Nikola Vucevic,C,35,Active,UFA / $2.6M,2449421,,,,,,,,,,2449421,1
Orlando Magic,Jevon Carter,PG,30,Active,UFA / $2.6M,2449421,,,,,,,,,,2449421,1
Orlando Magic,Jonathan Isaac,PF,28,Active,UFA / $2.6M,2449421,,,,,,,,,,2449421,1
Orlando Magic,Noah Penda,C,21,Active,UFA / $3.0M,2150917,2525901,2735698,,,,,Team Option,,,7412516,3
Philadelphia 76ers,Joel Embiid,C,32,Active,UFA / $70.8M,57985752,62624612,67263472,,,,,Player Option,,,187873836,3
Philadelphia 76ers,Jaylen Brown,SF,29,Active,UFA / $79.2M,57736350,61672814,65609278,,,,,,,,185018442,3
Philadelphia 76ers,Tyrese Maxey,PG,25,Active,UFA / $67.9M,40770520,43582280,46394040,,,,,,,,130746840,3
Philadelphia 76ers,VJ Edgecombe,SG,21,Active,RFA / $46.3M,11663880,12219840,15445878,,,,Team Option,Team Option,,,39329598,3
Philadelphia 76ers,Dean Wade,PF,29,Active,UFA / $19.7M,9000000,9450000,9900000,10350000,,,,,,,38700000,4
Philadelphia 76ers,Anfernee Simons,SG,27,Active,UFA / $8.2M,6000000,6300000,,,,,,,,,12300000,2
Philadelphia 76ers,LeBron James,F,41,Active,Trade Kicker: 15%,3876529,4070355,,,,,,,,,7946884,2
Philadelphia 76ers,Labaron Philon,G,20,Active,RFA / $16.3M,3597120,3776760,3956760,6508920,,,,Team Option,Team Option,,17839560,4
Philadelphia 76ers,Dominick Barlow,PF,23,Active,Cannot be traded until 8/8/2026,3415000,,,,,Team Option,,,,,3415000,1
Philadelphia 76ers,Ariel Hukporti,C,24,Active,UFA / $4.1M,3400000,,,,,,,,,,3400000,1
Philadelphia 76ers,Jabari Walker,SF,24,Active,UFA / $2.6M,2584539,,,,,Team Option,,,,,2584539,1
Philadelphia 76ers,Kentavious Caldwell-Pope,SG,33,Active,UFA / $2.6M,2449421,,,,,,,,,,2449421,1
Philadelphia 76ers,Justin Edwards,SG,22,Active,UFA / $2.8M,2411090,2616754,,,,,Team Option,,,,5027844,2
Philadelphia 76ers,Adem Bona,C,23,Active,UFA / $3.1M,2296271,2486995,,,,,Team Option,,,,4783266,2
Phoenix Suns,Devin Booker,SG,29,Active,Trade Kicker: 10%,57078728,61015192,63669550,68763114,,,,,Player Option,,250526584,4
Phoenix Suns,Jalen Green,SG,24,Active,UFA / $54.0M,36251166,36000000,,,,,Player Option,,,,72251166,2
Phoenix Suns,Miles Bridges,SF,28,Active,UFA / $34.2M,22826087,,,,,,,,,,22826087,1
Phoenix Suns,Dillon Brooks,SF,30,Active,UFA / $39.2M,20992727,22530860,24333333,26135802,,,,,,,93992722,4
Phoenix Suns,Mark Williams,C,24,Active,UFA / $25.8M,11728395,12666667,13604938,,,,,,,,38000000,3
Phoenix Suns,Collin Gillespie,PG,27,Active,UFA / $19.5M,10714286,11571429,12428571,13285714,,,,,,,48000000,4
Phoenix Suns,Khaman Maluach,C,19,Active,RFA / $25.3M,6316680,6617160,8436880,,,,Team Option,Team Option,,,21370720,3
Phoenix Suns,Luke Kennard,SG,30,Active,UFA / $8.7M,6064000,6367200,,,,,,,,,12431200,2
Phoenix Suns,Jordan Goodwin,PG,27,Active,UFA / $12.9M,5864198,6333333,6802469,,,,,,,,19000000,3
Phoenix Suns,Koa Peat,F,19,Active,RFA / $14.5M,2926800,3073080,3219840,5811840,,,,Team Option,Team Option,,15031560,4
Phoenix Suns,Ryan Dunn,SF,23,Active,RFA / $15.1M,2784240,5025553,,,,,Team Option,,,,7809793,2
Phoenix Suns,Jamaree Bouyea,PG,27,Active,UFA / $2.6M,2584539,,,,,,,,,,2584539,1
Phoenix Suns,Oso Ighodaro,C,24,Active,UFA / $3.1M,2296271,2486995,,,,,Team Option,,,,4783266,2
Phoenix Suns,Rasheer Fleming,PF,22,Active,UFA / $3.0M,2150917,2525901,2735698,,,,,,,,7412516,3
Portland Trail Blazers,Ja Morant,PG,30,Active,Trade Kicker: 15%,42166510,44886930,,,,,,,,,87053440,2
Portland Trail Blazers,Jrue Holiday,PG,36,Active,UFA / $55.8M,34800000,37200000,,,,,Player Option,,,,72000000,2
Portland Trail Blazers,Shaedon Sharpe,SG,23,Active,Cannot be traded until 7/1/2026,20089287,21696429,23303571,24910713,,,,,,,90000000,4
Portland Trail Blazers,Toumani Camara,PF,26,Active,Cannot be traded until 7/1/2026,18080358,19526786,20973214,22419642,,,,,,,81000000,4
Portland Trail Blazers,Robert Williams III,C,28,Active,UFA / $29.9M,14000000,14500000,15000000,,,,,,,,43500000,3
Portland Trail Blazers,Scoot Henderson,PG,22,Active,RFA / $40.8M,13585523,,,,,,,,,,13585523,1
Portland Trail Blazers,Damian Lillard,PG,36,Active,No Trade Clause,13398000,14104000,,,,,Player Option,,,,27502000,2
Portland Trail Blazers,Deni Avdija,SF,25,Active,UFA / $22.6M,13125000,11875000,,,,,,,,,25000000,2
Portland Trail Blazers,Donovan Clingan,C,22,Active,RFA / $28.7M,7519920,9550298,,,,,Team Option,,,,17070218,2
Portland Trail Blazers,Yang Hansen,C,21,Active,RFA / $22.4M,4643520,4864920,7462788,,,,Team Option,Team Option,,,16971228,3
Portland Trail Blazers,Micah Potter,C,28,Active,UFA / $2.6M,2801346,,,,,Team Option,,,,,2801346,1
Portland Trail Blazers,Vit Krejci,PG,26,Active,UFA / $3.1 M,2667944,3005085,,,,,Team Option,,,,5673029,2
Portland Trail Blazers,Sidy Cissoko,SG,22,Active,RFA / $2.6M,2497812,,,,,,,,,,2497812,1
Portland Trail Blazers,Branden Carlson,C,27,Active,UFA / $2.6M,2449421,,,,,,,,,,2449421,1
Sacramento Kings,Zach LaVine,SG,31,Active,UFA / $56.6M,48967380,,,,,Player Option,,,,,48967380,1
Sacramento Kings,Domantas Sabonis,PF,30,Active,UFA / $72.9M,45472000,48608000,,,,,,,,,94080000,2
Sacramento Kings,De'Andre Hunter,SF,28,Active,UFA / $37.4M,24910714,,,,,,,,,,24910714,1
Sacramento Kings,Keegan Murray,PF,25,Active,Cannot be traded until 7/1/2026,24137936,26068965,27999999,29931033,31862068,,,,,,140000001,5
Sacramento Kings,Malik Monk,SG,28,Active,UFA / $38.6M,20190035,21582451,,,,,Player Option,,,,41772486,2
Sacramento Kings,Darius Acuff Jr,PG,19,Active,RFA / $28M,8021640,8422920,8823600,11205960,,,,Team Option,Team Option,,36474120,4
Sacramento Kings,Precious Achiuwa,PF,26,Active,UFA / $11.2M,5477000,5750850,,,,,,,,,11227850,2
Sacramento Kings,Nique Clifford,SG,24,Active,RFA / $17.9M,3263400,3418800,5979481,,,,Team Option,Team Option,,,12661681,3
Sacramento Kings,Alex Karaban,SF,23,Active,RFA / $14.6M,2948280,3095640,3243120,5853840,,,,Team Option,Team Option,,15140880,4
Sacramento Kings,Daeqwon Plowden,G,27,Active,UFA / $2.7M,2449421,2664401,,,,,,,,,5113822,2
Sacramento Kings,Maxime Raynaud,C,23,Active,RFA / $3.4M,2150917,2525901,,,,,Team Option,,,,4676818,2
Sacramento Kings,Dylan Cardwell,PF,24,Active,UFA / $2.8M,2150917,2525901,2735698,,,,Team Option,Team Option,,,7412516,3
Sacramento Kings,Emanuel Sharpe,SG,22,Active,RFA / $3.3M,1357763,2294370,2694363,,,,,,,,6346496,3
San Antonio Spurs,De'Aaron Fox,PG,28,Active,UFA / $70.2M,49488300,53447364,57406428,61365492,,,,,,,221707584,4
San Antonio Spurs,Devin Vassell,SG,25,Active,UFA / $54.9M,27500000,25108686,27500000,,,,,,,,80108686,3
San Antonio Spurs,Keldon Johnson,SF,26,Active,UFA / $26.3M,18000000,,,,,,,,,,18000000,1
San Antonio Spurs,Victor Wembanyama,C,22,Active,UFA / $72.5M,16868246,43508500,46989180,50469860,53950540,,,,,,211786326,5
San Antonio Spurs,Julian Champagnie,SF,25,Active,UFA / $27.8M,15350000,15000000,14650000,,,Team Option,,,,,45000000,3
San Antonio Spurs,Tobias Harris,PF,34,Active,UFA / $20.5M,15044000,15956000,,,,,,,,,31000000,2
San Antonio Spurs,Dylan Harper,PG,20,Active,RFA / $42.9M,12989040,13607760,17172994,,,,Team Option,Team Option,,,43769794,3
San Antonio Spurs,Luke Kornet,C,31,Active,UFA / $17.8M,10450000,9900000,9350000,,,,,Team Option,,,29700000,3
San Antonio Spurs,Stephon Castle,PG,21,Active,RFA / $38.0M,10015920,12670139,,,,,Team Option,,,,22686059,2
San Antonio Spurs,Harrison Barnes,PF,34,Active,UFA / $12.0M,8000000,,,,,,,,,,8000000,1
San Antonio Spurs,Carter Bryant,SF,20,Active,RFA / $24M,5145360,5390640,7983539,,,,Team Option,Team Option,,,18519539,3
San Antonio Spurs,Jayden Quaintance,C,19,Active,RFA / $16.6M,3902760,4097880,4292880,6619680,,,,Team Option,Team Option,,18913200,4
San Antonio Spurs,Tarris Reed Jr,C,23,Active,RFA / $15.3M,3076920,3230520,3384480,6102240,,,,Team Option,Team Option,,15794160,4
San Antonio Spurs,Jordan McLaughlin,PG,30,Active,UFA / $2.6M,2449421,,,,,,,,,,2449421,1
Toronto Raptors,Kawhi Leonard,SF,35,Active,Trade Kicker: 15%,50300000,,,,,,,,,,50300000,1
Toronto Raptors,Scottie Barnes,PF,25,Active,Trade Kicker: 15%,41754690,44847630,47940570,51033510,51033510,,,,,,236609910,5
Toronto Raptors,Immanuel Quickley,PG,27,Active,UFA / $52.5M,32500000,32500000,32500000,,,,,,,,97500000,3
Toronto Raptors,R.J. Barrett,SG,26,Active,UFA / $44.4M,29616071,,,,,,,,,,29616071,1
Toronto Raptors,Jakob Poeltl,C,30,Active,,19500000,27300000,29484000,27300000,27300000,,,,,,130884000,5
Toronto Raptors,Collin Murray-Boyles,PF,21,Active,RFA / $26.6M,6649560,6966000,8874684,,,,Team Option,Team Option,,,22490244,3
Toronto Raptors,Allen Graves,PF,20,Active,RFA / $17.2M,4065720,4268880,4472640,6887880,,,,Team Option,Team Option,,19695120,4
Toronto Raptors,Ja'Kobe Walter,SG,21,Active,RFA / $17.6M,3811800,5870172,,,,,Team Option,,,,9681972,2
Toronto Raptors,Kyle Anderson,SF,32,Active,UFA / $2.6M,2449421,,,,,,,,,,2449421,1
Toronto Raptors,Trayce Jackson-Davis,C,26,Active,UFA / $3.0M,2406205,,,,,Team Option,,,,,2406205,1
Toronto Raptors,Jamal Shead,PG,24,Active,RFA / $3.1M,2296271,,,,,Team Option,,,,,2296271,1
Toronto Raptors,Jamison Battle,SF,25,Active,RFA / $3.1M,2296271,,,,,,,,,,2296271,1
Toronto Raptors,Alijah Martin,G,24,Active,RFA / $2.7M,2185116,2571815,,,,,,,,,4756931,2
Utah Jazz,Jaren Jackson Jr.,PF,26,Active,UFA / $73.9M,49000000,50500000,52000000,53500000,,,,,Player Option,,205000000,4
Utah Jazz,Lauri Markkanen,PF,29,Active,UFA / $79.2M,46113154,49824681,53536209,,,,,,,,149474044,3
Utah Jazz,Darryn Peterson,SF,19,Active,RFA / $45.8M,13195320,13855320,14515320,18318360,,,,Team Option,Team Option,,59884320,4
Utah Jazz,Jusuf Nurkic,C,31,Active,UFA / $20.0M,11458333,10541667,,,,,,,,,22000000,2
Utah Jazz,Ace Bailey,SF,20,Active,RFA / $37.9M,9523080,9976560,12640302,,,,Team Option,Team Option,,,32139942,3
Utah Jazz,Keyonte George,SG,22,Active,RFA / $19.7M,6563925,,,,,,,,,,6563925,1
Utah Jazz,John Konchar,SG,30,Active,UFA / $11.7M,6165000,,,,,,,,,,6165000,1
Utah Jazz,Cody Williams,SG,21,Active,RFA / $23.0M,6015600,7669890,,,,,Team Option,,,,13685490,2
Utah Jazz,Jaxson Hayes,C,22,Active,UFA / $8.0M,6000000,6000000,,,,,,,,,12000000,2
Utah Jazz,Josh Okogie,SG,27,Active,UFA / $8.0M,6000000,6000000,,,,,,,,,12000000,2
Utah Jazz,Brice Sensabaugh,SF,22,Active,RFA / $14.6M,4862237,,,,,,,,,,4862237,1
Utah Jazz,Sviatoslav Mykhailiuk,SG,29,Active,UFA / $7.6M,3850000,4025000,,,,,Team Option,,,,7875000,2
Utah Jazz,Mo Bamba,C,28,Active,UFA / $2.7M,3506659,3700320,,,,,,,,,7206979,2
Utah Jazz,Kyle Filipowski,PF,22,Active,RFA / $15.7M,3000000,3000000,,,,,,,,,6000000,2
Utah Jazz,Isaiah Collier,PG,21,Active,RFA / $15.0M,2763960,4898948,,,,,,,,,7662908,2
Washington Wizards,Anthony Davis,C,33,Active,UFA / $66.9M,58456490,62786682,,,,,Player Option,,,,121243172,2
Washington Wizards,Trae Young,PG,27,Active,Trade Kicker: 7.5%,49488300,50478066,54437130,58396194,,,,,Team Option,,212799690,4
Washington Wizards,AJ Dybantsa,F,19,Active,RFA / $51.2M,14748000,15485760,16223040,20457240,,,,Team Option,Team Option,,66914040,4
Washington Wizards,Alex Sarr,PF,21,Active,RFA / $39.0M,12370680,15611798,,,,,Team Option,,,,27982478,2
Washington Wizards,Bilal Coulibaly,SF,22,Active,RFA / $27.7M,9240012,,,,,,,,,,9240012,1
Washington Wizards,Tre Johnson,SG,20,Active,RFA / $34.5M,8649600,9061680,11490211,,,,Team Option,Team Option,,,29201491,3
Washington Wizards,Deandre Ayton,C,28,Active,UFA / $10.5M,8104000,,,,,Player Option,,,,,8104000,1
Washington Wizards,Khris Middleton,SF,35,Active,UFA / $11.7M,5591122,5870678,6150234,,,,,,,,17612034,3
Washington Wizards,Cam Whitmore,SF,22,Active,RFA / $16.4M,5458310,,,,,,,,,,5458310,1
Washington Wizards,Bub Carrington,PG,21,Active,RFA / $21.8M,4900560,7257730,,,,,Team Option,,,,12158290,2
Washington Wizards,Will Riley,SF,20,Active,RFA / $18.5M,3688320,3864000,6155352,,,,Team Option,Team Option,,,13707672,3
Washington Wizards,Kyshawn George,SG,22,Active,RFA / $16.3M,3108000,5435892,,,,,Team Option,,,,8543892,2
Washington Wizards,Tristan Vukcevic,C,23,Active,UFA / $2.7M,3000000,3142857,,,,,Team Option,,,,6142857,2
Washington Wizards,Justin Champagnie,SF,25,Active,UFA / $2.8M,2667944,3005085,,,,,Team Option,,,,5673029,2
