Player,MP,Games
A.J. Green,29.1,78
A.J. Lawson,9.4,24
AJ Johnson,9.5,48
Aaron Gordon,27.9,36
Aaron Holiday,13.7,57
Aaron Nesmith,29.7,45
Aaron Wiggins,21.8,65
Ace Bailey,27.6,72
Adama-Alpha Bal,30.1,8
Adem Bona,17.4,71
Adou Thiero,6.0,25
Ajay Mitchell,25.8,57
Al Horford,21.5,45
Alex Antetokounmpo,3.5,6
Alex Caruso,18.2,56
Alex Morales,6.0,4
Alex Sarr,27.2,48
Alijah Martin,6.3,23
Alondes Williams,25.3,4
Alperen Şengün,33.3,72
Amari Williams,6.6,22
Amen Thompson,37.4,79
Amir Coffey,10.7,46
Andersson Garcia,33.8,5
Andre Drummond,19.5,63
Andre Jackson Jr.,8.5,48
Andrew Nembhard,31.3,57
Andrew Wiggins,30.3,68
Anfernee Simons,24.9,55
Anthony Black,29.8,64
Anthony Davis,31.3,20
Anthony Edwards,35.0,61
Anthony Gill,17.3,55
Antonio Reeves,6.8,10
Ariel Hukporti,9.2,54
Asa Newell,11.4,44
Ausar Thompson,26.0,73
Austin Reaves,34.5,51
Ayo Dosunmu,27.3,69
Bam Adebayo,32.4,73
Baylor Scheierman,18.6,77
Ben Saraf,20.8,44
Ben Sheppard,21.4,65
Bennedict Mathurin,30.0,54
Bez Mbeng,32.8,15
Bilal Coulibaly,26.2,56
Bismack Biyombo,5.6,25
Blake Hinson,20.4,14
Blake Wesley,11.6,31
Bobby Portis,24.2,67
Bobi Klintman,5.9,12
Bogdan Bogdanović,19.7,23
Bones Hyland,16.6,71
Bradley Beal,20.2,6
Branden Carlson,11.6,42
Brandin Podziemski,28.5,82
Brandon Clarke,10.0,2
Brandon Ingram,33.8,77
Brandon Miller,30.3,65
Brandon Williams,22.2,66
Brice Sensabaugh,23.5,75
Bronny James,8.9,42
Brook Lopez,21.8,75
Brooks Barnhizer,8.7,40
Bruce Brown,24.4,82
Bryce McGowens,21.0,42
Bub Carrington,27.7,82
Buddy Boeheim,3.8,4
Buddy Hield,16.1,51
CJ Huntley,10.0,4
CJ McCollum,29.8,76
Cade Cunningham,33.9,64
Caleb Houstan,4.2,18
Caleb Love,20.7,49
Caleb Martin,14.8,58
Cam Christie,8.7,55
Cam Spencer,23.8,72
Cam Thomas,21.0,42
Cam Whitmore,16.9,21
Cameron Johnson,30.5,54
Cameron Payne,17.0,22
Caris LeVert,19.2,60
Carter Bryant,11.5,71
Cason Wallace,26.6,77
Cedric Coward,25.8,62
Chaney Johnson,20.5,17
Charles Bassey,11.8,13
Chaz Lanier,7.7,34
Chet Holmgren,28.9,69
Chris Boucher,10.4,9
Chris Livingston,5.7,3
Chris Mañon,5.1,9
Chris Paul,14.3,16
Chris Youngblood,5.4,34
Christian Braun,31.8,44
Christian Koloko,13.2,27
Chucky Hepburn,6.5,2
Clint Capela,12.3,75
Coby White,25.0,50
Cody Martin,13.8,4
Cody Williams,24.3,67
Colby Jones,7.0,1
Cole Anthony,15.1,35
Colin Castleton,5.3,4
Collin Gillespie,28.5,80
Collin Murray-Boyles,21.9,57
Collin Sexton,23.7,68
Cooper Flagg,33.5,70
Corey Kispert,18.6,58
Cormac Ryan,24.6,11
Craig Porter Jr.,17.9,64
Curtis Jones,8.8,10
D'Angelo Russell,19.0,26
DaQuan Jeffries,20.0,3
DaRon Holmes,8.4,25
Daeqwon Plowden,26.4,32
Dalano Banton,10.3,6
Dalen Terry,11.5,48
Dalton Knecht,10.2,54
Daniel Gafford,21.7,55
Daniss Jenkins,20.2,72
Danny Wolf,20.8,57
Dario Šarić,8.2,5
Dariq Whitehead,30.5,6
Darius Brown II,3.0,1
Darius Garland,29.9,45
David Jones García,6.2,11
David Roddy,14.6,5
Davion Mitchell,28.6,70
Day'Ron Sharpe,18.7,62
De'Aaron Fox,31.0,72
De'Andre Hunter,26.1,45
De'Anthony Melton,23.0,49
DeAndre Jordan,16.6,12
DeJon Jarreau,21.0,11
DeMar DeRozan,31.2,77
Dean Wade,22.3,59
Deandre Ayton,27.2,72
Dejounte Murray,27.8,14
Deni Avdija,33.3,66
Dennis Schröder,24.2,70
Dereck Lively II,16.4,7
Derik Queen,25.0,81
Derrick Jones Jr.,27.0,50
Derrick White,34.1,77
Desmond Bane,33.6,82
Devin Booker,33.5,64
Devin Carter,18.4,38
Devin Vassell,30.5,67
Dillon Brooks,30.4,56
Dillon Jones,5.6,7
Domantas Sabonis,29.7,19
Dominick Barlow,23.8,71
Donovan Clingan,27.2,77
Donovan Mitchell,33.5,70
Donte DiVincenzo,30.4,82
Dorian Finney-Smith,16.8,37
Doug McDermott,15.1,29
Drake Powell,21.0,63
Draymond Green,27.5,68
Drew Eubanks,13.1,42
Drew Peterson,10.7,6
Drew Timme,8.7,27
Dru Smith,16.3,70
Duncan Robinson,27.4,77
Duop Reath,8.1,32
Dwight Powell,14.3,63
Dylan Cardwell,20.6,44
Dylan Harper,22.6,69
Dyson Daniels,33.2,76
E.J. Liddell,13.4,26
Egor Dëmin,25.2,52
Elijah Harkless,21.0,26
Emanuel Miller,6.6,5
Enrique Freeman,9.3,4
Eric Gordon,12.3,6
Ethan Thompson,20.4,32
Evan Mobley,31.9,65
Franz Wagner,30.0,34
GG Jackson II,21.4,55
Gabe Vincent,16.6,53
Garrett Temple,3.3,22
Garrison Mathews,13.1,15
Gary Harris,13.8,48
Gary Payton II,15.6,73
Gary Trent Jr.,21.2,65
Giannis Antetokounmpo,28.9,36
Goga Bitadze,15.2,64
Gradey Dick,14.0,76
Grant Nelson,8.8,4
Grant Williams,19.8,36
Grayson Allen,28.8,51
Guerschon Yabusele,15.0,67
Gui Santos,20.5,68
Harrison Barnes,25.8,77
Harrison Ingram,3.7,7
Hayden Gray,25.0,1
Haywood Highsmith,13.0,7
Herbert Jones,28.4,56
Hugo González,14.6,74
Hunter Dickinson,8.4,5
Hunter Sallis,3.7,7
Hunter Tyson,7.7,21
Immanuel Quickley,31.9,70
Isaac Jones,5.1,7
Isaac Okoro,26.9,63
Isaiah Collier,25.7,59
Isaiah Crawford,6.6,14
Isaiah Hartenstein,24.2,47
Isaiah Jackson,16.5,55
Isaiah Joe,21.2,71
Isaiah Livers,9.6,36
Isaiah Stevens,14.3,3
Isaiah Stewart,22.7,58
Ivica Zubac,30.1,48
JD Davison,7.8,28
Ja Morant,28.5,20
Ja'Kobe Walter,20.5,72
Jabari Smith Jr.,35.1,77
Jabari Walker,11.9,64
Jacob Toppin,3.4,5
Jaden Hardy,15.8,57
Jaden Ivey,18.1,37
Jaden McDaniels,31.7,73
Jae'Sean Tate,8.8,46
Jahmai Mashack,21.7,31
Jahmir Young,4.1,14
Jahmyl Telfort,4.0,8
Jaime Jaquez Jr.,28.3,75
Jake LaRavia,25.1,82
Jakob Poeltl,25.0,46
Jalen Brunson,35.0,74
Jalen Duren,28.2,70
Jalen Green,25.9,32
Jalen Johnson,35.2,72
Jalen Pickett,16.1,50
Jalen Slawson,23.9,13
Jalen Smith,20.7,53
Jalen Suggs,27.6,57
Jalen Williams,28.4,33
Jalen Wilson,15.9,54
Jamal Cain,12.2,40
Jamal Murray,35.4,75
Jamal Shead,22.6,82
Jamaree Bouyea,14.0,46
James Harden,34.8,70
James Wiseman,14.5,4
Jamir Watkins,20.6,50
Jamison Battle,8.5,61
Jarace Walker,25.7,76
Jared McCain,17.3,67
Jaren Jackson Jr.,30.3,48
Jarred Vanderbilt,17.4,65
Jarrett Allen,27.1,56
Jase Richardson,10.9,54
Javon Small,20.2,41
Javonte Cooke,4.9,19
Javonte Green,17.6,82
Jaxson Hayes,18.3,66
Jay Huff,21.0,82
Jaylen Brown,34.4,71
Jaylen Clark,13.1,68
Jaylen Wells,26.4,69
Jaylin Williams,19.6,65
Jaylon Tyson,26.9,66
Jayson Kent,4.4,5
Jayson Tatum,32.6,16
Jeff Green,5.8,30
Jerami Grant,29.7,57
Jeremiah Fears,25.8,82
Jeremiah Robinson-Earl,16.4,22
Jeremy Sochan,10.7,44
Jericho Sims,19.7,67
Jett Howard,12.6,55
Jevon Carter,16.4,53
Jimmy Butler,31.1,38
Joan Beringer,7.9,40
Jock Landale,22.1,68
Joe Ingles,5.7,27
Joel Embiid,31.6,38
John Collins,27.1,69
John Konchar,19.9,56
John Poulakidas,19.5,13
John Tonje,7.0,6
Johni Broome,5.0,11
Johnny Furphy,18.4,35
Johnny Juzang,4.2,21
Jonas Valančiūnas,13.4,65
Jonathan Isaac,10.0,52
Jonathan Kuminga,23.1,36
Jonathan Mogbo,6.2,40
Jordan Clarkson,17.8,72
Jordan Goodwin,22.5,70
Jordan Hawkins,13.6,51
Jordan McLaughlin,6.4,44
Jordan Miller,22.1,60
Jordan Poole,23.9,39
Jordan Walsh,17.8,68
Jose Alvarado,19.9,69
Josh Giddey,32.1,54
Josh Green,15.7,58
Josh Hart,30.2,66
Josh Minott,17.0,49
Josh Oduro,27.3,3
Josh Okogie,17.4,78
Jrue Holiday,29.4,53
Julian Champagnie,27.6,82
Julian Phillips,8.9,48
Julian Reese,30.9,13
Julian Strawther,15.1,57
Julius Randle,33.0,79
Justin Champagnie,20.0,69
Justin Edwards,15.3,64
Jusuf Nurkić,26.4,41
KJ Simpson,12.9,20
Kadary Richmond,22.3,3
Kam Jones,16.6,37
Karl-Anthony Towns,31.0,75
Karlo Matković,14.7,62
Kasparas Jakučionis,17.8,53
Kawhi Leonard,32.1,65
Keaton Wallace,10.1,53
Keegan Murray,34.5,23
Kel'el Ware,22.1,77
Keldon Johnson,23.3,82
Kelly Olynyk,8.6,42
Kelly Oubre Jr.,31.5,50
Kennedy Chandler,32.3,11
Kenrich Williams,15.3,56
Kentavious Caldwell-Pope,21.3,51
Keon Ellis,20.5,72
Keshad Johnson,8.8,32
Keshon Gilbert,18.5,4
Kevin Durant,36.4,78
Kevin Huerter,22.4,69
Kevin Love,16.6,37
Kevin McCullar Jr.,7.4,21
Kevin Porter Jr.,33.2,38
Kevon Looney,14.7,21
Keyonte George,33.1,54
Khaman Maluach,8.9,46
Khris Middleton,22.8,63
Killian Hayes,17.7,23
Klay Thompson,21.7,69
Kobe Brown,15.8,61
Kobe Bufkin,7.4,16
Kobe Sanders,19.9,68
Koby Brea,7.0,12
Kon Knueppel,31.5,81
Kris Dunn,27.2,82
Kris Murray,23.4,57
Kristaps Porziņģis,24.0,32
Kyle Anderson,19.8,43
Kyle Filipowski,23.4,77
Kyle Kuzma,26.2,69
Kyle Lowry,8.4,14
Kyshawn George,29.0,48
LJ Cryer,16.2,18
LaMelo Ball,28.0,72
Lachlan Olbrich,9.3,37
Landry Shamet,23.0,51
Larry Nance Jr.,12.8,35
Lauri Markkanen,34.4,42
Lawson Lovering,24.5,2
LeBron James,33.2,60
Leaky Black,28.9,15
Leonard Miller,15.6,46
Liam McNeeley,11.9,31
Lindy Waters III,7.1,40
Lonzo Ball,20.8,35
Lucas Williamson,32.0,7
Luguentz Dort,26.8,69
Luka Dončić,35.8,64
Luka Garza,16.2,69
Luke Kennard,21.6,78
Luke Kornet,21.0,68
Luke Travers,8.6,12
Mac McClung,12.3,11
Malachi Smith,23.9,15
Malaki Branham,9.8,28
Malevy Leons,11.0,25
Malik Monk,22.0,62
MarJon Beauchamp,14.0,14
Marcus Sasser,12.0,38
Marcus Smart,28.5,62
Mark Sears,3.7,7
Mark Williams,23.6,60
Markelle Fultz,7.2,5
Marvin Bagley III,20.0,60
Mason Plumlee,8.6,20
Matas Buzelis,29.2,77
Matisse Thybulle,16.0,30
Max Christie,29.1,77
Max Shulga,3.3,11
Max Strus,24.0,12
Maxi Kleber,10.7,43
Maxime Raynaud,26.5,74
Micah Peavy,15.0,61
Micah Potter,19.3,47
Michael Porter Jr.,32.5,52
Mikal Bridges,32.8,82
Mike Conley,18.4,54
Miles Bridges,31.0,77
Miles Kelly,9.6,14
Miles McBride,26.3,41
Mitchell Robinson,19.6,60
Mo Bamba,11.0,4
Mohamed Diawara,9.2,69
Monte Morris,10.8,6
Moritz Wagner,11.9,36
Moses Moody,25.7,60
Mouhamadou Gueye,22.5,2
Mouhamed Gueye,15.3,77
Moussa Cisse,13.9,38
Moussa Diabaté,26.0,73
Myles Turner,26.9,71
Myron Gardner,9.1,45
N'Faly Dante,3.8,4
Nae'Qwan Tomlin,15.7,64
Naji Marshall,29.5,74
Nate Williams,17.1,14
Naz Reid,26.1,77
Neemias Queta,25.3,76
Nic Claxton,27.8,69
Nick Richards,14.6,48
Nick Smith Jr.,12.5,30
Nickeil Alexander-Walker,33.4,78
Nicolas Batum,17.5,74
Nigel Hayes-Davis,7.2,27
Nikola Jokić,34.8,65
Nikola Jović,17.2,47
Nikola Topić,16.0,10
Nikola Vučević,28.4,64
Nique Clifford,25.1,75
Noa Essengue,3.0,2
Noah Clowney,27.0,66
Noah Penda,12.8,59
Nolan Traoré,22.2,56
Norchad Omier,4.0,6
Norman Powell,29.6,58
OG Anunoby,33.2,67
Obi Toppin,17.7,24
Ochai Agbaji,15.7,62
Olivier Sarr,9.8,4
Olivier-Maxence Prosper,18.6,53
Omer Yurtseven,11.6,9
Onyeka Okongwu,31.0,74
Orlando Robinson,6.3,4
Oscar Tshiebwe,16.6,27
Oso Ighodaro,22.0,82
Ousmane Dieng,19.3,57
P.J. Washington,31.0,56
PJ Hall,11.3,19
Pacôme Dadiet,4.7,29
Paolo Banchero,34.8,72
Pascal Siakam,33.2,62
Pat Connaughton,7.1,42
Pat Spencer,18.6,66
Patrick Baldwin Jr.,11.3,9
Patrick Williams,20.5,72
Paul George,30.7,37
Paul Reed,13.9,65
Payton Pritchard,32.4,79
Payton Sandfort,15.8,4
Pelle Larsson,26.4,70
Pete Nance,15.7,47
Peyton Watson,29.6,54
Precious Achiuwa,23.9,73
Quentin Grimes,29.4,75
Quenton Jackson,18.3,49
Quinten Post,17.3,67
RJ Barrett,30.3,57
Rasheer Fleming,12.2,55
RayJ Dennis,12.1,17
Rayan Rupert,16.8,64
Reed Sheppard,26.2,82
Riley Minix,6.4,9
Rob Dillingham,14.9,65
Robert Williams,17.1,59
Rocco Zikarsky,7.2,5
Ron Harper Jr.,11.0,29
Ron Holland,19.9,78
Royce O'Neale,28.4,78
Rudy Gobert,31.3,76
Rui Hachimura,28.3,68
Russell Westbrook,29.0,64
Ryan Dunn,19.4,70
Ryan Kalkbrenner,21.4,69
Ryan Nembhard,19.5,60
Ryan Rollins,32.1,74
Saddiq Bey,31.2,72
Sam Hauser,24.8,78
Sam Merrill,26.5,52
Sandro Mamukelashvili,21.9,80
Santi Aldama,27.9,43
Scoot Henderson,24.9,30
Scottie Barnes,33.5,80
Scotty Pippen Jr.,21.2,10
Sean Pedulla,4.4,7
Seth Curry,13.3,10
Shaedon Sharpe,29.4,50
Shai Gilgeous-Alexander,33.2,68
Sharife Cooper,17.1,41
Sidy Cissoko,19.1,75
Simone Fontecchio,16.8,70
Sion James,22.5,82
Skal Labissière,12.7,3
Spencer Jones,22.1,64
Stanley Umude,3.5,2
Stephen Curry,30.9,43
Stephon Castle,30.0,68
Steven Adams,22.8,32
Svi Mykhailiuk,23.1,50
T.J. McConnell,17.2,56
Taelon Peter,12.9,38
Taj Gibson,9.7,10
Tari Eason,25.8,60
Taurean Prince,23.5,26
Taylor Hendricks,18.9,59
Terance Mann,24.3,63
Terrence Shannon Jr.,12.5,43
Thanasis Antetokounmpo,4.4,34
Thomas Bryant,12.2,60
Tidjane Salaün,15.5,37
Tim Hardaway Jr.,26.6,80
Tobias Harris,27.7,63
Toby Okani,36.2,6
Tolu Smith,9.1,15
Tony Bradley,11.0,41
Tosan Evbuomwan,1.6,5
Toumani Camara,33.3,82
Trae Young,25.6,15
Trayce Jackson-Davis,9.4,53
Tre Johnson,24.1,60
Tre Jones,27.0,65
Tre Mann,12.6,53
Tre Scott,30.3,6
Trendon Watford,16.3,53
Trentyn Flowers,3.0,2
Trevor Keels,1.9,8
Trey Alexander,12.3,9
Trey Jemison,6.3,13
Trey Murphy III,35.5,66
Tristan Da Silva,24.7,77
Tristan Enaruna,9.4,9
Tristan Vukcevic,13.7,49
Tristen Newton,12.0,1
Ty Jerome,22.6,15
TyTy Washington Jr.,5.5,16
Tyler Burton,25.6,12
Tyler Herro,31.3,33
Tyler Kolek,11.7,62
Tyler Smith,13.8,12
Tyrese Martin,16.9,46
Tyrese Maxey,38.0,70
Tyrese Proctor,10.9,50
Tyson Etienne,15.8,24
Tyus Jones,14.6,67
VJ Edgecombe,35.0,75
Victor Wembanyama,29.2,64
Vince Williams Jr.,20.5,40
Vladislav Goldin,2.7,9
Vít Krejčí,21.4,65
Walker Kessler,30.8,5
Walter Clayton,20.4,69
Wendell Carter Jr.,29.3,78
Wendell Moore Jr.,10.0,6
Will Richard,20.0,69
Will Riley,22.1,74
Xavier Tillman Sr.,6.1,30
Yang Hansen,7.0,43
Yanic Konan Niederhäuser,10.3,41
Yuki Kawamura,11.6,18
Yves Missi,19.7,66
Zaccharie Risacher,22.4,67
Zach Collins,18.4,10
Zach Edey,25.8,11
Zach LaVine,31.4,39
Zeke Nnaji,12.0,52
Ziaire Williams,22.9,56
Zion Williamson,29.7,62
Zyon Pullin,8.6,5
